product_name,confidence%,option_1,option_2,owner_decision
MASTI BUTTER MILK 200ml AMUL tetra,68.33,Dairy,Beverages,
MASTI BUTTER MILK 1Lt AMUL,68.33,Dairy,Beverages,
ALMONDO BAR 35g CHOCOLATE AMUL,62.87,Confectionery,Dairy,
UHT BUTTER MILK 180ML MILKY MIST,59.8,Dairy,Beverages,
TABLE BUTTER SALTED 200G MILKY MIST,59.8,Dairy,Beverages,
TABLE BUTTER SALTED 100g MILKY MIST,59.8,Dairy,Beverages,
TABLE BUTTER CHIPLITE MILKY MIST,59.8,Dairy,Beverages,
SPICE BUTTER MILK 200ml UHT AKSHAYA KALPA,59.8,Dairy,Beverages,
SET CURD 400g MILKY MIST,59.8,Dairy,Beverages,
SET CURD 200g MILKY MIST,59.8,Dairy,Beverages,
SET CURD 1kg BUCKET MILKY MIST,59.8,Dairy,Beverages,
PLAIN BUTTER MILK 200ML UHT AKSHAYA KALPA,59.8,Dairy,Beverages,
MOZZARELLA CHEESE 200g MILKY MIST,59.8,Dairy,Beverages,
GHEE 200ML PET JAR MILKY MIST,59.8,Dairy,Beverages,
CURD POUCH 400g MILKY MIST,59.8,Dairy,Beverages,
CURD 135g POUCH MILKY MIST,59.8,Dairy,Beverages,
COW GHEE 500ml PET JAR MILKYMIST,59.8,Dairy,Breakfast,
COOKING UNSALTED BUTTER 500g MILKY MIST,59.8,Dairy,Breakfast,
COOKING BUTTER UNSALTED 200g MILKY MIST,59.8,Dairy,Beverages,
COOKING BUTTER 100G MILKY MIST,59.8,Dairy,Beverages,
COCONUT MILK YOGURT-BLUEBERRY EPIGAMIA,59.8,Dairy,Beverages,
CHEESE SPREAD PEPPER 200g MILKY MIST,59.8,Dairy,Beverages,
CHEESE SPREAD NATURAL OR PLAIN 200g MILKYMIST,59.8,Dairy,Beverages,
CHEESE SPREAD GARLI 200g MILKY MIST,59.8,Dairy,Beverages,
CHEESE SLICES 200g MILKYMIST,59.8,Dairy,Beverages,
CHEESE SLICE 100G MILKY MIST,59.8,Dairy,Beverages,
CHEESE CUBES 200g MILKY MIST,59.8,Dairy,Beverages,
CHEESE CUBES 120g MILKY MIST,59.8,Dairy,Beverages,
CHEESE BLOCK 200G MILKY MIST,59.8,Dairy,Beverages,
CHEDDAR CHEESE 200g MILKY MIST,59.8,Dairy,Beverages,
BUTTER MILK SPICED 200ml POUCH AKSHAYA KALPA,59.8,Dairy,Beverages,
BUTTER MILK PLAIN 200ml POUCH AKSHAYA KALPA,59.8,Dairy,Beverages,
BUTTER MILK 170ML HERITAGE SACHET,59.8,Dairy,Beverages,
MILK CHOCOLATE SMOOTH N CREAMY 150g AMUL,55.0,Dairy,Beverages,
WATERMELON JUICE,51.67,Beverages,Snacks,
