product_name,confidence%,option_1,option_2,owner_decision
MILKSHAKE CHOCOLATE 180ml EPIGAMIA,72.78,Beverages,Snacks,
PANEER 200g SINGLE BLOCK MILKY MIST,71.39,Dairy,Beverages,
MILK CHOCOLATE SMOOTH N CREAMY 150g AMUL,71.39,Dairy,Beverages,
LASSI 200ml MILKY MIST UHT ROSE,71.39,Dairy,Beverages,
FULL CREAM MILK 500ml HERITAGE,71.39,Dairy,Beverages,
FRESH CREAM 250ml UHT MILKY MIST,71.39,Dairy,Beverages,
THIS IS CARAMEL CREAMY COFFEE22g CONTINENTAL,70.0,Beverages,Snacks,
THIS CREAMY COFFEE MOCHA 22g CONTINENETAL,70.0,Beverages,Snacks,
PINE APPLE JUICE,70.0,Beverages,Snacks,
PAPPAYA JUICE,70.0,Beverages,Snacks,
NAGPUR ORANGE JUICE,70.0,Beverages,Snacks,
Mango Juices,70.0,Beverages,Snacks,
MUSK MELON JUICE,70.0,Beverages,Snacks,
MOUSAMBI JUICE,70.0,Beverages,Snacks,
MANGO JUICE,70.0,Beverages,Snacks,
LEMON JUICE,70.0,Beverages,Snacks,
KEERA JUICE,70.0,Beverages,Snacks,
JUBJUB GUAVA JUICE,70.0,Beverages,Snacks,
JIVIKA NATURALS PEANUT BUTTER500GMS,70.0,Dairy,Beverages,
GRAPE JUICE,70.0,Beverages,Snacks,
DRAGAN FRUIT JUICE,70.0,Beverages,Snacks,
CRUNCHY BANANA CHIPS 100g FLYBERRY,70.0,Snacks,Beverages,
CREAMY COFFEE HAZELNUT 22g CONTINENTAL,70.0,Beverages,Snacks,
COW GHEE 350g SIDS FARM,70.0,Dairy,Beverages,
CHICOOS SAPOTA JUICE,70.0,Beverages,Snacks,
CARROT N BEETROOT JUICE,70.0,Beverages,Snacks,
CARROT JUICE,70.0,Beverages,Snacks,
Beetroot Juice,70.0,Beverages,Snacks,
BUFFALO GHEE 350g SIDS FARM,70.0,Dairy,Beverages,
BANANAJUICE,70.0,Beverages,Snacks,
AVOCADO JUICE,70.0,Beverages,Snacks,
ASH GOURD JUICE,70.0,Beverages,Snacks,
ANJUR JUICE,70.0,Beverages,Snacks,
ABC CANE JUICE,70.0,Beverages,Snacks,
SPICE BUTTER MILK 200ml UHT AKSHAYA KALPA,69.0,Dairy,Beverages,
PLAIN BUTTER MILK 200ML UHT AKSHAYA KALPA,69.0,Dairy,Beverages,
COCONUT MILK YOGURT-BLUEBERRY EPIGAMIA,69.0,Dairy,Beverages,
CHEESE SPREAD NATURAL OR PLAIN 200g MILKYMIST,69.0,Dairy,Snacks,
CHEESE SLICES 200g MILKYMIST,69.0,Dairy,Snacks,
BUTTER MILK SPICED 200ml POUCH AKSHAYA KALPA,69.0,Dairy,Beverages,
BUTTER MILK PLAIN 200ml POUCH AKSHAYA KALPA,69.0,Dairy,Beverages,
WATER MELON PLATE,64.44,Beverages,Snacks,
WATER APPLE BOX,64.44,Beverages,Snacks,
VITAMIN D3 IMMUNITY BOOSTER 30PC PACK ABHI EGGS,64.44,Dairy,Beverages,
NUTRI+ WITH IMMUNITY BOOSTERS - 30 EGGS TRAY ABHI EGGS,64.44,Dairy,Beverages,
KINLEY WATER 1Lt,64.44,Beverages,Snacks,
KINELY WATER 500ml,64.44,Beverages,Snacks,
DR GOOD EGGS CAROTENOID 30 PACK,64.44,Dairy,Beverages,
BAMBINO ROASTED VERMICELLI 800G,64.44,Snacks,Beverages,
BAILLEY WATER  500ML,64.44,Beverages,Snacks,
BAILLEY  WATER 1LTR,64.44,Beverages,Snacks,
TOTAL CURD 120GMS HERITAGE,63.06,Dairy,Beverages,
TONED MILK 500ml HERITAGE,63.06,Dairy,Beverages,
TABLE BUTTER 500G HERITAGE,63.06,Dairy,Beverages,
TABLE BUTTER 100g HERITAGE,63.06,Dairy,Beverages,
STRAWBERRY FLAVOURED MILK 180ML HERITAGE,63.06,Dairy,Beverages,
SPECIAL LONG LIFE COW MILK 180ML HERITAGE,63.06,Dairy,Beverages,
SPECIAL  LONG LIFE MILK 500ML HERITAGE,63.06,Dairy,Beverages,
SHRIKAND MANGO 100g MILKY MIST,63.06,Dairy,Beverages,
SHRIKAND ELAICHI 100g MILKY MIST,63.06,Dairy,Beverages,
PISTA FLAVOURED MILK 200ML HERITAGE,63.06,Dairy,Beverages,
PASTEURISED BUTTER 100g AMUL,63.06,Dairy,Beverages,
MILK SHAKE VANILLA 180ML MILKY MIST,63.06,Dairy,Beverages,
MILK SHAKE STRAWBERRY 180ML MILKY MIST,63.06,Dairy,Beverages,
MILK SHAKE STRAWBERRY 180ML HERITAGE,63.06,Dairy,Beverages,
GULAB JAM MIX 200g MILKY MIST,63.06,Dairy,Beverages,
GREEK YOGHURT 100g MILKY MIST,63.06,Dairy,Beverages,
GREEK HONEY AND FIG YOGHURT 100g MILKY MIST,63.06,Dairy,Beverages,
GREEK CEREALS YOGHURT 100g MILKY MIST,63.06,Dairy,Beverages,
CURD TUB 1KG HERITAGE,63.06,Dairy,Beverages,
CURD CUP 400GHERITAGE,63.06,Dairy,Beverages,
CURD CUP 200G HERITAGE,63.06,Dairy,Beverages,
CURD 500g POUCH HERITAGE,63.06,Dairy,Beverages,
COW MILK 500ml GOLDEN HERITAGE,63.06,Dairy,Beverages,
COW GHEE 200ml JAR AMUL HIGH AROMA,63.06,Dairy,Beverages,
COOKING BUTTER 200G HERITAGE,63.06,Dairy,Beverages,
COOKING BUTTER 100g AMUL UNSALTED,63.06,Dairy,Beverages,
CHEESE SPREAD GARLIC200G AMUL,63.06,Dairy,Beverages,
CHEESE SPREAD 200g AMUL,63.06,Dairy,Beverages,
CHEESE SLICES 200g HERITAGE,63.06,Dairy,Beverages,
CHEESE SLICES 200g AMUL 10PC PACK,63.06,Dairy,Beverages,
CHEESE SLICES 100g HERITAGE,63.06,Dairy,Beverages,
CHEESE SLICES 100g AMUL 5PC PACK,63.06,Dairy,Beverages,
CHEESE EASY OPEN CHIPLET CUBES 60X8X25g AMUL,63.06,Dairy,Beverages,
CHEESE CUBES 120g HERITAGE,63.06,Dairy,Beverages,
CHEESE BLOCK 200G HERITAGE,63.06,Dairy,Beverages,
BUTTER SCHOOL PACK 100g AMUL,63.06,Dairy,Beverages,
BUTTER GARLIC N HERBS 100g AMUL,63.06,Dairy,Beverages,
BRITANNIA MILK BIKIS 71GM,63.06,Dairy,Beverages,
BADAM FLAVOURED MILK 180ML  PP BOTTLE HERITAGE,63.06,Dairy,Beverages,
AMUL PROCESSED CHEESE BLOCK200g,63.06,Dairy,Beverages,
AMUL CHEESE SPREAD PLAIN 200g,63.06,Dairy,Beverages,
simla mirchi bajji,60.0,Beverages,Snacks,
red thotakura,60.0,Beverages,Snacks,
pink Dragon Fruit,60.0,Breakfast,Beverages,
mulagaku,60.0,Snacks,Beverages,
koyakura,60.0,Beverages,Snacks,
gangavyalukura,60.0,Beverages,Snacks,
chukkakura,60.0,Beverages,Snacks,
chintakayalu,60.0,Beverages,Snacks,
chinna menthi,60.0,Beverages,Snacks,
ZUCCHINI YELLOW ENGLISH ITEM SAMBERRY,60.0,Breakfast,Beverages,
ZUCCHIINI GREEN ENGLISH ITEM SAMBERRY,60.0,Breakfast,Beverages,
YELLOW MELON,60.0,Beverages,Snacks,
YELLOW JOWAR SORGHUM RAWA 500G SRI AHARYA,60.0,Beverages,Snacks,
YELLOW JOWAR 500g,60.0,Beverages,Snacks,
YELLOW DRAGON KG LOOSE,60.0,Breakfast,Beverages,
YELLOW CAULIFLOWER PC,60.0,Beverages,Snacks,
YELLOW BANTHI POOLU KGS LOOSE,60.0,Breakfast,Beverages,
XTRA 50gm POUCH  CONTINENTAL,60.0,Breakfast,Beverages,
XTRA 200g JAR CONTINENTAL,60.0,Personal Care,Beverages,
WOOD APPLE,60.0,Beverages,Snacks,
WHOLE WHEAT BREAD 400g MR BREADY NANDAS,60.0,Beverages,Snacks,
WHOLE WHEAT BREAD 400g  SPENCERS AKSHAYA FOODS,60.0,Beverages,Snacks,
WHOLE MEAL BROWN BREAD 400g SPENCERS AKSHAYA FOODS,60.0,Beverages,Snacks,
WHITE SEEDLESS GRAPES,60.0,Snacks,Beverages,
WHITE RAJMA 500g,60.0,Snacks,Beverages,
WHITE RADISH,60.0,Beverages,Snacks,
WHITE PAV 200g SPENCERS AKSHAYA FOODS,60.0,Beverages,Snacks,
WHITE LOBIYA 500g,60.0,Beverages,Snacks,
WHITE JOWAR SORGHUM RAWA 500GMS SRI AHARYA,60.0,Beverages,Snacks,
WHITE JOWAR RAWA 500g,60.0,Beverages,Snacks,
WHITE JOWAR 500g,60.0,Beverages,Snacks,
WHEAT RAWA MEDIUM 500g,60.0,Beverages,Snacks,
WHEAT PAROTA 5PC 400G ID FRESH,60.0,Snacks,Beverages,
WHEAT GRASS,60.0,Beverages,Snacks,
WHEAT CHAPATI 390G 10PC ID FRESH,60.0,Beverages,Snacks,
WASHINGTON APPLE,60.0,Dairy,Beverages,
Vakai Box,60.0,Beverages,Snacks,
VIRGIN COCONUT OIL 200ml AKSHAYA KALPA,60.0,Breakfast,Beverages,
VINAYAKA VIGRAHAM 8 INCH,60.0,Beverages,Snacks,
VINAYAKA VIGRAHAM 12 INCH,60.0,Snacks,Beverages,
VENNA VUNDALU 250GMS VELLANKI FOODS,60.0,Snacks,Beverages,
VELLANLI RAGI RIBBON PAKODI 150G,60.0,Beverages,Snacks,
VELLANKI VAM MURKULU 250g,60.0,Snacks,Beverages,
VELLANKI MULTI SEEDS CHIKI 250g,60.0,Breakfast,Beverages,
VELLANKI MILLET MURKULU 250g,60.0,Snacks,Beverages,
VELLANKI MILLET MIXTURE 250g,60.0,Snacks,Beverages,
VELLANKI MILLET BOONDI ACTHU 250g,60.0,Snacks,Beverages,
VELLANKI JOWARI FLAKES 250G,60.0,Snacks,Beverages,
VELLANKI JONNA MURKULU 250G,60.0,Snacks,Beverages,
VELLANKI HEALTHY LADDU 250G,60.0,Breakfast,Beverages,
VELLANKI AVISELA  CHIKKI 250G,60.0,Snacks,Beverages,
VELLANKI  PESARA MURKULU 250G,60.0,Snacks,Beverages,
VELLANIKI BITTER GOURD PAKODA 150G,60.0,Snacks,Beverages,
VARI NUKA AISHWARYA 500G,60.0,Beverages,Snacks,
VAMPOOSA 250g VELLANKI FOODS,60.0,Snacks,Beverages,
VAAKKAI,60.0,Beverages,Snacks,
USA FUJI APPLE,60.0,Dairy,Beverages,
URAD ROUND UN POLISHED 1kg,60.0,Breakfast,Beverages,
URAD DAL UNPOLISHED 500g,60.0,Beverages,Snacks,
URAD BLACK WHOLE 500G,60.0,Beverages,Snacks,
URAD BLACK SPLIT 500g,60.0,Beverages,Snacks,
ULAVACHARU 250g HASSTA,60.0,Snacks,Beverages,
Tulsi Infused Honey 500g BT,60.0,Personal Care,Beverages,
Tulsi Infused Honey 250g BT,60.0,Breakfast,Beverages,
Thotakura,60.0,Beverages,Snacks,
TUTTI FRUITY KG FLYBERRY,60.0,Dairy,Beverages,
TRIANGLE PAPAD 200G EVR,60.0,Beverages,Snacks,
TOP MILLET ANDU KORRALU 500G,60.0,Snacks,Beverages,
TOOR DAL PRM UNPOLISHED FATKA 1KG,60.0,Breakfast,Beverages,
TOOR  DAL FATKA POLISHED 1kg,60.0,Breakfast,Beverages,
TOMATO PICKLE 250G VELLANKI FOODS,60.0,Snacks,Beverages,
TOMATO PICKLE  500g AHA,60.0,Breakfast,Beverages,
TOMATO PICKLE  250g AHA,60.0,Beverages,Snacks,
TOMATO LOCAL,60.0,Beverages,Snacks,
TOMATO (APPLE) hybrid,60.0,Beverages,Snacks,
TNS DATES 200g,60.0,Beverages,Snacks,
TIL 100G,60.0,Beverages,Snacks,
THUMMIKURA,60.0,Beverages,Snacks,
THREE MANGO RAI PWD 500G,60.0,Snacks,Beverages,
THREE MANGO RAI PWD 200G,60.0,Beverages,Snacks,
THREE MANGO MIRCHI PWD 200G,60.0,Snacks,Beverages,
THREE MANGO MIRCHI  PWD 500G,60.0,Dairy,Beverages,
THOTAPURI MANGO,60.0,Beverages,Snacks,
THIS IS CAPPUCCINO 22g CONTINENTAL,60.0,Beverages,Snacks,
THADKA MIX POPU DINUSULU 200G,60.0,Beverages,Snacks,
TELANGANA CHEKKALU 250g  VELLANKI FOODS,60.0,Snacks,Beverages,
TEENDA,60.0,Beverages,Snacks,
TATA SALT 1KG,60.0,Beverages,Snacks,
TATA IODISED CRYSTAL SALT 1KG,60.0,Beverages,Snacks,
TAPESWARAM KAJA 250g VELLANKI FOODS,60.0,Snacks,Beverages,
Snake Gourd Small,60.0,Beverages,Snacks,
Small Bitter Gourd,60.0,Beverages,Snacks,
SUNFLOWER OIL 1LT COLD PRESSED MESMARA,60.0,Personal Care,Beverages,
SUN MELON YELLOW,60.0,Beverages,Snacks,
SUGAR CANE PACK,60.0,Beverages,Snacks,
SUGAR 2 KG,60.0,Beverages,Snacks,
SUGAR 1 KG,60.0,Beverages,Snacks,
STRAWBERRY LOCAL ANAND BOX,60.0,Beverages,Snacks,
STAR PAPAD 200G EVR,60.0,Beverages,Snacks,
STAR FRUIT,60.0,Beverages,Snacks,
SRI LALITHA IDLY RAVA 1KG,60.0,Beverages,Snacks,
SRI LALITHA BROWN RICE 5KG SONAMASOORI,60.0,Dairy,Beverages,
SRI DIVYA DEEPARDHANA OIL 910 ML,60.0,Breakfast,Beverages,
SPROUTED RAGI FLOUR 500GMS SRI AHARYA,60.0,Beverages,Snacks,
SOYAKURA,60.0,Beverages,Snacks,
SOYA CHUNKS SMALL 200G EVR,60.0,Beverages,Snacks,
SOYA CHUNKS MEDIUM 200G EVR,60.0,Beverages,Snacks,
SOAN PATTI 250g VELLANKI FOODS,60.0,Breakfast,Beverages,
SNAKE GOURD,60.0,Beverages,Snacks,
SMALL CAPSICUM,60.0,Beverages,Snacks,
SMALL AMLA,60.0,Snacks,Beverages,
SINGLE POLISH RICE 5Kg,60.0,Dairy,Beverages,
SINGLE POLISH RICE 1Kg,60.0,Beverages,Snacks,
SIMLA APPLE,60.0,Breakfast,Beverages,
SHAH JEERA 50g,60.0,Beverages,Snacks,
SAUNF 100gm EVR,60.0,Beverages,Snacks,
SANNAPOOSA 250g VELLANKI FOODS,60.0,Snacks,Beverages,
SAFFLOWER OIL 1Lt. COLD PRESSED MESMARA,60.0,Personal Care,Beverages,
SABUDANA 250g,60.0,Beverages,Snacks,
SABJA SEEDS KG FLYBERRY,60.0,Personal Care,Beverages,
Royalaga Pack of 4,60.0,Snacks,Beverages,
Red Banana,60.0,Snacks,Beverages,
Raw Pappaya,60.0,Beverages,Snacks,
Raw Neem Honey 500g BT,60.0,Dairy,Beverages,
Raw Neem Honey 1000g BT,60.0,Personal Care,Beverages,
Raw Jamun Honey 500g BT,60.0,Dairy,Beverages,
Raw Jamun Honey 1000g BT,60.0,Personal Care,Beverages,
Raw Forest Honey 500g BT,60.0,Dairy,Beverages,
Raw Forest Honey 1000g BT,60.0,Personal Care,Beverages,
RUMANI MANGO KG LOOSE,60.0,Beverages,Snacks,
RUBUSTA BANANA,60.0,Beverages,Snacks,
ROUND CHEKKALU 250g VELLANKI FOODS,60.0,Breakfast,Beverages,
ROSE FLOWER POOLU KG LOOSE,60.0,Dairy,Beverages,
ROMAIN LETTUCE KG ENGISH ITEM SAMBERRY,60.0,Breakfast,Beverages,
RIDGE GOURD,60.0,Beverages,Snacks,
RICE RAWA 500g,60.0,Beverages,Snacks,
RICE RAVA IDLY BATTER 1KG ID FRESH,60.0,Beverages,Snacks,
RICE FLOUR 500G,60.0,Beverages,Snacks,
RIBBON PAKODI 250g VELLANKI FOODS,60.0,Snacks,Beverages,
REDCHILLY,60.0,Beverages,Snacks,
RED SEEDLESS GRAPES,60.0,Dairy,Beverages,
RED RICE 1KG,60.0,Snacks,Beverages,
RED RAJMA 500g,60.0,Beverages,Snacks,
RED LOBIYA 500g,60.0,Beverages,Snacks,
RED CHILLI PICKLE 250G VELLANKI FOODS,60.0,Snacks,Beverages,
RED CHILLI PAPAD 200G EVR,60.0,Beverages,Snacks,
RED CHERRY FLYBERRY,60.0,Personal Care,Beverages,
RED BULL CAN 250ml,60.0,Snacks,Beverages,
RED BANTHI POOLU KGS LOOSE,60.0,Breakfast,Beverages,
RAW PEANUT500g,60.0,Beverages,Snacks,
RAW PEANUT 1KG,60.0,Breakfast,Beverages,
RAW MANGO,60.0,Beverages,Snacks,
RAW HONEY 950G BT ROYAL BEE PON,60.0,Personal Care,Beverages,
RAW HONEY 500g BT ROYAL BEE PON,60.0,Dairy,Beverages,
RAW BANANA(GREEN PLANTIN),60.0,Beverages,Snacks,
RASAM PODI 100g VELLANKI FOODS,60.0,Beverages,Snacks,
RAGULU 500g,60.0,Beverages,Snacks,
RAGI FLOUR 500G,60.0,Beverages,Snacks,
QUINOA SEEDS KGS FLYBERRY,60.0,Dairy,Beverages,
Pomogranate Pack of 4,60.0,Breakfast,Beverages,
PUMPKIN,60.0,Beverages,Snacks,
PULIHORA PASTE 250G VELLANKI FOODS,60.0,Snacks,Beverages,
PUDHINA,60.0,Beverages,Snacks,
PROSO MILLET VARIGALU 500g,60.0,Snacks,Beverages,
PRM CHITTIMUTYALU RICE 1KG GAJANAN,60.0,Breakfast,Beverages,
PRM BROWN BREAD 400g MR BREADY NANDAS,60.0,Beverages,Snacks,
PREMIUM SANDWICH BREAD 400g SPENCERS AKSHAYA FOODS ENGLISH RECIPE,60.0,Beverages,Snacks,
POTATO,60.0,Beverages,Snacks,
POPU SEEDS LOOSE,60.0,Beverages,Snacks,
POOJA PATRI PACK,60.0,Beverages,Snacks,
POOJA OIL 500ML,60.0,Snacks,Beverages,
POOJA GINGELLY OIL 1LTR,60.0,Breakfast,Beverages,
PONAGANTI KURA,60.0,Beverages,Snacks,
POMEGRANATE SEEDS,60.0,Beverages,Snacks,
POMEGRANATE CANE,60.0,Beverages,Snacks,
POKCHOY LEAF SAMBERRY,60.0,Breakfast,Beverages,
PLUMS LOCAL BOX ANAND,60.0,Beverages,Snacks,
PLAIN CUP PAPAD 200G EVR,60.0,Beverages,Snacks,
PINK LADY APPLE,60.0,Dairy,Beverages,
PINE APPLE,60.0,Beverages,Snacks,
PGB SOYA CHUNKS SMALL 200G,60.0,Beverages,Snacks,
PGB SOYA CHUNKS 200G MEDIUM,60.0,Beverages,Snacks,
PERSIMMON FRUIT,60.0,Personal Care,Beverages,
PASUPU KOMMULU,60.0,Breakfast,Beverages,
PARVAL,60.0,Beverages,Snacks,
PARSLEY PACK,60.0,Beverages,Snacks,
PAPPAYA,60.0,Beverages,Snacks,
PANDUMIRAPAKAYA 250g PICKLE AHA,60.0,Beverages,Snacks,
PANDU MIRAPAKAI PICKLE 500g AHA,60.0,Breakfast,Beverages,
PANASA POTTU,60.0,Beverages,Snacks,
PALLI PEANUT VUNDALU 250g VELLANKI FOODS,60.0,Snacks,Beverages,
PALLI PEANUT CHIKKI 250g VELLANKI FOODS,60.0,Snacks,Beverages,
PALLI GROUND NUT KARAM 100g VELLANKI FOODS,60.0,Beverages,Snacks,
PALAK GREEN,60.0,Beverages,Snacks,
OUTSIDE YELLOW MELON Kg,60.0,Beverages,Snacks,
ONION WHITE,60.0,Beverages,Snacks,
ONION,60.0,Beverages,Snacks,
OMANI SEEDLESS 250g FLYBERRY,60.0,Snacks,Beverages,
NUVVUNDALU 250g VELLANKI FOODS,60.0,Breakfast,Beverages,
NUVVULA CHIKKI 250g VELLANKI FOODS,60.0,Breakfast,Beverages,
NUVULA KARAM FLYBERRY,60.0,Personal Care,Beverages,
NUTMEG 50G,60.0,Beverages,Snacks,
NETHI BHERAKAI,60.0,Beverages,Snacks,
NEELAM MANGO Kg LOOSE,60.0,Snacks,Beverages,
NAVARATAN MIXTURE 250g VELLANKI FOODS,60.0,Breakfast,Beverages,
NATU DONDAKAI,60.0,Beverages,Snacks,
NANDAS Mr BREADRY ZERO MAIDA 450g,60.0,Beverages,Snacks,
NANDA OSMANIA COOKIES 300g,60.0,Beverages,Snacks,
NANDA MUFFIN VANILLA 240g,60.0,Beverages,Snacks,
NANDA MUFFIN FRUIT 240g,60.0,Beverages,Snacks,
NANDA CRM BUN PINEAPPLE 60g,60.0,Beverages,Snacks,
NALLA KARAM 250g AHA,60.0,Snacks,Beverages,
NALLA KARAM 100g VELLANKI FOODS,60.0,Beverages,Snacks,
NAGPUR ORANGE,60.0,Snacks,Beverages,
MYSORE PAK 250g HARD VELLANKI FOODS,60.0,Snacks,Beverages,
MUSTARD SMALL 200g,60.0,Beverages,Snacks,
MUSTARD OIL 1Lt. MESMARA,60.0,Personal Care,Beverages,
MUSTARD BIG 200g,60.0,Beverages,Snacks,
MUSK MELON - LOCAL,60.0,Beverages,Snacks,
MUSK MELON - H,60.0,Beverages,Snacks,
MURUKULU 250g VELLANKI FOODS,60.0,Snacks,Beverages,
MUNAGAKU KARAM 250g AHA,60.0,Snacks,Beverages,
MULTIGRAIN HEALTH MIX 500GMS SRI AHARYA,60.0,Breakfast,Beverages,
MULBERY BOX PACK ANAND,60.0,Beverages,Snacks,
MULAGAKU KARAM 100g VELLANKI FOODS,60.0,Beverages,Snacks,
MUKHWAS TINIMINI KG FLYBERRY,60.0,Dairy,Beverages,
MOUSAMBI,60.0,Beverages,Snacks,
MOONGDAL RICE RAWA 500G AISHWARYA,60.0,Beverages,Snacks,
MOONG GREEN 500g,60.0,Beverages,Snacks,
MOONG DAL1kg,60.0,Breakfast,Beverages,
MOONG DAL 500G,60.0,Beverages,Snacks,
MODREN FRUITY BREAD 200G,60.0,Beverages,Snacks,
MODERN WOW PAV 200g,60.0,Beverages,Snacks,
MODERN SANDWICH SUPREME BREAD 400g,60.0,Beverages,Snacks,
MODERN HI FIBER  BROWN BREAD 400g,60.0,Beverages,Snacks,
MODERN FRUIT & NUT CAKE 140g,60.0,Beverages,Snacks,
MODERN CHOCO CHEER CAKE 120g,60.0,Beverages,Snacks,
MODERN BURGER BUN,60.0,Beverages,Snacks,
MODERN BANANA PUDDING  CAKE 140g,60.0,Beverages,Snacks,
MODERN 100% WHOLE WHEAT BREAD 400G,60.0,Beverages,Snacks,
MODERN  CRUST PIZZA BASE 150g,60.0,Beverages,Snacks,
MIXTURE 250g VELLANKI FOODS,60.0,Snacks,Beverages,
MIXED SPROUTS ANAND,60.0,Beverages,Snacks,
MISHTI DAHI 80g  EPIGAMIA,60.0,Beverages,Snacks,
MILLETS UPMA RAWA 500GMS SRI AHARYA,60.0,Beverages,Snacks,
MILLET MOONG MIX 250g VELLANKI,60.0,Snacks,Beverages,
MILLET IDLY RAWA 500GMS SRI AHARYA,60.0,Beverages,Snacks,
MILLET DOSA BATTER 1Kg DSL,60.0,Snacks,Beverages,
METHI 100G,60.0,Beverages,Snacks,
MENTI BIG,60.0,Snacks,Beverages,
MASOOR DAL 500g,60.0,Beverages,Snacks,
MASALA PALLI 250GMS VELLANKI FOODS,60.0,Snacks,Beverages,
MASALA KARAM 250g AHA,60.0,Snacks,Beverages,
MAREDUKAYA KG LOOSE,60.0,Snacks,Beverages,
MARATHI MOGGA 50gms EVR,60.0,Beverages,Snacks,
MANGO PICKLE 250G VELLANKI FOODS,60.0,Snacks,Beverages,
MANGO MAGAYA 500g AHA,60.0,Breakfast,Beverages,
MANGO MAGAYA  250g AHA,60.0,Beverages,Snacks,
MANGO JELLY ROLLS 250g VELLANKI FOODS,60.0,Snacks,Beverages,
MANGO GINGER,60.0,Snacks,Beverages,
MANGO BELLAM AVAKAI 250g AHA,60.0,Beverages,Snacks,
MANGO AVAKAYA pPICKLE 500g AHA,60.0,Breakfast,Beverages,
MANGO AVAKAYA 250g  AHA,60.0,Beverages,Snacks,
MALLIKA MANGO Kg LOOSE,60.0,Snacks,Beverages,
MAIDA 500g,60.0,Beverages,Snacks,
MAIDA 1 KG,60.0,Beverages,Snacks,
MAGAYA PICKLE 250GMS VELLANKI FOODS,60.0,Snacks,Beverages,
Lotus Stem SAMBERRY,60.0,Breakfast,Beverages,
LYCHEE LOCAL ANAND,60.0,Dairy,Beverages,
LOW GI RICE 5KG AISHWARYA,60.0,Personal Care,Beverages,
LOW GI RICE 1Kg AISHWARYA,60.0,Snacks,Beverages,
LOTUS ECLAIRS  250G,60.0,Beverages,Snacks,
LONG CHILLIES,60.0,Beverages,Snacks,
LOBIA,60.0,Beverages,Snacks,
LITTLE MILLET SAMELU 500g,60.0,Beverages,Snacks,
LIME PICKLE 250g VELLANKI FOODS,60.0,Beverages,Snacks,
LETTUCE ROCKET ARUGULA KG ENGLISH ITEM SAMBERRY,60.0,Dairy,Beverages,
LETTUCE RED ENG ITEM SAMBERRY,60.0,Breakfast,Beverages,
LEMON PICKLE 500g  AHA,60.0,Snacks,Beverages,
LEMON PICKLE  250g AHA,60.0,Beverages,Snacks,
LEMON,60.0,Breakfast,Beverages,
LEAF ONION,60.0,Beverages,Snacks,
LANGADA MANGO KG LOOSE,60.0,Breakfast,Beverages,
LAL MIRCHI WITH STEM 200G EVR,60.0,Snacks,Beverages,
LAL MICHI WITHOUT STEM 200G EVR,60.0,Snacks,Beverages,
LAKSHMAN FRUIT ANAND,60.0,Dairy,Beverages,
LADIES FINGER,60.0,Beverages,Snacks,
LAB LAB,60.0,Beverages,Snacks,
L G HING 50g,60.0,Snacks,Beverages,
KURNOOL MURMURA 500g,60.0,Beverages,Snacks,
KURA KARAM 100g VELLANKI FOODS,60.0,Beverages,Snacks,
KOVA KAJJIKAYALU 250g VELLANKI FOODS,60.0,Breakfast,Beverages,
KOTHIMEERA CORIANDER KARAM 100g VELLANKI FOODS,60.0,Beverages,Snacks,
KODO MILLET ARIKALU 500G,60.0,Beverages,Snacks,
KNOOL COOL,60.0,Beverages,Snacks,
KISMIS GREEN 250g,60.0,Breakfast,Beverages,
KIRAN MELON,60.0,Beverages,Snacks,
KINLEY SODA 750ML,60.0,Beverages,Snacks,
KIMJO KIMIA DATES 400g ELEPHANT,60.0,Breakfast,Beverages,
KIMIA DATES PLASTIC BOX 400G ORIGINAL,60.0,Breakfast,Beverages,
KHUS KHUS 50G,60.0,Snacks,Beverages,
KESARI MANGO KG LOOSE,60.0,Breakfast,Beverages,
KASURIMETHI 50G,60.0,Beverages,Snacks,
KASOORI METHI PAPAD 200G EVR,60.0,Beverages,Snacks,
KARPURAVALLI BANANA,60.0,Beverages,Snacks,
KARIVEPAKU KARAM 250g AHA,60.0,Snacks,Beverages,
KARIVEPAKU KARAM 100g VELLANKI FOODS,60.0,Beverages,Snacks,
KARAN PHOOL 50g,60.0,Beverages,Snacks,
KARAM SAKINALU 250g  VELLANKI FOODS,60.0,Snacks,Beverages,
KARAM GAVVALU 250G VELLANKI FOODS,60.0,Snacks,Beverages,
KANDI KARAM 250GM AHA,60.0,Snacks,Beverages,
KANDI KARAM 100g  VELLANKI FOODS,60.0,Beverages,Snacks,
KALA JAMUN BOX PACK ANAND,60.0,Snacks,Beverages,
KAJU PAKODI 250g VELLANKI FOODS,60.0,Breakfast,Beverages,
KAJJIKAYALU 250g VELLANKI FOODS,60.0,Snacks,Beverages,
KABULI CHANA 500g,60.0,Snacks,Beverages,
JUJUBIES FLYBERRY,60.0,Personal Care,Beverages,
JOWAR FLOUR 500g,60.0,Beverages,Snacks,
JIVIKA TURMERIC POWDER 100GMS,60.0,Beverages,Snacks,
JIVIKA RED CHILLI POWDER 500GMS,60.0,Dairy,Beverages,
JIVIKA RED CHILLI POWDER 200GMS,60.0,Breakfast,Beverages,
JIVIKA FOREST HONEY250ml,60.0,Breakfast,Beverages,
JIVIKA CORIANDER POWDER 100GMS,60.0,Beverages,Snacks,
JIVIKA COLD PRESSED SAFFLOWER OIL 1LTR,60.0,Personal Care,Beverages,
JEERA PAPAD 200G EVR,60.0,Beverages,Snacks,
JEERA 200g,60.0,Snacks,Beverages,
JEERA 100g,60.0,Beverages,Snacks,
JAVATRI 50g,60.0,Breakfast,Beverages,
JANTHIKALU 250g VELLANKI FOODS,60.0,Snacks,Beverages,
JAGGERY MINI CUBES 500G EVR,60.0,Snacks,Beverages,
JAGGERY KESAR 900G,60.0,Beverages,Snacks,
JAGGERY KESAR 450G,60.0,Beverages,Snacks,
JACK FRUIT SEEDS ANAND,60.0,Beverages,Snacks,
IRANIAN DATES 500g ORIGINAL AM ENTERPRISES,60.0,Breakfast,Beverages,
IODIZED SALT 1KG PON,60.0,Beverages,Snacks,
INSIDE YELLOW MELON Kg,60.0,Beverages,Snacks,
INDIAN RAISINSGOLDEN KGS FLYBERRY,60.0,Personal Care,Beverages,
INDIAN RAISINS GREEN FLYBERRY,60.0,Personal Care,Beverages,
IMPORTED PLUMS,60.0,Dairy,Beverages,
IMPORTED ORANGE,60.0,Breakfast,Beverages,
IMP ORANGE CANE,60.0,Beverages,Snacks,
IMLI POP KG FLYBERRY,60.0,Dairy,Beverages,
IGURU KARAM 100g VELLANKI FOODS,60.0,Beverages,Snacks,
IDLY RICE  1Kg,60.0,Beverages,Snacks,
IDLY RAWA ORANGE 1KG AISHWARYA,60.0,Beverages,Snacks,
IDLY RAWA 500g,60.0,Beverages,Snacks,
IDLY RAVA1KG,60.0,Beverages,Snacks,
IDLY KARAM FLYBERRY,60.0,Dairy,Beverages,
IDLY BATTER 900g DSL,60.0,Beverages,Snacks,
IDLY . DOSA BATTER 1KG ID FRESH,60.0,Beverages,Snacks,
IDLI POWDER AKA GUNDPOWDER AKA KARAM PODI PREMIUM KG LOOSE FLYBER,60.0,Personal Care,Beverages,
IDLI KARAM 100g VELLANKI FOODS,60.0,Beverages,Snacks,
ICE BERG ENGLISH ITEM SAMBERRY,60.0,Breakfast,Beverages,
I.Orange Pack of 4,60.0,Beverages,Snacks,
HULLED WHITE SESAME OIL 1Lt. MESMARA,60.0,Personal Care,Beverages,
HIMAYATH MANGO KG LOOSE,60.0,Breakfast,Beverages,
HIMALAYAN HONEY 500g APIS,60.0,Dairy,Beverages,
HIMALAYAN HONEY 225g APIS,60.0,Breakfast,Beverages,
HEKTAPY RAJGIRI COOKIES 125g,60.0,Snacks,Beverages,
HEKTAPY OAT COOKIES  125g,60.0,Snacks,Beverages,
HEKTAPY MULTI MILLET S.N,60.0,Snacks,Beverages,
HEKTAPY HEALTHY DEL RAGI 125G,60.0,Snacks,Beverages,
HEKTAPY HEALTHY DEL JOWAR 125G,60.0,Snacks,Beverages,
HEKATPY QUINO COOKIES 125g,60.0,Snacks,Beverages,
HEKATPY PEARL MILLET COOKIE 125g,60.0,Snacks,Beverages,
HEKATPY BUCK WHEAT COOKIES 125g,60.0,Snacks,Beverages,
Green Kiwi Small,60.0,Beverages,Snacks,
Ginger Imbued Honey 500g BT,60.0,Dairy,Beverages,
Ginger Imbued Honey 250g BT,60.0,Breakfast,Beverages,
GUAVA Local,60.0,Snacks,Beverages,
GUAVA HYBRID BIG ANAND,60.0,Snacks,Beverages,
GROUND NUT OIL 1Lt. COLD PRESSED MESMARA,60.0,Dairy,Beverages,
GROUND NUT,60.0,Snacks,Beverages,
GREEN PEAS SEED PAC,60.0,Dairy,Beverages,
GREEN PEAS BATANI 500G EVR,60.0,Breakfast,Beverages,
GREEN PEAS,60.0,Breakfast,Beverages,
GREEN CHILLY,60.0,Beverages,Snacks,
GREEN APPLE,60.0,Dairy,Beverages,
GONGURA(PUNTIKURA),60.0,Beverages,Snacks,
GONGURA PICKLE 500g  AHA,60.0,Breakfast,Beverages,
GONGURA PICKLE 250g VELLANKI FOODS,60.0,Snacks,Beverages,
GONGURA PICKLE 250g  AHA,60.0,Beverages,Snacks,
GONGURA PANDU MIRAPAKAYA PICKLE 250g  AHA,60.0,Beverages,Snacks,
GONGURA PANDU MIRAPAKAYA PICKLE  500g AHA,60.0,Breakfast,Beverages,
GOLDEN KIWI SMALL,60.0,Beverages,Snacks,
GOLDEN KIWI FRUIT BIG,60.0,Beverages,Snacks,
GOLD DROP SUNFLOWER OIL 1Lt pouch,60.0,Breakfast,Beverages,
GINGER PICKLE 500g AHA,60.0,Breakfast,Beverages,
GINGER PICKLE 250g AHA,60.0,Beverages,Snacks,
GINGER PICKLE 250G VELLANKI FOODS,60.0,Snacks,Beverages,
GINGER GARLIC PASTE 250G VELLANKI FOODS,60.0,Snacks,Beverages,
GINGER,60.0,Beverages,Snacks,
GEMS KG FLYBERRY,60.0,Personal Care,Beverages,
GARLIC PICKLE 250g AHA,60.0,Beverages,Snacks,
GARLIC PEELED BOX,60.0,Beverages,Snacks,
GARLIC,60.0,Breakfast,Beverages,
GARAM MASALA 100g VELLANKI FOODS,60.0,Beverages,Snacks,
GAJANAN TELANGANA SONA RICE 5Kg,60.0,Dairy,Beverages,
GAJANAN TELANGANA SONA RICE 1Kg,60.0,Beverages,Snacks,
GAJANAN ORANGE PRM HMT RICE 5Kg,60.0,Dairy,Beverages,
GAJANAN ORANGE PRM HMT RICE 1Kg,60.0,Beverages,Snacks,
GAJANAN ORANGE PRM HMT RAW RICE 5Kg,60.0,Dairy,Beverages,
GAJANAN ORANGE PRM HMT RAW RICE 1Kg,60.0,Beverages,Snacks,
G ELAICHI 50g,60.0,Breakfast,Beverages,
FRUIT BREAD 200g SML SPENCERS AKSHAYA NANDA,60.0,Beverages,Snacks,
FRUIT BOWL NRG,60.0,Beverages,Snacks,
FRUIT BASKET 450 SADGURU,60.0,Breakfast,Beverages,
FRUIT BASKET 350 RAJU,60.0,Dairy,Beverages,
FRUIT BASKET 300 SADGURU,60.0,Breakfast,Beverages,
FRUIT BASKET 250 RAJU,60.0,Breakfast,Beverages,
FRUIT BASKET 240 SADGURU,60.0,Breakfast,Beverages,
FRUIT BASKET 200 SADGURU,60.0,Breakfast,Beverages,
FRUIT BASKET 200,60.0,Breakfast,Beverages,
FRUIT BASKET 170 SADGURU,60.0,Breakfast,Beverages,
FRUIT BASKET 120 SADGURU,60.0,Snacks,Beverages,
FRIED GRAM PUTANA 250g,60.0,Beverages,Snacks,
FRESH DATES YELLOW BOX ANAND,60.0,Beverages,Snacks,
FREEDOM SUNFLOWER OIL PET 2LT,60.0,Dairy,Beverages,
FREEDOM SUNFLOWER OIL PET 1LT,60.0,Breakfast,Beverages,
FREEDOM RICE BRAN 1LTR,60.0,Breakfast,Beverages,
FREEDOM RF SUNFLOWER OIL 1LT POUCH,60.0,Breakfast,Beverages,
FREEDOM MUSTARD OIL 1 Lt,60.0,Breakfast,Beverages,
FREEDOM GROUNDNUTOIL 1LT,60.0,Breakfast,Beverages,
FOXTAIL MILLET KORRALU BIYYAM 500g,60.0,Beverages,Snacks,
FLYBERRY SPICED CHICKPEAS CRISP 31g,60.0,Beverages,Snacks,
FLYBERRY MINI MEDJOUL DATES 200g BOX,60.0,Dairy,Beverages,
FLYBERRY KNOCKOUT KALMI DATES 400g,60.0,Dairy,Beverages,
FLYBERRY KNOCKOUT KALMI DATES 200g,60.0,Breakfast,Beverages,
FLYBERRY DREAMY DERI DATES 400G,60.0,Personal Care,Beverages,
FLYBERRY DREAMY DERI DATES 220g,60.0,Dairy,Beverages,
FLY BERRY DERI DATES 255g,60.0,Breakfast,Beverages,
FLAX SEEDS KGS FLYBERRY,60.0,Breakfast,Beverages,
FLAX SEED OIL 1L MESMARA,60.0,Personal Care,Beverages,
FILTER COFFE STRONG 5 10ml ID FRESH,60.0,Beverages,Snacks,
EUROPEN CUCUMBER,60.0,Beverages,Snacks,
ENG ITEM PARSLEY SAMBERRY,60.0,Dairy,Beverages,
ENG ITEM GREEN LETTUCE SAMBERRY,60.0,Breakfast,Beverages,
ENG ITEM COLOUR CABBAGE SAMBERRY,60.0,Breakfast,Beverages,
ENG ITEM CHINESE CABBAGE SAMBERRY,60.0,Breakfast,Beverages,
ENG ITEM CELERY SAMBERRRY,60.0,Breakfast,Beverages,
ENG ITEM BROCOLI SAMBERRY,60.0,Dairy,Beverages,
ELEPHANT YAM,60.0,Beverages,Snacks,
ELEPHANT SEEDLESS HONEY DATES400G+10,60.0,Breakfast,Beverages,
ELEPHANT SEEDED DATES 400G(CUPS) (1+1 OFFER),60.0,Snacks,Beverages,
ELEPHANT FOREST HONEY 500G 1+1,60.0,Breakfast,Beverages,
ELEPHANT FOREST HONEY 250G 1+1,60.0,Beverages,Snacks,
DRY COCONUT KG FLYBERRY,60.0,Personal Care,Beverages,
DRY COCONUT 250G EVR,60.0,Snacks,Beverages,
DRY CHURRA KG FLYBERRY,60.0,Personal Care,Beverages,
DRIED DATES YELLOW250 GM,60.0,Snacks,Beverages,
DRAGON  FRUIT,60.0,Breakfast,Beverages,
DOUBLE HORSE URAD ROUND 1KG,60.0,Breakfast,Beverages,
DOUBLE BEANS,60.0,Snacks,Beverages,
DOSA BATTER MIX 900g DSL,60.0,Beverages,Snacks,
DONDAKAI,60.0,Beverages,Snacks,
DISCO PUMPKIN,60.0,Beverages,Snacks,
DILKUSH GRAPES KG LOOSE,60.0,Snacks,Beverages,
DIAMOND MISRI 200G,60.0,Beverages,Snacks,
DATES POWDER 180g FLYBERRY,60.0,Dairy,Beverages,
DATE BITES 160g FLYBERRY,60.0,Breakfast,Beverages,
DASHERI MANGO KG LOOSE,60.0,Breakfast,Beverages,
DAMPUDU BIYYAM 1Kg AISHWARYA,60.0,Beverages,Snacks,
DALMOTI 250g VELLANKI FOODS,60.0,Snacks,Beverages,
DALCHINI 50g,60.0,Beverages,Snacks,
DABBAKAI,60.0,Beverages,Snacks,
CUSTARD APPLE ANAND,60.0,Breakfast,Beverages,
CURRY LEAVES,60.0,Beverages,Snacks,
CUCUMBER WHITE,60.0,Beverages,Snacks,
CUCUMBER,60.0,Beverages,Snacks,
CORN FLOUR 200g EVR,60.0,Beverages,Snacks,
CORN FLAKES MIXTURE250g VELLANKI FOODS,60.0,Snacks,Beverages,
CORN FLAKES 200G EVR,60.0,Beverages,Snacks,
CORIANDER 200g,60.0,Beverages,Snacks,
CORIANDER,60.0,Beverages,Snacks,
COPRA POWDER 100G EVR,60.0,Beverages,Snacks,
CONTINENTAL XTRA 50g JAR PLUS 25g JAR FREE SOUTH BLEND,60.0,Breakfast,Beverages,
COLOUR CUCUMBER,60.0,Beverages,Snacks,
COLD PRESSED WHITE SESAME OIL 500ML MESMARA,60.0,Dairy,Beverages,
COLD PRESSED SUN DRIED COCONUT OIL 1LT MESMARA,60.0,Personal Care,Beverages,
COKE 250ML,60.0,Beverages,Snacks,
COCONUT SLICE KGS FLYBERRY,60.0,Dairy,Beverages,
COCONUT MANGO,60.0,Breakfast,Beverages,
COCONUT KARAM 100G  VELLANKI FOODS,60.0,Beverages,Snacks,
COCONUT,60.0,Beverages,Snacks,
CLUSTER BEANS,60.0,Beverages,Snacks,
CLOVES 50g,60.0,Beverages,Snacks,
CHOWCHOW,60.0,Beverages,Snacks,
CHOUSA MANGO KG LOOSE,60.0,Breakfast,Beverages,
CHINTA CHIGURU,60.0,Dairy,Beverages,
CHINNA RASALU KG LOOSE,60.0,Snacks,Beverages,
CHIKKUDUKAYA PICKLE 250g AHA,60.0,Beverages,Snacks,
CHIKKUDUKAI,60.0,Snacks,Beverages,
CHIKKUDU SEED PACK,60.0,Breakfast,Beverages,
CHICOOS(Sapota),60.0,Beverages,Snacks,
CHICKPEAS 50g FLYBERRY GOURMET,60.0,Beverages,Snacks,
CHICKEN BONE LESS PICKLE 250g VELLANKI FOODS,60.0,Dairy,Beverages,
CHERUKU RASALU KG LOOSE,60.0,Breakfast,Beverages,
CHERUKU GADDALU,60.0,Beverages,Snacks,
CHERRY TOMATO KG RED SAMBERRY,60.0,Breakfast,Beverages,
CHERRY LOCAL ANAND,60.0,Breakfast,Beverages,
CHEKKARAKELI BANANA,60.0,Snacks,Beverages,
CHEGODI 250g VELLANKI FOODS,60.0,Snacks,Beverages,
CHAT MURMURA 500 GM,60.0,Beverages,Snacks,
CHANA DAL 500g,60.0,Beverages,Snacks,
CHANA DAL 250g VELLANKI FOODS,60.0,Snacks,Beverages,
CHANA DAL 1Kg,60.0,Snacks,Beverages,
CHAMANTHI FLOWERS POOLU KG LOOSE,60.0,Dairy,Beverages,
CHAMA DUMPA,60.0,Beverages,Snacks,
CHAKKI ATTA GODHUMA PINDI 1Kg,60.0,Beverages,Snacks,
CDM CRACKLE 36G,60.0,Beverages,Snacks,
CAULIFLOWER,60.0,Beverages,Snacks,
CASHEW 320 COUNT 250 GM,60.0,Breakfast,Beverages,
CARRY BAG 8Kg HOLDING CAPACITY,60.0,Beverages,Snacks,
CARROT,60.0,Beverages,Snacks,
CAPSICUM YELLOW SAMBERRY,60.0,Dairy,Beverages,
CAPSICUM RED SAMBERRY,60.0,Dairy,Beverages,
CAPSICUM,60.0,Beverages,Snacks,
CALIFORNIA BLACK seedless GRAPES,60.0,Dairy,Beverages,
CABBAGE,60.0,Beverages,Snacks,
Black Chilly,60.0,Beverages,Snacks,
Banana Yalakki,60.0,Snacks,Beverages,
Banana Stem,60.0,Beverages,Snacks,
BUTTON MUSHROOM,60.0,Beverages,Snacks,
BUSH BEANS,60.0,Snacks,Beverages,
BROWN RICE HMT 1kg,60.0,Beverages,Snacks,
BROWN RICE 5kg,60.0,Dairy,Beverages,
BROWN CHANA 500g,60.0,Beverages,Snacks,
BROWN ANJEER BOX TURKEY,60.0,Snacks,Beverages,
BOTTLE GOURD,60.0,Beverages,Snacks,
BOORELU 250g VELLANKI FOODS,60.0,Snacks,Beverages,
BOONDI MITAI ATCHU 250g VELLANKI FOODS,60.0,Snacks,Beverages,
BOONDI LADDU 250g VELLANKI FOODS,60.0,Breakfast,Beverages,
BOONDI 250g VELLANKI FOODS,60.0,Snacks,Beverages,
BOMBAY RAWA1Kg,60.0,Beverages,Snacks,
BOMBAY RAWA 500g,60.0,Beverages,Snacks,
BLUE BERRY,60.0,Dairy,Beverages,
BLACK SEEDED GRAPES,60.0,Breakfast,Beverages,
BLACK PEPPER WHOLE 50G,60.0,Beverages,Snacks,
BLACK GRAPES,60.0,Snacks,Beverages,
BITTER GUARD PICKLE 250G VELLANKI FOODS,60.0,Snacks,Beverages,
BITTER GOURD,60.0,Beverages,Snacks,
BITTER GAURD KARAM PODI 100g VELLANKI FOODS,60.0,Beverages,Snacks,
BIRYANI LEAFS 50G,60.0,Beverages,Snacks,
BESAN 500g,60.0,Beverages,Snacks,
BELLAM SUNNIVUNDALU 250g VELLANKI FOODS,60.0,Breakfast,Beverages,
BELLAM KOMMULU 250g VELLANKI FOODS,60.0,Snacks,Beverages,
BEET ROOT,60.0,Beverages,Snacks,
BEAUTY PEARS,60.0,Dairy,Beverages,
BAT PAPAD 200G EVR,60.0,Beverages,Snacks,
BASMATHI RICE 1KG,60.0,Snacks,Beverages,
BASIL LEAF KG ENGLISH ITEM SAMBERRY,60.0,Breakfast,Beverages,
BANGINAPALLI MANGO LOOSE KGS,60.0,Snacks,Beverages,
BANDARU HALWA 250g VELLANKI FOODS,60.0,Breakfast,Beverages,
BANANAS 30g FLYBERRY GOURMET,60.0,Beverages,Snacks,
BANANA TREE,60.0,Beverages,Snacks,
BANANA FLOWER,60.0,Beverages,Snacks,
BANANA CHOCOCHIP LOAF 350g KALSAN FOODS,60.0,Snacks,Beverages,
BANANA CASHEWNUT LOAF 350g KALSAN FOODS,60.0,Snacks,Beverages,
BAMBINO VERMICELLI 500GM,60.0,Beverages,Snacks,
BAJRA FLOUR 500G,60.0,Beverages,Snacks,
BACHALAKURA,60.0,Beverages,Snacks,
BABY POTATO,60.0,Beverages,Snacks,
BABY ORANGE,60.0,Breakfast,Beverages,
BABY CORN PEELED SAMBERRY,60.0,Breakfast,Beverages,
BABY CORN PEELED,60.0,Beverages,Snacks,
Alubukhar LOOSE KG FLYBERRY,60.0,Personal Care,Beverages,
AVOCADO LOCAL,60.0,Breakfast,Beverages,
AVOCADO IMP SAMBERRY,60.0,Dairy,Beverages,
ASPARAGUS KG SAMBERRY,60.0,Dairy,Beverages,
ASL  IDLY & DOSA BATTER  1KG,60.0,Beverages,Snacks,
ASH GOURD,60.0,Beverages,Snacks,
APPLE ROYAL GALA,60.0,Dairy,Beverages,
ANJEER BOX PACK ANAND,60.0,Beverages,Snacks,
ANAR,60.0,Breakfast,Beverages,
AMLA PICKLE 250GMS VELLANKI FOODS,60.0,Snacks,Beverages,
AMLA PICKLE  500g AHA,60.0,Breakfast,Beverages,
AMLA PICKLE  250g AHA,60.0,Beverages,Snacks,
AMLA,60.0,Snacks,Beverages,
ALPHONSO MANGO PC RATNAGIRI,60.0,Snacks,Beverages,
ALPHONSO LOCAL KG LOOSE,60.0,Breakfast,Beverages,
ALMOND REGULAR  250 GM,60.0,Breakfast,Beverages,
AKSHAYA MULTI FLORAL RAW HOENY 250g,60.0,Breakfast,Beverages,
AJWAIN 100g,60.0,Beverages,Snacks,
AFGHANI RAISINS KGS FLYBERRY,60.0,Personal Care,Beverages,
AASHIRVAD TURMERIC PWD 100G,60.0,Beverages,Snacks,
AASHIRVAD SELECT ATTA 1KG,60.0,Beverages,Snacks,
AASHIRVAD MULITGRAIN ATTA 1KG,60.0,Beverages,Snacks,
AASHIRVAD CORIANDER PWD 200G,60.0,Beverages,Snacks,
AASHIRVAD CORIANDER PWD 100G,60.0,Beverages,Snacks,
AASHIRVAD CHILLI PWD 500G,60.0,Breakfast,Beverages,
AASHIRVAD CHILLI PWD 200G,60.0,Beverages,Snacks,
AASHIRVAD CHILLI PWD 100G,60.0,Beverages,Snacks,
AASHIRVAD ATTA 2KG,60.0,Snacks,Beverages,
AASHIRVAAD SALT 1KG,60.0,Beverages,Snacks,
AASHIRVAAD CRYSTAL SALT 1KG,60.0,Beverages,Snacks,
AASHIRVAAD ATTA 1KG,60.0,Beverages,Snacks,
AA KAKARAKAI,60.0,Breakfast,Beverages,
ORGANIC GREEK YOGHURT NATURAL 100g AKSHAYAKALPA,59.8,Organic,Beverages,
NATURAL ROCK SALT 1Kg JIVIKA ORGANICS,59.8,Organic,Snacks,
NATURAL COW GHEE 500ml JIVIKA ORGANICS,59.8,Organic,Dairy,
NATURAL BROWN SUGAR 1Kg JIVIKA ORGANICS,59.8,Organic,Breakfast,
LASSI BLUBERRY 180ml MILKYMIST,59.8,Dairy,Beverages,
PANEER 500G HERITAGE,57.5,Dairy,Beverages,
PANEER 200G HERITAGE,57.5,Dairy,Beverages,
FRESH PANEER BLOCK 200g AMUL,57.5,Dairy,Beverages,
FRESH CREAM 250ML AMUL,57.5,Dairy,Beverages,
FRESH CREAM 200ML HERITAGE,57.5,Dairy,Beverages,
ALMONDO BAR 35g CHOCOLATE AMUL,57.5,Confectionery,Dairy,
