product,sales_velocity,turnover_proxy,total_quantity,total_revenue
A2 BUFFALO MILK 500ml SIDS FARM,15.918032786885245,5810.081967213115,2913.0,174094.0
AA KAKARAKAI,2.1558709677419357,786.8929032258065,334.16,69293.99
AASHIRVAAD ATTA 1KG,0.912568306010929,333.08743169398906,167.0,12058.0
AASHIRVAAD CRYSTAL SALT 1KG,0.4110429447852761,150.03067484662577,67.0,1474.0
AASHIRVAAD SALT 1KG,0.44785276073619634,163.46625766871168,73.0,2160.0
AASHIRVAD ATTA 2KG,0.46987951807228917,171.50602409638554,39.0,4290.0
AASHIRVAD CHILLI PWD 100G,0.11764705882352941,42.94117647058823,4.0,200.0
AASHIRVAD CHILLI PWD 200G,0.09615384615384616,35.09615384615385,15.0,1500.0
AASHIRVAD CHILLI PWD 500G,0.045454545454545456,16.59090909090909,5.0,1250.0
AASHIRVAD CORIANDER PWD 100G,0.2962962962962963,108.14814814814814,48.0,2205.7
AASHIRVAD CORIANDER PWD 200G,0.1724137931034483,62.931034482758626,5.0,460.0
AASHIRVAD MULITGRAIN ATTA 1KG,0.506578947368421,184.90131578947367,77.0,6391.0
AASHIRVAD SELECT ATTA 1KG,0.4472049689440994,163.22981366459626,72.0,5976.0
AASHIRVAD TURMERIC PWD 100G,0.24822695035460993,90.60283687943263,35.0,1400.0
ABC CANE JUICE,1.092896174863388,398.90710382513663,200.0,20000.0
AFGHANI RAISINS KGS FLYBERRY,0.05251366120218579,19.167486338797815,9.61,6628.14
AGMARK GHEE 500 ML HERITAGE,0.27388535031847133,99.96815286624204,43.0,16110.0
AJWA DATES KGS FLYBERRY LOOSE KGS,0.008035714285714287,2.9330357142857144,0.45,915.55
AJWAIN 100g,0.35260115606936415,128.69942196531792,61.0,4270.0
AK COUNTRY EGGS 6PC PACK AKSHAYA KALPA,0.20202020202020202,73.73737373737373,20.0,3000.0
AK ORGANIC HIGH PROTEIN PANEER 200g,0.7906976744186046,288.6046511627907,68.0,11520.0
AKSHAYA KALPA ORGANIC COW GHEE 195ml,0.0915032679738562,33.39869281045751,14.0,4498.0
AKSHAYA MULTI FLORAL RAW HOENY 250g,0.2541436464088398,92.76243093922652,46.0,8880.0
AKSHAYAKALPA TABLE BUTTER SALTED 100g TUB ORGANIC,1.0,365.0,1.0,125.0
AKSHAYAKALPA UNSALTED TABLE BUTTER 100g TUB ORGANIC,0.047337278106508875,17.27810650887574,8.0,960.0
AKSHYAKALPA ORGANIC TONED MILK UHT 1Lt. TETRA,0.2,73.0,2.0,250.0
ALMOND DRAGES KG LOOSE FLYBERRY,0.01270440251572327,4.6371069182389935,2.02,4235.78
ALMOND MILK 1Lt UNSWEETENED EPIGAMIA,0.06382978723404255,23.29787234042553,3.0,975.0
ALMOND REGULAR  250 GM,0.11538461538461539,42.11538461538462,3.0,900.0
ALMONDO 200g CHOCOLATE AMUL,0.07964601769911504,29.07079646017699,9.0,2070.0
ALMONDO BAR 35g CHOCOLATE AMUL,2.814814814814815,1027.4074074074074,76.0,2660.0
ALPHONSO LOCAL KG LOOSE,4.724897959183673,1724.5877551020408,463.04,98534.95
ALPHONSO MANGO PC RATNAGIRI,2.1,766.5,105.0,14541.0
AMERI DATES KG FLYBERRY,0.024761904761904763,9.038095238095238,0.52,745.92
AMLA,3.647377049180328,1331.2926229508196,667.47,92474.63
AMLA CANDY KG FLYBERRY,0.014916666666666667,5.444583333333333,1.79,1111.32
AMLA PICKLE  250g AHA,0.05952380952380952,21.726190476190474,10.0,900.0
AMLA PICKLE  500g AHA,0.0425531914893617,15.53191489361702,4.0,700.0
AMLA PICKLE 250GMS VELLANKI FOODS,0.08187134502923976,29.88304093567251,14.0,1740.0
AMRUTHA - A2 ORGANIC CURD. 500g AKSHAYAKALPA,1.043956043956044,381.0439560439561,190.0,13300.0
AMUL BUTTER 500G SALTED,0.09615384615384616,35.09615384615385,10.0,3050.0
AMUL CHEESE SPREAD PLAIN 200g,0.03759398496240601,13.721804511278195,5.0,554.0
AMUL DARK CHOCOLATE 125G,0.18947368421052632,69.15789473684211,18.0,3037.9
AMUL FRUIT N NUT CHOCOLATE ILU 150g,0.08860759493670886,32.34177215189874,14.0,2800.0
AMUL INDIA TWILIGHT TRYST 125g,1.0,365.0,1.0,200.0
AMUL PROCESSED CHEESE BLOCK200g,0.05172413793103448,18.879310344827587,9.0,1160.9
ANAR,23.441639344262292,8556.198360655737,4289.82,1298240.47
ANJEER BOX PACK ANAND,0.024096385542168676,8.795180722891567,2.0,144.0
ANJUR JUICE,3.0,1095.0,3.0,180.0
APPLE BARE,0.026097560975609755,9.52560975609756,3.21,413.30999999999995
APPLE JUICE,0.0763888888888889,27.881944444444446,11.0,1980.0
APPLE MILKSHAKES,0.050724637681159424,18.51449275362319,7.0,440.0
APPLE ROYAL GALA,14.645081967213116,5345.454918032788,2680.05,1037085.41
APRICOTS ORANGE TURKISH KG FLYBERRY,0.04616666666666667,16.850833333333334,5.54,8816.85
ARTISANAL CURD 400g EPIGAMIA,0.025,9.125,3.0,300.0
ARTISANAL ORGANIC SET CURD 400g AKSHAYAKALPA,0.27485380116959063,100.32163742690058,47.0,3760.0
ASH GOURD,8.306612021857923,3031.913387978142,1520.11,59776.4
ASH GOURD JUICE,2.0,730.0,2.0,80.0
ASL  IDLY & DOSA BATTER  1KG,1.0,365.0,1.0,95.0
ASPARAGUS KG SAMBERRY,1.04,379.6,1.04,249.2
AVOCADO IMP SAMBERRY,1.825464480874317,666.2945355191257,334.06,132425.83
AVOCADO JUICE,0.021739130434782608,7.934782608695652,2.0,200.0
AVOCADO LOCAL,0.3450877192982456,125.95701754385965,59.01,13517.87
Akshayakalpa Organic Ghee 490ml,0.08387096774193549,30.612903225806456,13.0,10307.0
Alubukhar LOOSE KG FLYBERRY,0.022945205479452054,8.375,3.35,2653.4
Apple Milk Shake,0.12962962962962962,47.31481481481481,7.0,700.0
BABY CORN PEELED,3.2131147540983607,1172.7868852459017,588.0,22932.0
BABY CORN PEELED SAMBERRY,0.02119047619047619,7.734523809523809,2.67,506.91999999999996
BABY ORANGE,7.119945355191257,2598.780054644809,1302.95,357851.54
BABY POTATO,2.7429670329670333,1001.1829670329671,499.22,25345.3
BACHALAKURA,2.174918032786885,793.8450819672131,398.01,27139.46
BADAM FLAVOURED MILK 180ML  PP BOTTLE HERITAGE,3.3736263736263736,1231.3736263736264,614.0,18420.0
BAILLEY  WATER 1LTR,0.34065934065934067,124.34065934065934,62.0,1234.0
BAILLEY WATER  500ML,0.967032967032967,352.967032967033,176.0,1746.1
BAJRA FLOUR 500G,0.22099447513812154,80.66298342541437,40.0,1843.0
BAMBINO ROASTED VERMICELI 500G,0.375,136.875,6.0,420.0
BAMBINO ROASTED VERMICELLI 800G,0.2608695652173913,95.21739130434783,6.0,702.0
BAMBINO VERMICELLI 500GM,0.4,146.0,6.0,318.0
BANANA CASHEWNUT LOAF 350g KALSAN FOODS,0.1592356687898089,58.12101910828025,25.0,3750.0
BANANA CHOCOCHIP LOAF 350g KALSAN FOODS,4.2430939226519335,1548.7292817679556,768.0,115200.0
BANANA FLOWER,0.6464088397790055,235.939226519337,117.0,3042.0
BANANA LEAF,4.761904761904762,1738.095238095238,100.0,500.0
BANANA TREE,4.0,1460.0,8.0,472.0
BANANAJUICE,0.1597222222222222,58.29861111111111,23.0,1150.0
BANANAS 30g FLYBERRY GOURMET,0.3880597014925373,141.6417910447761,52.0,2548.0
BANDARU HALWA 250g VELLANKI FOODS,0.48554913294797686,177.22543352601156,84.0,14355.0
BANGINAPALLI MANGO LOOSE KGS,35.79330708661417,13064.557086614172,4545.75,670243.84
BARNYARD MILLET UDALU 500G,0.14383561643835616,52.5,21.0,1700.0
BASIL LEAF KG ENGLISH ITEM SAMBERRY,0.015284090909090909,5.578693181818181,2.69,788.98
BASMATHI RICE 1KG,0.6685082872928176,244.00552486187843,121.0,16940.0
BAT PAPAD 200G EVR,0.07518796992481203,27.44360902255639,10.0,478.4
BEAUTY PEARS,3.9116939890710385,1427.768306010929,715.84,273667.21
BEET ROOT,14.242295081967214,5198.437704918033,2606.34,104431.36
BELGIAN CHOCOLATE 125g AMUL,0.096,35.04,12.0,2142.0
BELLAM KOMMULU 250g VELLANKI FOODS,0.44886363636363635,163.83522727272728,79.0,10845.0
BELLAM SUNNIVUNDALU 250g VELLANKI FOODS,0.4748603351955307,173.3240223463687,85.0,14550.0
BESAN 500g,0.9157303370786517,334.2415730337079,163.0,11336.5
BIG BRINJAL BLUE,1.983932584269663,724.1353932584269,353.14,20074.45
BIRYANI LEAFS 50G,0.46111111111111114,168.30555555555557,83.0,2075.0
BITTER CHOCOLATE 150g 90% BITTER AMUL,0.2857142857142857,104.28571428571428,10.0,2000.0
BITTER CHOCOLATE 150g AMUL,0.06741573033707865,24.60674157303371,12.0,2380.0
BITTER GAURD KARAM PODI 100g VELLANKI FOODS,0.034482758620689655,12.586206896551724,6.0,388.0
BITTER GOURD,3.9447540983606557,1439.8352459016394,721.89,42064.89
BITTER GUARD PICKLE 250G VELLANKI FOODS,0.013793103448275862,5.0344827586206895,2.0,230.0
BLACK GRAPES,1.259455782312925,459.70136054421766,185.14,24874.17
BLACK PEPPER WHOLE 50G,0.5,182.5,88.0,6600.0
BLACK ROUND BRINJAL,4.691803278688525,1712.5081967213116,858.6,43584.51
BLACK SEEDED GRAPES,0.9103448275862069,332.2758620689655,158.4,36073.39
BLUE BERRY,4.19672131147541,1531.8032786885246,768.0,229863.0
BOMBAY RAWA 500g,0.5397727272727273,197.01704545454547,95.0,3575.0
BOMBAY RAWA1Kg,0.776536312849162,283.43575418994413,139.0,9031.75
BOONDI 250g VELLANKI FOODS,1.2486187845303867,455.74585635359114,226.0,32914.0
BOONDI LADDU 250g VELLANKI FOODS,1.4134078212290502,515.8938547486033,253.0,39465.0
BOONDI MITAI ATCHU 250g VELLANKI FOODS,0.9550561797752809,348.59550561797755,170.0,25870.0
BOORELU 250g VELLANKI FOODS,0.574585635359116,209.72375690607734,104.0,15735.0
BOTTLE GOURD,35.885245901639344,13098.11475409836,6567.0,242595.43
BRINTAN TOFU PANEER 200G,1.0,365.0,1.0,69.0
BRITANNIA MILK BIKIS 71GM,1.0,365.0,1.0,10.0
BROWN ANJEER BOX TURKEY,2.5118110236220472,916.8110236220473,319.0,41151.0
BROWN CHANA 500g,0.5934065934065934,216.5934065934066,108.0,7020.0
BROWN EGGS 6PC UPF HEALTHY U N V,0.3163841807909605,115.48022598870058,56.0,5544.0
BROWN RICE 5kg,0.0821917808219178,30.0,12.0,4740.0
BROWN RICE HMT 1kg,0.288135593220339,105.16949152542374,51.0,4335.0
BUFFALO CURD 400g SIDS FARM,1.8626373626373627,679.8626373626374,339.0,28815.0
BUFFALO GHEE 250g  VELLANKI FOODS,1.7456140350877194,637.1491228070175,199.0,44775.0
BUFFALO GHEE 350g SIDS FARM,0.25280898876404495,92.2752808988764,45.0,18230.0
BUFFALO GHEE 500ml JIVIKA ORGANICS,0.08333333333333333,30.416666666666664,2.0,998.0
BUSH BEANS,11.993770491803279,4377.726229508196,2194.86,246068.31
BUTTER GARLIC N HERBS 100g AMUL,0.4175824175824176,152.41758241758242,76.0,5209.1
BUTTER MILK 170ML HERITAGE SACHET,10.0,3650.0,20.0,200.0
BUTTER MILK PLAIN 200ml POUCH AKSHAYA KALPA,2.4444444444444446,892.2222222222223,176.0,3520.0
BUTTER MILK SPICED 200ml POUCH AKSHAYA KALPA,1.6938775510204083,618.265306122449,166.0,3320.0
BUTTER SCHOOL PACK 100g AMUL,0.45045045045045046,164.4144144144144,50.0,3710.0
BUTTER UNSALTED 500G AMUL,0.06432748538011696,23.47953216374269,11.0,3349.0
BUTTON MUSHROOM,18.89071038251366,6895.109289617486,3457.0,168699.54
Banana Stem,1.120879120879121,409.1208791208791,204.0,5916.0
Banana Yalakki,8.947213114754097,3265.7327868852453,1637.34,224911.6
Beetroot Juice,0.0979020979020979,35.73426573426573,14.0,980.0
Black Chilly,17.449234972677594,6368.970765027322,3193.21,253825.32
CABBAGE,17.08065573770492,6234.439344262296,3125.76,78451.57
CALIFORINA RED GRAPES,1.5791803278688525,576.4008196721312,288.99,123298.41
CALIFORNIA BLACK seedless GRAPES,1.22,445.3,1.22,427.18
CALIFORNIAN ALMOND PREMIUM KG FLYBERRY,0.12333333333333332,45.016666666666666,22.2,39896.82
CALIFORNIAN ALMOND REGULAR KG  FLYBERRY,0.10371584699453552,37.85628415300547,18.98,19940.55
CAPSICUM,10.326448087431695,3769.1535519125687,1889.74,137833.5
CAPSICUM RED SAMBERRY,0.9549180327868853,348.5450819672131,174.75,58228.08
CAPSICUM YELLOW SAMBERRY,1.0805464480874318,394.39945355191264,197.74,66726.47
CARROT,35.93890710382514,13117.701092896175,6576.82,410615.81
CARROT JUICE,0.3333333333333333,121.66666666666666,58.0,4060.0
CARROT N BEETROOT JUICE,0.23076923076923078,84.23076923076924,42.0,2940.0
CARRY BAG 8Kg HOLDING CAPACITY,18.306010928961747,6681.693989071037,3350.0,40185.6
CARRY BAG MEDIUM 5Kg HOLDING CAPACITY,48.540983606557376,17717.45901639344,8883.0,53298.0
CARRY BAG SML 1Kg HOLDING CAPACITY,0.028368794326241134,10.354609929078014,4.0,12.0
CASHEW 320 COUNT 250 GM,0.1724137931034483,62.931034482758626,5.0,1500.0
CASHEW 320 KG FLYBERRY,0.16472527472527473,60.12472527472528,29.98,34506.9
CASHEW BROKEN 2 PIECE  KGSFLYBERRY,0.12686813186813187,46.30686813186813,23.09,25410.0
CASHEW TIKKA FLAVOUR FLYBERRY,0.053816793893129766,19.643129770992363,7.05,12682.8
CASHEW WITH CHOCO COATED FLYBERRY,0.011666666666666667,4.258333333333334,0.21000000000000002,233.2
CAULIFLOWER,20.060109289617486,7321.939890710382,3671.0,127826.1
CDM CRACKLE 36G,1.0,365.0,1.0,50.0
CHAKKI ATTA GODHUMA PINDI 1Kg,0.22857142857142856,83.42857142857143,8.0,520.0
CHAMA DUMPA,4.69792349726776,1714.7420765027323,859.72,38453.09
CHAMANTHI FLOWERS POOLU KG LOOSE,1.5,547.5,3.0,1308.87
CHANA DAL 1Kg,0.18181818181818182,66.36363636363636,32.0,4113.0
CHANA DAL 250g VELLANKI FOODS,0.22988505747126436,83.9080459770115,40.0,5250.0
CHANA DAL 500g,0.6927710843373494,252.86144578313252,115.0,7445.0
CHAT MURMURA 500 GM,0.4022346368715084,146.81564245810057,72.0,4680.0
CHEDDAR CHEESE 200g MILKY MIST,0.044444444444444446,16.22222222222222,6.0,900.0
CHEESE BLOCK 200G HERITAGE,0.18285714285714286,66.74285714285715,32.0,4217.0
CHEESE BLOCK 200G MILKY MIST,0.08396946564885496,30.64885496183206,11.0,1570.0
CHEESE CUBES 120g HERITAGE,0.104,37.96,13.0,1178.35
CHEESE CUBES 120g MILKY MIST,0.07453416149068323,27.20496894409938,12.0,1373.0
CHEESE CUBES 200g MILKY MIST,0.0423728813559322,15.466101694915254,5.0,845.0
CHEESE EASY OPEN CHIPLET CUBES 60X8X25g AMUL,0.11194029850746269,40.85820895522388,15.0,2025.0
CHEESE SLICE 100G MILKY MIST,0.6077348066298343,221.8232044198895,110.0,8664.47
CHEESE SLICES 100g AMUL 5PC PACK,0.47770700636942676,174.36305732484075,75.0,6415.0
CHEESE SLICES 100g HERITAGE,0.5,182.5,36.0,2070.0
CHEESE SLICES 200g AMUL 10PC PACK,0.4161849710982659,151.90751445086707,72.0,10199.57
CHEESE SLICES 200g HERITAGE,0.09278350515463918,33.8659793814433,9.0,1935.0
CHEESE SLICES 200g MILKYMIST,0.3131868131868132,114.31318681318682,57.0,8514.0
CHEESE SPREAD 200g AMUL,0.1282051282051282,46.79487179487179,5.0,550.0
CHEESE SPREAD GARLI 200g MILKY MIST,0.043795620437956206,15.985401459854016,6.0,715.0
CHEESE SPREAD GARLIC200G AMUL,0.18181818181818182,66.36363636363636,2.0,224.0
CHEESE SPREAD NATURAL OR PLAIN 200g MILKYMIST,0.02127659574468085,7.76595744680851,3.0,355.0
CHEESE SPREAD PEPPER 200g MILKY MIST,0.018691588785046728,6.822429906542055,2.0,240.0
CHEGODI 250g VELLANKI FOODS,1.934065934065934,705.934065934066,352.0,51264.0
CHEKKARAKELI BANANA,4.690928961748634,1712.1890710382515,858.44,105288.19
CHERRY LOCAL ANAND,4.966666666666667,1812.8333333333335,298.0,60574.0
CHERRY TOMATO KG RED SAMBERRY,0.1430701754385965,52.22061403508772,16.31,4324.5
CHERUKU GADDALU,30.0,10950.0,60.0,1920.0
CHERUKU RASALU KG LOOSE,6.0775,2218.2875,461.89,76365.67
CHIA SEEDS KGS FLYBERRY,0.06341040462427747,23.144797687861274,10.97,9326.2
CHICKEN BONE LESS PICKLE 250g VELLANKI FOODS,0.03508771929824561,12.807017543859649,6.0,2125.0
CHICKPEAS 50g FLYBERRY GOURMET,0.1875,68.4375,3.0,147.0
CHICOOS SAPOTA JUICE,0.2543352601156069,92.83236994219652,44.0,2640.0
CHICOOS(Sapota),1.686065573770492,615.4139344262295,308.55,25203.0
CHIKKUDU SEED PACK,0.04450292397660819,16.24356725146199,7.61,2284.98
CHIKKUDUKAI,5.577267759562841,2035.702732240437,1020.64,107260.2
CHIKKUDUKAYA PICKLE 250g AHA,0.01935483870967742,7.064516129032258,3.0,270.0
CHINNA RASALU KG LOOSE,14.577213114754098,5320.682786885246,889.21,123437.86
CHINTA CHIGURU,0.3476923076923077,126.9076923076923,58.76,27442.06
CHOCOLATE 150G HBD PACK AMUL,0.09803921568627451,35.78431372549019,15.0,3000.0
CHOCOLATE MILK SHAKE 180ML HERITAGE,1.4034090909090908,512.2443181818181,247.0,6424.0
CHOUSA MANGO KG LOOSE,2.5030434782608695,913.6108695652174,57.57,13006.95
CHOWCHOW,0.46056603773584903,168.1066037735849,24.41,1141.94
CINNAMON DALCHINI KG FLYBERRY,0.00784,2.8615999999999997,0.98,927.1999999999999
CLOVES 50g,0.3898305084745763,142.28813559322035,69.0,6210.0
CLUSTER BEANS,5.83568306010929,2130.024316939891,1067.93,63949.94
COCONUT,20.19672131147541,7371.803278688525,3696.0,162488.22
COCONUT KARAM 100G  VELLANKI FOODS,0.09022556390977443,32.932330827067666,12.0,772.0
COCONUT MANGO,4.84484375,1768.36796875,310.07,59162.729999999996
COCONUT MILK YOGURT-BLUEBERRY EPIGAMIA,1.0,365.0,1.0,70.0
COCONUT SLICE KGS FLYBERRY,0.011200000000000002,4.088000000000001,1.4000000000000001,657.06
COFFEE XTRA 100g JAR INSTANT SOUTH BLEND CONTINENTAL,0.05027932960893855,18.35195530726257,9.0,2174.0
COKE 250ML,1.0625,387.8125,17.0,340.0
COLD PRESSED SUN DRIED COCONUT OIL 1LT MESMARA,0.11428571428571428,41.714285714285715,4.0,2396.0
COLD PRESSED WHITE SESAME OIL 500ML MESMARA,0.13793103448275862,50.3448275862069,4.0,1400.0
COLOUR CUCUMBER,14.367486338797814,5244.132513661202,2629.25,95482.76
CONTINENTAL XTRA 50g JAR PLUS 25g JAR FREE SOUTH BLEND,0.12345679012345678,45.06172839506173,10.0,1193.7
CONTINENTAL XTRA INSTANT SOUTH BLEND COFFEE 150g POUCH,0.07017543859649122,25.614035087719298,12.0,4258.0
COOKING BUTTER 100G MILKY MIST,0.4659090909090909,170.05681818181816,82.0,6141.75
COOKING BUTTER 100g AMUL UNSALTED,0.4444444444444444,162.2222222222222,40.0,2558.0
COOKING BUTTER 200G HERITAGE,0.17834394904458598,65.09554140127388,28.0,3630.0
COOKING BUTTER 500g HERITAGE,0.0893854748603352,32.625698324022345,16.0,5120.0
COOKING BUTTER UNSALTED 200g MILKY MIST,0.14838709677419354,54.16129032258064,23.0,3334.0
COOKING UNSALTED BUTTER 500g MILKY MIST,0.08888888888888889,32.44444444444444,16.0,5680.0
COPRA POWDER 100G EVR,0.24260355029585798,88.55029585798816,41.0,2136.75
CORIANDER,10.822295081967214,3950.1377049180333,1980.48,188619.91
CORIANDER 200g,0.569060773480663,207.70718232044197,103.0,6945.0
CORN FLAKES 200G EVR,0.12345679012345678,45.06172839506173,10.0,490.0
CORN FLAKES MIXTURE250g VELLANKI FOODS,1.1657458563535912,425.49723756906076,211.0,28884.7
CORN FLOUR 200g EVR,0.1111111111111111,40.55555555555555,9.0,342.0
COW GHEE 200ml JAR AMUL HIGH AROMA,0.2,73.0,36.0,5432.8
COW GHEE 250G VELLANKI FOODS,0.6491228070175439,236.9298245614035,74.0,16650.0
COW GHEE 350g SIDS FARM,0.275,100.37500000000001,44.0,22100.0
COW GHEE 500ml PET JAR MILKYMIST,0.022857142857142857,8.342857142857143,4.0,1692.0
COW MILK 500ML POUCH SIDS FARM,10.98360655737705,4009.016393442623,2010.0,83589.86
COW MILK 500ml GOLDEN HERITAGE,1.0,365.0,1.0,31.0
CREAMY COFFEE HAZELNUT 22g CONTINENTAL,0.4166666666666667,152.08333333333334,10.0,300.0
CRUNCHY BANANA CHIPS 100g FLYBERRY,0.05555555555555555,20.277777777777775,9.0,1125.0
CRUNCHY BANANA CHIPS 250g FLYBERRY,0.0449438202247191,16.40449438202247,4.0,1196.0
CRUNCHY BANANA CHIPS 65g FLYBERRY,0.16666666666666666,60.83333333333333,4.0,396.0
CUCUMBER,30.318907103825136,11066.401092896174,5548.36,218653.87
CUCUMBER WHITE,1.32,481.8,1.32,90.8
CUMIN JEERA KG FLYBERRY,0.005436893203883496,1.9844660194174761,0.56,528.2
CURD 135g POUCH MILKY MIST,9.738888888888889,3554.6944444444443,1753.0,17530.0
CURD 500g POUCH HERITAGE,17.120218579234972,6248.879781420765,3133.0,155741.25
CURD CUP 200G HERITAGE,1.4316939890710383,522.568306010929,262.0,6525.0
CURD CUP 400GHERITAGE,2.3934426229508197,873.6065573770492,438.0,20063.0
CURD POUCH 400g MILKY MIST,5.076502732240437,1852.9234972677593,929.0,38764.0
CURD TUB 1KG HERITAGE,4.939890710382514,1803.0601092896175,904.0,98142.23
CURRY LEAVES,3.4701092896174863,1266.5898907103824,635.03,59596.840000000004
CUSTARD APPLE ANAND,8.338965517241379,3043.722413793103,725.49,195140.17
DABBAKAI,0.2696629213483146,98.42696629213484,48.0,2415.0
DALCHINI 50g,0.659217877094972,240.6145251396648,118.0,7080.0
DALMOTI 250g VELLANKI FOODS,0.7540983606557377,275.24590163934425,138.0,20920.0
DAMPUDU BIYYAM 1Kg AISHWARYA,0.12,43.8,6.0,445.0
DARK CHOCOLATE 150g AMUL,0.5263157894736842,192.10526315789474,10.0,2000.0
DARK CHOCOLATE 150g BEST WISHES AMUL,0.10714285714285714,39.107142857142854,18.0,3736.0
DASHERI MANGO KG LOOSE,8.045940594059406,2936.768316831683,812.64,173487.08
DATE BITES 160g FLYBERRY,1.4537037037037037,530.6018518518518,157.0,46823.4
DATES POWDER 180g FLYBERRY,0.02666666666666667,9.733333333333334,4.0,1596.0
DEHYDRATED GINGER  KGS FLYBERRY,0.12,43.8,0.12,126.27
DEHYDRATED KIWI KG FLYBERRY,0.008679245283018869,3.1679245283018873,1.3800000000000001,1214.52
DEHYDRATED MANGO KG FLYBERRY,0.017672955974842766,6.45062893081761,2.81,3502.5
DEHYDRATED PAPAYA  KGS FLYBERRY,0.030000000000000002,10.950000000000001,0.21000000000000002,173.34
DEHYDRATED PINEAPPLE KG FLYBERRY,0.010392156862745099,3.793137254901961,1.59,1922.4
DERI DATES KG FLYBERRY,0.014393063583815027,5.253468208092484,2.4899999999999998,2215.8
DESI COW GHEE 500ml JIVIKA ORGANICS,0.07575757575757576,27.651515151515152,10.0,9990.0
DIAMOND MISRI 200G,0.37222222222222223,135.86111111111111,67.0,2520.0
DILKUSH GRAPES KG LOOSE,1.8735897435897435,683.8602564102564,146.14,21595.82
DISCO PUMPKIN,1.0073224043715847,367.67267759562844,184.34,7251.85
DONDAKAI,21.52737704918033,7857.492622950821,3939.51,178902.06
DOODH PEDA 200g HERITAGE,1.3038674033149171,475.91160220994476,236.0,29419.0
DOSA BATTER MIX 900g DSL,2.8524590163934427,1041.1475409836066,522.0,41680.0
DOSE WITH IMMUNITY BOOSTERS - 6 EGGS PACK ABHI EGGS,0.2857142857142857,104.28571428571428,48.0,6000.0
DOUBLE BEANS,0.72,262.8,0.72,85.44
DOUBLE HORSE URAD ROUND 1KG,0.7588235294117647,276.9705882352941,129.0,24720.0
DR GOOD EGGS CAROTENOID 12 PACK,1.5195530726256983,554.6368715083798,272.0,42003.6
DR GOOD EGGS CAROTENOID 30 PACK,0.6140350877192983,224.12280701754386,105.0,38904.0
DRAGAN FRUIT JUICE,0.03225806451612903,11.774193548387096,3.0,300.0
DRAGON Â FRUIT,4.1143715846994535,1501.7456284153006,752.93,126788.39
DRIED BLACKBERRY KG FLYBERRY,0.027142857142857142,9.907142857142857,0.19,598.0
DRIED BLUEBERRY KG FLYBERRY,0.04027932960893855,14.70195530726257,7.21,18805.4
DRIED CRANBERRY WHOLE KG FLYBERRY,0.07099378881987578,25.91273291925466,11.43,12562.0
DRIED DATES YELLOW250 GM,2.0,730.0,2.0,250.0
DRUMSTICK,71.89617486338798,26242.103825136615,13157.0,106917.69
DRY CHURRA KG FLYBERRY,0.029285714285714283,10.689285714285713,4.51,3309.9
DRY COCONUT 250G EVR,0.30939226519337015,112.9281767955801,56.0,7820.0
DRY COCONUT KG FLYBERRY,0.012111801242236027,4.42080745341615,1.9500000000000002,1162.8
EGGS 12PS FARM MADE FREE RANGE U N V,0.7237569060773481,264.17127071823205,131.0,37859.0
EGGS 6PC FARM MADE FREE RANGE U N V,1.1475409836065573,418.8524590163934,210.0,31290.0
EGGS 6PC JUST LAID VN POULTRY,5.459016393442623,1992.5409836065573,999.0,79920.0
EGGS 6PC UPF HEALTHY WHITE U N V,0.15151515151515152,55.303030303030305,25.0,2225.0
ELEPHANT FOREST HONEY 250G 1+1,0.050359712230215826,18.381294964028775,7.0,574.6
ELEPHANT FOREST HONEY 500G 1+1,1.0,365.0,1.0,159.5
ELEPHANT SEEDED DATES 400G(CUPS) (1+1 OFFER),0.1702127659574468,62.12765957446808,8.0,920.0
ELEPHANT SEEDLESS HONEY DATES400G+10,0.07936507936507936,28.96825396825397,10.0,1990.0
ELEPHANT YAM,2.213551912568306,807.9464480874317,405.08,37894.58
ENG ITEM BROCOLI SAMBERRY,2.523497267759563,921.0765027322404,461.8,166019.06
ENG ITEM CELERY SAMBERRRY,0.03358823529411765,12.259705882352941,5.71,1257.3
ENG ITEM CHINESE CABBAGE SAMBERRY,0.15260355029585798,55.700295857988166,25.79,5339.01
ENG ITEM COLOUR CABBAGE SAMBERRY,0.3824861878453039,139.60745856353594,69.23,14381.61
ENG ITEM GREEN LETTUCE SAMBERRY,0.3112568306010929,113.6087431693989,56.96,14676.64
ENG ITEM PARSLEY SAMBERRY,0.007103448275862069,2.592758620689655,1.03,320.46
EUROPEN CUCUMBER,13.57120218579235,4953.488797814208,2483.53,156041.7
FIGS AFGHANI NORMAL KG FLYBERRY,0.14145251396648045,51.630167597765364,25.32,47772.840000000004
FILTER COFFE STRONG 5 10ml ID FRESH,1.0,365.0,1.0,55.0
FILTER COFFEE 150ML ID FRESH,0.08064516129032258,29.43548387096774,5.0,700.0
FILTER COFFEE 150ML NEW BOLD ID FRESH,0.3076923076923077,112.30769230769232,4.0,540.0
FINGER CHIPS PAPAD 200G EVR,0.5882352941176471,214.7058823529412,10.0,478.4
FLAX SEED OIL 1L MESMARA,0.02666666666666667,9.733333333333334,4.0,2396.0
FLAX SEEDS KGS FLYBERRY,0.05894117647058823,21.513529411764704,10.02,2814.56
FLY BERRY DERI DATES 255g,2.4261363636363638,885.5397727272727,427.0,84575.0
FLYBERRY CASHEW 4 PIECE,0.009451219512195122,3.4496951219512195,1.55,1566.01
FLYBERRY CRISPY SWEET CORN 12g,0.125,45.625,3.0,147.0
FLYBERRY CRUNCHY BANANA CHIPS 25g,0.16666666666666666,60.83333333333333,6.0,297.0
FLYBERRY DREAMY DERI DATES 220g,0.4046242774566474,147.6878612716763,70.0,27930.0
FLYBERRY DREAMY DERI DATES 400G,0.4431818181818182,161.76136363636363,78.0,54521.99
FLYBERRY KNOCKOUT KALMI DATES 200g,0.06779661016949153,24.74576271186441,12.0,2988.0
FLYBERRY KNOCKOUT KALMI DATES 400g,0.11224489795918367,40.96938775510204,11.0,4939.0
FLYBERRY MEDJOUL MAJESTIC DATES 400g BOX,0.21511627906976744,78.51744186046511,37.0,36963.0
FLYBERRY MINI MEDJOUL DATES 200g BOX,0.13559322033898305,49.49152542372882,24.0,9876.0
FLYBERRY SHAHJEERA CARAWAY SEEDS,0.11,40.15,0.11,104.94
FLYBERRY SPICE OKRA CHIPS 25g,0.2589928057553957,94.53237410071942,36.0,1782.0
FLYBERRY SPICED CHICKPEAS CRISP 31g,0.3333333333333333,121.66666666666666,2.0,99.0
FLYBERRY STRAWBERRY DEHYDRATED REGULAR,0.051176470588235295,18.679411764705883,6.96,11113.6
FOXTAIL MILLET KORRALU BIYYAM 500g,0.07758620689655173,28.31896551724138,9.0,720.0
FREEDOM GROUNDNUTOIL 1LT,0.7375886524822695,269.21985815602835,104.0,16962.0
FREEDOM MUSTARD OIL 1 Lt,1.0,365.0,1.0,178.0
FREEDOM RF SUNFLOWER OIL 1LT POUCH,2.2295081967213113,813.7704918032787,408.0,64739.0
FREEDOM RICE BRAN 1LTR,0.8497109826589595,310.1445086705202,147.0,22978.0
FREEDOM SUNFLOWER OIL 5LT,0.14457831325301204,52.77108433734939,24.0,18903.6
FREEDOM SUNFLOWER OIL PET 1LT,0.5413533834586466,197.593984962406,72.0,12080.0
FREEDOM SUNFLOWER OIL PET 2LT,0.18823529411764706,68.70588235294117,32.0,11375.99
FRESH CREAM 200ML HERITAGE,1.0,365.0,1.0,65.0
FRESH CREAM 250ML AMUL,0.36,131.4,45.0,3101.0
FRESH CREAM 250ml UHT MILKY MIST,0.30857142857142855,112.62857142857142,54.0,4320.0
FRESH DATES YELLOW BOX ANAND,0.3684210526315789,134.4736842105263,7.0,489.30000000000007
FRESH LOOSE PANEER,1.7206321839080458,628.0307471264367,299.39,155474.76
FRESH PANEER BLOCK 200g AMUL,0.38095238095238093,139.04761904761904,24.0,2280.0
FRIED GRAM PUTANA 250g,0.9666666666666667,352.8333333333333,174.0,7827.75
FRUIT BASKET 120 SADGURU,5.0,1825.0,5.0,600.0
FRUIT BASKET 170 SADGURU,0.1111111111111111,40.55555555555555,5.0,850.0
FRUIT BASKET 200,0.09375,34.21875,3.0,675.0
FRUIT BASKET 200 SADGURU,0.11627906976744186,42.44186046511628,10.0,2000.0
FRUIT BASKET 240 SADGURU,1.0,365.0,1.0,240.0
FRUIT BASKET 250 RAJU,0.08196721311475409,29.918032786885245,5.0,1330.0
FRUIT BASKET 300 SADGURU,0.06976744186046512,25.46511627906977,3.0,900.0
FRUIT BASKET 350 RAJU,0.15,54.75,9.0,3150.0
FRUIT BASKET 450 SADGURU,1.0,365.0,1.0,320.0
FRUIT BOWL NRG,0.17073170731707318,62.31707317073171,28.0,1260.0
FRUIT BREAD 200g SML SPENCERS AKSHAYA NANDA,0.6534653465346535,238.5148514851485,66.0,1980.0
FRUIT N NUT 150g DARK CHOCOLATE AMUL,0.17341040462427745,63.29479768786127,30.0,5980.0
FRUIT YOGHURT BB 100g MILKYMIST,0.8944444444444445,326.47222222222223,161.0,4830.0
FRUIT YOGURT 75g ALPHONSO MANGO EPIGAMIA,0.5885714285714285,214.82857142857142,103.0,3605.0
FRUIT YOGURT 75g STRAWBERRY EPIGAMIA,0.7087912087912088,258.70879120879124,129.0,4515.0
FULL CREAM MILK 500ml HERITAGE,27.961748633879782,10206.03825136612,5117.0,211274.0
FlyberryAlmondRoastedSalted,0.12,43.8,0.12,236.0
FlyberryBrazilNut,0.03256756756756757,11.887162162162163,4.82,16905.0
FlyberryCashew180,0.05238095238095238,19.11904761904762,1.1,2204.0
FlyberryHazelnut,0.010499999999999999,3.8324999999999996,1.68,3176.8
FlyberryMacadamia,0.010151515151515153,3.7053030303030305,0.67,3729.0
FlyberryMelonSeeds,0.05073033707865168,18.516573033707864,9.03,9004.0
FlyberryPeriPeriAlmond,0.07,25.55,0.07,132.0
FlyberryPrunes,0.004080459770114942,1.489367816091954,0.71,1255.54
G ELAICHI 50g,0.7175141242937854,261.89265536723167,127.0,29610.0
GAJANAN ORANGE PRM HMT RAW RICE 1Kg,0.2073170731707317,75.67073170731707,34.0,2890.0
GAJANAN ORANGE PRM HMT RAW RICE 5Kg,0.10559006211180125,38.54037267080746,17.0,7140.0
GAJANAN ORANGE PRM HMT RICE 1Kg,0.09826589595375723,35.86705202312139,17.0,1360.0
GAJANAN ORANGE PRM HMT RICE 5Kg,0.12280701754385964,44.82456140350877,21.0,8085.0
GAJANAN TELANGANA SONA RICE 1Kg,0.2546583850931677,92.9503105590062,41.0,3075.0
GAJANAN TELANGANA SONA RICE 5Kg,0.15757575757575756,57.51515151515151,26.0,8820.0
GARAM MASALA 100g VELLANKI FOODS,0.06172839506172839,22.530864197530864,10.0,708.0
GARLIC,6.128688524590164,2236.97131147541,1121.55,181961.57
GARLIC PEELED BOX,2.3579545454545454,860.6534090909091,415.0,26630.8
GARLIC PICKLE 250g AHA,0.17391304347826086,63.47826086956522,4.0,400.0
GAVVALU SWEET 250G VELLANKI FOODS,2.0163934426229506,735.983606557377,369.0,51995.0
GEMS KG FLYBERRY,0.03280487804878049,11.973780487804879,5.38,3252.0
GHEE 200ML PET JAR MILKY MIST,0.05,18.25,9.0,1650.0
GHEE ARISELU 250g VELLANKI FOODS,1.0769230769230769,393.07692307692304,196.0,33515.0
GINGER,8.765628415300545,3199.454371584699,1604.11,162048.46
GINGER GARLIC PASTE 250G VELLANKI FOODS,0.3956043956043956,144.39560439560438,72.0,8370.0
GINGER PICKLE 250G VELLANKI FOODS,0.30939226519337015,112.9281767955801,56.0,6530.0
GINGER PICKLE 250g AHA,0.09580838323353294,34.970059880239525,16.0,1600.0
GINGER PICKLE 500g AHA,0.10204081632653061,37.244897959183675,5.0,1000.0
GOLD DROP SUNFLOWER OIL 1Lt pouch,0.994475138121547,362.98342541436466,180.0,28504.2
GOLDEN COW GHEE 500 ML HERITAGE,0.3063583815028902,111.82080924855492,53.0,19875.0
GOLDEN KIWI FRUIT BIG,0.07352941176470588,26.83823529411765,5.0,395.0
GOLDEN KIWI SMALL,11.39864864864865,4160.506756756757,1687.0,109152.55
GONGURA PANDU MIRAPAKAYA PICKLE  500g AHA,0.03424657534246575,12.5,5.0,874.99
GONGURA PANDU MIRAPAKAYA PICKLE 250g  AHA,0.05521472392638037,20.153374233128833,9.0,810.0
GONGURA PICKLE 250g  AHA,0.0893854748603352,32.625698324022345,16.0,1440.0
GONGURA PICKLE 250g VELLANKI FOODS,0.13114754098360656,47.868852459016395,24.0,2915.0
GONGURA PICKLE 500g  AHA,0.02112676056338028,7.711267605633803,3.0,525.0
GONGURA(PUNTIKURA),3.402622950819672,1241.9573770491802,622.68,42112.0
GRAPE JUICE,0.05223880597014925,19.067164179104477,7.0,370.0
GREEK CEREALS YOGHURT 100g MILKY MIST,0.2289156626506024,83.55421686746988,38.0,1520.0
GREEK HONEY AND FIG YOGHURT 100g MILKY MIST,0.1523809523809524,55.61904761904763,16.0,640.0
GREEK YOGHURT 100g MILKY MIST,0.44516129032258067,162.48387096774195,69.0,2760.0
GREEK YOGURT 85g  ALPHONSO MANGO  EPIGAMIA,0.8994413407821229,328.2960893854749,161.0,9660.0
GREEK YOGURT ALPHONSO MANGO SMOOTHIE 180ml EPIGAMIA,0.4777777777777778,174.38888888888889,86.0,6880.0
GREEK YOGURT BLUEBERRY 90g EPIGAMIA,0.9672131147540983,353.0327868852459,177.0,10620.0
GREEK YOGURT BLUEBERRY SMOOTHIE 180ml EPIGAMIA,0.43352601156069365,158.23699421965318,75.0,6000.0
GREEK YOGURT MIXED BERRY ZERO ADDED SUGAR 120g EPIGAMIA,0.22,80.3,33.0,2340.0
GREEK YOGURT NATURAL 90g EPIGAMIA,0.96045197740113,350.56497175141243,170.0,9975.0
GREEK YOGURT STRAWBERRY 85g EPIGAMIA,0.7897727272727273,288.26704545454544,139.0,8340.0
GREEK YOGURT STRAWBERRY SMOOTHIE 180ml EPIGAMIA,0.36464088397790057,133.0939226519337,66.0,5200.0
GREEK YOGURT STRAWBERRY ZERO ADD SUGAR 120g EPIGAMIA,0.28703703703703703,104.76851851851852,31.0,2170.0
GREEK YOGURT VANILLA BEAN 90g EPIGAMIA,0.425414364640884,155.27624309392266,77.0,4620.0
GREEK YOGURT WILD RASBERRY 85g EPIGAMIA,0.6502732240437158,237.34972677595627,119.0,7409.99
GREEN APPLE,0.863465909090909,315.1650568181818,151.97,57267.08
GREEN CHILLY,11.292185792349725,4121.647814207649,2066.47,158356.02
GREEN PEAS,4.3792,1598.408,328.44,58912.81
GREEN PEAS BATANI 500G EVR,0.19101123595505617,69.71910112359551,34.0,5610.0
GREEN PEAS SEED PAC,0.30216216216216213,110.28918918918917,22.36,9988.7
GROUND NUT,1.964972375690608,717.2149171270719,355.66,40331.22
GROUND NUT OIL 1Lt. COLD PRESSED MESMARA,0.19753086419753085,72.09876543209876,32.0,13440.0
GUAVA HYBRID BIG ANAND,8.896775956284152,3247.3232240437155,1628.11,208875.02
GUAVA Local,0.1813253012048193,66.18373493975905,15.05,1940.93
GULAB JAM MIX 200g MILKY MIST,0.07482993197278912,27.312925170068027,11.0,1470.0
GULABI ROUND BRINJAL,4.850939226519337,1770.592817679558,878.02,64226.23
Ginger Imbued Honey 250g BT,0.17582417582417584,64.17582417582418,16.0,3600.0
Ginger Imbued Honey 500g BT,0.07692307692307693,28.07692307692308,8.0,3240.0
Green Kiwi Small,16.628415300546447,6069.371584699453,3043.0,117932.0
HAZELNUT CHOCOLATE SPREAD 200g,1.0,365.0,1.0,499.0
HEKATPY BUCK WHEAT COOKIES 125g,0.5,182.5,4.0,500.0
HEKATPY PEARL MILLET COOKIE 125g,1.0,365.0,1.0,125.0
HEKATPY QUINO COOKIES 125g,1.6666666666666667,608.3333333333334,5.0,625.0
HEKTAPY HEALTHY DEL JOWAR 125G,0.375,136.875,3.0,375.0
HEKTAPY HEALTHY DEL RAGI 125G,0.625,228.125,5.0,625.0
HEKTAPY MULTI MILLET S.N,0.45454545454545453,165.9090909090909,5.0,625.0
HEKTAPY OAT COOKIES  125g,1.0,365.0,1.0,125.0
HEKTAPY RAJGIRI COOKIES 125g,0.375,136.875,3.0,375.0
HIMALAYAN HONEY 225g APIS,0.13636363636363635,49.772727272727266,3.0,495.0
HIMALAYAN HONEY 500g APIS,0.6363636363636364,232.27272727272728,7.0,2275.0
HIMAYATH MANGO KG LOOSE,6.716304347826087,2451.451086956522,617.9,193772.48
HOME DELIVERY CHARGES,30.0,10950.0,30.0,30.0
HULLED WHITE SESAME OIL 1Lt. MESMARA,0.042735042735042736,15.598290598290598,5.0,3500.0
I.Orange Pack of 4,0.26136363636363635,95.39772727272727,23.0,2407.0
ICE BERG ENGLISH ITEM SAMBERRY,0.37394444444444447,136.48972222222224,67.31,15235.21
IDLI KARAM 100g VELLANKI FOODS,0.24043715846994534,87.75956284153006,44.0,2584.0
IDLI POWDER AKA GUNDPOWDER AKA KARAM PODI PREMIUM KG LOOSE FLYBER,0.09,32.85,0.09,73.51
IDLY . DOSA BATTER 1KG ID FRESH,3.551912568306011,1296.448087431694,650.0,61655.0
IDLY BATTER 900g DSL,1.4615384615384615,533.4615384615385,266.0,21280.0
IDLY KARAM FLYBERRY,0.012075471698113207,4.407547169811321,1.28,631.0
IDLY RAVA1KG,0.9175824175824175,334.9175824175824,167.0,10799.75
IDLY RAWA 500g,0.2289156626506024,83.55421686746988,19.0,665.0
IDLY RAWA ORANGE 1KG AISHWARYA,0.13333333333333333,48.666666666666664,6.0,360.0
IDLY RICE  1Kg,0.17424242424242425,63.59848484848485,23.0,1610.0
IGURU KARAM 100g VELLANKI FOODS,0.056910569105691054,20.772357723577233,7.0,444.0
IMLI POP KG FLYBERRY,0.015294117647058824,5.582352941176471,1.3,620.16
IMP ORANGE CANE,0.03333333333333333,12.166666666666666,2.0,200.0
IMP Orange Juices,0.348993288590604,127.38255033557047,52.0,7800.0
IMPORTED ORANGE,2.7914754098360652,1018.8885245901638,510.84,100960.52
IMPORTED PLUMS,1.2663934426229508,462.2336065573771,231.75,76389.38
INDIAN RAISINS GREEN FLYBERRY,0.11843137254901961,43.227450980392156,6.04,3633.6
INDIAN RAISINSGOLDEN KGS FLYBERRY,0.09968992248062016,36.38682170542636,12.86,7728.0
INSIDE YELLOW MELON Kg,1.8792592592592594,685.9296296296296,101.48,4048.74
IODIZED SALT 1KG PON,0.10810810810810811,39.45945945945946,4.0,80.0
IRANIAN DATES 500g ORIGINAL AM ENTERPRISES,0.12121212121212122,44.24242424242424,12.0,2738.0
JACK FRUIT SEEDS ANAND,1.4948453608247423,545.6185567010309,145.0,12180.0
JAGGERY KESAR 450G,0.949438202247191,346.5449438202247,169.0,8600.0
JAGGERY KESAR 900G,0.6588235294117647,240.47058823529412,112.0,10681.0
JAGGERY MINI CUBES 500G EVR,0.27884615384615385,101.77884615384616,29.0,3335.0
JAGGERY POWDER 500g JIVIKA ORGANICS,0.4318181818181818,157.61363636363637,76.0,7220.0
JANTHIKALU 250g VELLANKI FOODS,1.5628415300546448,570.4371584699453,286.0,42697.41
JAVATRI 50g,0.31213872832369943,113.9306358381503,54.0,9720.0
JEERA 100g,0.28415300546448086,103.71584699453551,52.0,3380.0
JEERA 200g,0.9269662921348315,338.3426966292135,165.0,20625.0
JEERA PAPAD 200G EVR,0.13414634146341464,48.963414634146346,11.0,748.0
JIVIKA COLD PRESSED SAFFLOWER OIL 1LTR,0.1111111111111111,40.55555555555555,3.0,1619.99
JIVIKA CORIANDER POWDER 100GMS,0.1282051282051282,46.79487179487179,20.0,1100.0
JIVIKA FOREST HONEY250ml,0.1896551724137931,69.22413793103448,11.0,3080.0
JIVIKA NATURALS PEANUT BUTTER500GMS,0.0380952380952381,13.904761904761907,4.0,1596.0
JIVIKA RED CHILLI POWDER 200GMS,0.22777777777777777,83.13888888888889,41.0,6800.0
JIVIKA RED CHILLI POWDER 500GMS,0.05555555555555555,20.277777777777775,8.0,3192.0
JIVIKA TURMERIC POWDER 100GMS,0.26744186046511625,97.61627906976743,46.0,2760.0
JOWAR FLOUR 500g,0.49171270718232046,179.47513812154696,89.0,4450.0
JUBJUB GUAVA JUICE,0.028169014084507043,10.28169014084507,2.0,140.0
JUJUBIES FLYBERRY,0.07027322404371585,25.649726775956285,12.86,7689.14
KABULI CHANA 500g,0.6424581005586593,234.49720670391062,115.0,13794.0
KAJJIKAYALU 250g VELLANKI FOODS,0.7222222222222222,263.6111111111111,130.0,19015.0
KAJU PAKODI 250g VELLANKI FOODS,0.38636363636363635,141.02272727272728,68.0,15420.0
KALA JAMUN BOX PACK ANAND,6.22680412371134,2272.783505154639,604.0,67282.0
KANDI KARAM 100g  VELLANKI FOODS,0.1111111111111111,40.55555555555555,18.0,1056.0
KANDI KARAM 250GM AHA,0.06451612903225806,23.548387096774192,2.0,240.0
KARAM GAVVALU 250G VELLANKI FOODS,0.23493975903614459,85.75301204819277,39.0,5335.0
KARAM SAKINALU 250g  VELLANKI FOODS,0.17261904761904762,63.00595238095238,29.0,4245.0
KARAN PHOOL 50g,0.5301204819277109,193.49397590361448,88.0,5610.0
KARIVEPAKU KARAM 100g VELLANKI FOODS,0.12738853503184713,46.496815286624205,20.0,1224.0
KARIVEPAKU KARAM 250g AHA,0.0392156862745098,14.313725490196079,2.0,240.0
KARPURAVALLI BANANA,5.6207650273224035,2051.579234972677,1028.6,80638.42
KASOORI METHI PAPAD 200G EVR,1.6666666666666667,608.3333333333334,5.0,375.0
KASURIMETHI 50G,0.48314606741573035,176.34831460674158,86.0,3056.0
KEERA JUICE,0.16216216216216217,59.18918918918919,18.0,720.0
KESARI MANGO KG LOOSE,6.83,2492.95,628.36,146626.91
KHUS KHUS 50G,0.4508670520231214,164.5664739884393,78.0,9565.0
KIMIA DATES PLASTIC BOX 400G ORIGINAL,0.5397727272727273,197.01704545454547,95.0,23985.0
KIMJO KIMIA DATES 400g ELEPHANT,0.3728813559322034,136.10169491525423,66.0,13392.79
KINELY WATER 500ml,1.5497076023391814,565.6432748538012,265.0,2650.0
KINLEY SODA 750ML,1.0116959064327486,369.2690058479533,173.0,3460.0
KINLEY WATER 1Lt,0.6544117647058824,238.86029411764707,89.0,1780.0
KIRAN MELON,72.74395604395605,26551.543956043955,13239.4,384004.46
KISMIS GREEN 250g,0.23076923076923078,84.23076923076924,6.0,1110.0
KNOOL COOL,0.13596590909090908,49.627556818181816,23.93,1078.2
KOBBARI KARAM 250g AHA,0.02857142857142857,10.428571428571429,2.0,240.0
KOBBARI VUNDALU 250g VELLANKI FOODS,0.6795580110497238,248.0386740331492,123.0,16120.0
KODO MILLET ARIKALU 500G,0.18064516129032257,65.93548387096774,28.0,2100.0
KOTHIMEERA CORIANDER KARAM 100g VELLANKI FOODS,0.08917197452229299,32.54777070063694,14.0,844.0
KOVA KAJJIKAYALU 250g VELLANKI FOODS,0.3055555555555556,111.52777777777779,55.0,10040.0
KP MALABAR  PAROTA 5PC ID FRESH,0.9888888888888889,360.94444444444446,178.0,18682.0
KURA KARAM 100g VELLANKI FOODS,0.4375,159.6875,14.0,840.0
KURNOOL MURMURA 500g,0.7640449438202247,278.87640449438203,136.0,10948.0
Kashmir Comb Honey 500g BT,0.07633587786259542,27.862595419847327,10.0,11700.0
L G HING 50g,0.38333333333333336,139.91666666666669,69.0,6603.0
LAB LAB,3.724207650273224,1359.3357923497267,681.53,57499.51
LADIES FINGER,31.164098360655736,11374.895901639344,5703.03,308770.39
LAKSHMAN FRUIT ANAND,0.08954887218045113,32.685338345864665,11.91,5111.97
LAL MICHI WITHOUT STEM 200G EVR,0.6836158192090396,249.51977401129943,121.0,13840.0
LAL MIRCHI WITH STEM 200G EVR,0.5284090909090909,192.8693181818182,93.0,9712.0
LANGADA MANGO KG LOOSE,2.8884848484848487,1054.2969696969697,95.32000000000001,20394.18
LASSI 200ml MILKY MIST UHT ROSE,0.5925925925925926,216.29629629629628,32.0,1120.0
LASSI BLUBERRY 180ml MILKYMIST,0.5125,187.06249999999997,41.0,1355.0
LEAF ONION,1.2661748633879781,462.153825136612,231.71,17179.96
LEMON,9.290163934426229,3390.9098360655735,1700.1,282952.05
LEMON JUICE,0.08522727272727272,31.107954545454543,15.0,300.0
LEMON PICKLE  250g AHA,0.06666666666666667,24.333333333333332,11.0,825.0
LEMON PICKLE 500g  AHA,0.04411764705882353,16.10294117647059,3.0,450.0
LETTUCE RED ENG ITEM SAMBERRY,0.007539682539682539,2.7519841269841265,0.95,275.15000000000003
LETTUCE ROCKET ARUGULA KG ENGLISH ITEM SAMBERRY,0.12,43.8,0.12,36.66
LIME PICKLE 250g VELLANKI FOODS,0.08108108108108109,29.594594594594597,12.0,1210.0
LITTLE MILLET SAMELU 500g,0.18248175182481752,66.60583941605839,25.0,2470.0
LOBIA,2.22448087431694,811.9355191256831,407.08,18712.45
LONG CHILLIES,1.7238251366120216,629.1961748633879,315.46,24464.83
LOTUS ECLAIRS  250G,0.3,109.5,6.0,300.0
LOTUS KAJOOS 13.5 G,1.5443037974683544,563.6708860759494,122.0,591.5
LOTUS TANGO 20G,1.18,430.7,177.0,987.7
LOW GI RICE 1Kg AISHWARYA,0.13333333333333333,48.666666666666664,6.0,720.0
LOW GI RICE 5KG AISHWARYA,0.07692307692307693,28.07692307692308,5.0,3000.0
LYCHEE LOCAL ANAND,1.8917543859649122,690.4903508771929,107.83,49892.05
Lotus Stem SAMBERRY,0.05894117647058823,21.513529411764704,10.02,2846.25
MAAZA 600ML,1.0,365.0,12.0,504.0
MAGAYA PICKLE 250GMS VELLANKI FOODS,0.0935672514619883,34.15204678362573,16.0,2270.0
MAIDA 1 KG,0.19662921348314608,71.76966292134831,35.0,2275.0
MAIDA 500g,0.16853932584269662,61.51685393258427,30.0,1200.0
MALGUDI COFFEE 200g 60 DEGREES CONTINENTAL,0.0875,31.937499999999996,7.0,1126.98
MALGUDI COFFEE 200g 80 DEGREES CONTINENTAL,0.1111111111111111,40.55555555555555,5.0,1000.0
MALGUDI COFFEE 500g 80 DEGREE CONTINENTAL,0.06666666666666667,24.333333333333332,4.0,1598.0
MALGUDI FILTER COFFEE 500g 60 DEGREE CONTINENTAL,0.12195121951219512,44.512195121951216,5.0,1800.0
MALLIKA MANGO Kg LOOSE,3.8618055555555557,1409.5590277777778,278.05,40468.19
MANGO AVAKAYA 250g  AHA,0.09444444444444444,34.47222222222222,17.0,1470.0
MANGO AVAKAYA pPICKLE 500g AHA,0.13953488372093023,50.93023255813954,6.0,1050.0
MANGO BELLAM AVAKAI 250g AHA,0.2857142857142857,104.28571428571428,2.0,180.0
MANGO GINGER,0.09934426229508196,36.260655737704916,18.18,2403.42
MANGO JELLY ROLLS 250g VELLANKI FOODS,0.8222222222222222,300.1111111111111,148.0,22480.0
MANGO JUICE,0.18681318681318682,68.18681318681318,17.0,1190.0
MANGO MAGAYA  250g AHA,0.09497206703910614,34.66480446927374,17.0,1700.0
MANGO MAGAYA 500g AHA,0.07462686567164178,27.23880597014925,5.0,1000.0
MANGO PICKLE 250G VELLANKI FOODS,0.3442622950819672,125.65573770491802,63.0,7555.0
MARATHI MOGGA 50gms EVR,0.625,228.125,5.0,210.0
MAREDUKAYA KG LOOSE,3.0400000000000005,1109.6000000000001,9.120000000000001,1176.74
MASALA KARAM 250g AHA,1.0,365.0,1.0,140.0
MASALA PALLI 250GMS VELLANKI FOODS,0.7486033519553073,273.24022346368713,134.0,20220.0
MASOOR DAL 500g,0.3259668508287293,118.97790055248619,59.0,4360.0
MASTI BUTTER MILK 1Lt AMUL,0.9230769230769231,336.92307692307696,12.0,840.0
MASTI BUTTER MILK 200ml AMUL tetra,1.286764705882353,469.66911764705884,175.0,2625.0
MEDJOUL DATES LARGE FLYBERRY loose kgs,0.11375,41.518750000000004,20.02,39455.28
MENTI BIG,3.3585792349726775,1225.8814207650273,614.62,70809.16
METHI 100G,0.5611111111111111,204.80555555555557,101.0,3275.0
MILK BREAD 350g SPENCERS GOLDEN CRUST NANDA,1.0,365.0,1.0,55.0
MILK CHOCOLATE SMOOTH N CREAMY 150g AMUL,0.11931818181818182,43.55113636363637,21.0,4160.0
MILK SHAKE CHOCOLATE 220ML MILKY MIST,1.335164835164835,487.3351648351648,243.0,9691.2
MILK SHAKE STRAWBERRY 180ML HERITAGE,1.6216216216216217,591.8918918918919,60.0,1200.0
MILK SHAKE STRAWBERRY 180ML MILKY MIST,0.9177215189873418,334.96835443037975,145.0,5788.0
MILK SHAKE STRAWBERRY 180ml EPIGAMIA,1.3646408839779005,498.09392265193367,247.0,9866.0
MILK SHAKE VANILA 180ml EPIGAMIA,0.5030674846625767,183.61963190184048,82.0,3280.0
MILK SHAKE VANILLA 180ML MILKY MIST,0.7160493827160493,261.358024691358,58.0,2320.0
MILKSHAKE CHOCOLATE 180ml EPIGAMIA,2.5649717514124295,936.2146892655368,454.0,18150.4
MILLET DOSA BATTER 1Kg DSL,0.06349206349206349,23.174603174603174,4.0,480.0
MILLET IDLY RAWA 500GMS SRI AHARYA,0.25,91.25,12.0,1068.0
MILLET MOONG MIX 250g VELLANKI,0.5897435897435898,215.25641025641025,69.0,10650.0
MILLETS UPMA RAWA 500GMS SRI AHARYA,0.2413793103448276,88.10344827586208,7.0,623.0
MINI MEDJOUL FLYBERRY loose kgs,0.029548022598870054,10.78502824858757,5.2299999999999995,6517.84
MINUTE MAID PULPY 250 ML,0.710691823899371,259.4025157232704,113.0,2825.0
MISHTI DAHI 80g  EPIGAMIA,0.6208791208791209,226.62087912087912,113.0,3920.0
MIXED SPROUTS ANAND,9.726775956284152,3550.273224043716,1780.0,53400.0
MIXTURE 250g VELLANKI FOODS,1.4120879120879122,515.4120879120879,257.0,37369.5
MODERN  CRUST PIZZA BASE 150g,0.2857142857142857,104.28571428571428,6.0,210.0
MODERN 100% WHOLE WHEAT BREAD 400G,1.3172413793103448,480.7931034482759,191.0,10450.0
MODERN BANANA PUDDING  CAKE 140g,0.2357142857142857,86.03571428571428,33.0,1980.0
MODERN BURGER BUN,0.10144927536231885,37.02898550724638,14.0,630.0
MODERN CHOCO CHEER CAKE 120g,0.9920634920634921,362.10317460317464,125.0,4375.0
MODERN FRUIT & NUT CAKE 140g,0.4420289855072464,161.34057971014494,61.0,3660.0
MODERN HI FIBER  BROWN BREAD 400g,0.6758620689655173,246.6896551724138,98.0,5335.0
MODERN MILK PLUS BREAD 450g,1.2361111111111112,451.1805555555556,178.0,9790.0
MODERN SANDWICH SUPREME BREAD 400g,0.7412587412587412,270.55944055944053,106.0,5830.0
MODERN WOW PAV 200g,0.4375,159.6875,63.0,1890.0
MODREN FRUITY BREAD 200G,0.7092198581560284,258.86524822695037,100.0,3000.0
MOONG DAL 500G,0.6120218579234973,223.38797814207652,112.0,8960.0
MOONG DAL1kg,0.39106145251396646,142.73743016759775,70.0,11200.0
MOONG GREEN 500g,0.7231638418079096,263.954802259887,128.0,11338.94
MOONGDAL RICE RAWA 500G AISHWARYA,1.0,365.0,1.0,70.0
MOUSAMBI,9.18311475409836,3351.8368852459016,1680.51,137279.59
MOUSAMBI JUICE,0.6010928961748634,219.39890710382514,110.0,9900.0
MOZZARELLA CHEESE 200g MILKY MIST,0.1452513966480447,53.01675977653632,26.0,4370.0
MUKHWAS TINIMINI KG FLYBERRY,0.01713450292397661,6.254093567251463,2.93,907.0600000000001
MULAGAKU KARAM 100g VELLANKI FOODS,0.08552631578947369,31.217105263157894,13.0,888.0
MULBERY BOX PACK ANAND,2.2142857142857144,808.2142857142858,155.0,13020.0
MULTIGRAIN HEALTH MIX 500GMS SRI AHARYA,0.10526315789473684,38.421052631578945,6.0,954.0
MUNAGAKU KARAM 250g AHA,0.14285714285714285,52.14285714285714,2.0,240.0
MURUKULU 250g VELLANKI FOODS,1.633879781420765,596.3661202185792,299.0,44517.89
MUSK MELON - H,8.455439560439562,3086.2354395604398,1538.89,67430.56
MUSK MELON - LOCAL,3.2879166666666664,1200.0895833333332,78.91,5133.32
MUSK MELON JUICE,0.4371584699453552,159.56284153005464,80.0,4000.0
MUSTARD BIG 200g,0.3333333333333333,121.66666666666666,58.0,2440.0
MUSTARD OIL 1Lt. MESMARA,0.06611570247933884,24.132231404958677,8.0,4792.0
MUSTARD SMALL 200g,0.34831460674157305,127.13483146067416,62.0,2916.0
MYSORE PAK 250g HARD VELLANKI FOODS,0.4340659340659341,158.43406593406593,79.0,11625.0
Mango Juices,0.05303030303030303,19.356060606060606,7.0,560.0
Mango Milk Shake,1.0,365.0,1.0,60.0
Moosambi Economy,2.17,792.05,2.17,106.53
NAGPUR ORANGE,3.2705464480874316,1193.7494535519124,598.51,86418.26
NAGPUR ORANGE JUICE,0.1978021978021978,72.19780219780219,36.0,3090.0
NALLA KARAM 100g VELLANKI FOODS,0.1891891891891892,69.05405405405406,7.0,434.0
NALLA KARAM 250g AHA,0.02877697841726619,10.503597122302159,4.0,480.0
NANDA CREAM BUN VANILLA 60g,2.310344827586207,843.2758620689655,134.0,2010.0
NANDA CRM BUN CHOCOLATE 60g,1.596774193548387,582.8225806451612,99.0,1485.0
NANDA CRM BUN PINEAPPLE 60g,1.4444444444444444,527.2222222222222,91.0,1365.0
NANDA MUFFIN FRUIT 240g,1.45,529.25,87.0,6427.25
NANDA MUFFIN VANILLA 240g,1.515625,553.203125,97.0,7187.0
NANDA OSMANIA COOKIES 300g,2.2698412698412698,828.4920634920635,143.0,10148.64
NANDAS Mr BREADRY ZERO MAIDA 450g,1.0,365.0,3.0,180.0
NARINJAAKAYA KG LOOSE,2.015,735.475,4.03,459.65
NATU DONDAKAI,4.062841530054645,1482.9371584699454,743.5,39005.01
NATURAL BROWN SUGAR 1Kg JIVIKA ORGANICS,0.14606741573033707,53.31460674157303,26.0,4030.0
NATURAL COW GHEE 500ml JIVIKA ORGANICS,0.04054054054054054,14.797297297297298,6.0,2994.0
NATURAL CURD 450g SIDS FARM,5.830601092896175,2128.1693989071036,1067.0,53340.0
NATURAL ROCK SALT 1Kg JIVIKA ORGANICS,0.4748603351955307,173.3240223463687,85.0,9680.0
NATURAL THICK CURD  POUCH 400 GMS ID FRESH,0.5739644970414202,209.49704142011836,97.0,4642.0
NATURAL THICK CURD CUP 400g ID FRESH,0.0915032679738562,33.39869281045751,14.0,1100.0
NAVARATAN MIXTURE 250g VELLANKI FOODS,0.7679558011049724,280.30386740331494,139.0,21785.0
NEELAM MANGO Kg LOOSE,5.314583333333333,1939.8229166666665,382.65,57965.95
NETHI BHERAKAI,1.8866298342541437,688.6198895027625,341.48,19950.29
NUTMEG 50G,0.18674698795180722,68.16265060240964,31.0,2480.0
NUTRI+ WITH IMMUNITY BOOSTERS - 30 EGGS TRAY ABHI EGGS,0.3240223463687151,118.26815642458101,58.0,22910.0
NUTRI+ WITH IMMUNITY BOOSTERS - 6 EGGS PACK ABHI EGGS,0.5454545454545454,199.09090909090907,96.0,8064.0
NUVULA KARAM FLYBERRY,0.06,21.9,0.06,31.9
NUVVULA CHIKKI 250g VELLANKI FOODS,0.8406593406593407,306.84065934065933,153.0,23915.0
NUVVUNDALU 250g VELLANKI FOODS,0.43575418994413406,159.05027932960894,78.0,12280.0
OKRA CHIPS VACUUM FRIED 20g FLYBERRY,0.8,292.0,4.0,196.0
OLIVE OIL 1LTR MESMARA,0.08108108108108109,29.594594594594597,3.0,2997.0
OMANI SEEDLESS 250g FLYBERRY,0.30434782608695654,111.08695652173914,35.0,5211.0
ONION,72.67180327868853,26525.208196721313,13298.94,443523.94
ONION WHITE,0.6648031496062993,242.65314960629922,84.43,3798.56
ORANGE DRAGES KG LOOSE FLYBERRY,0.12,43.8,0.12,322.28
ORANGE JUICE,1.0,365.0,1.0,120.0
ORGANIC CURD. 1KG TUB AKSHAYAKALPA,0.4550561797752809,166.09550561797752,81.0,12555.0
ORGANIC GREEK YOGHURT NATURAL 100g AKSHAYAKALPA,0.3356164383561644,122.5,49.0,2940.0
ORGANIC MALAI PANEER 200g AKSHAYAKALPA,1.273224043715847,464.7267759562842,233.0,32593.0
ORGANIC- CHEESE SLICES AKSHAYAKALPA,0.11042944785276074,40.306748466257666,18.0,2160.0
ORGANIC-PROBIOTIC CURD AKSHAYAKALPA,1.5573770491803278,568.4426229508197,285.0,15675.0
OUTSIDE YELLOW MELON Kg,2.4134328358208954,880.9029850746268,161.7,6451.6
PALAK GREEN,9.896448087431693,3612.203551912568,1811.05,163396.09
PALLI GROUND NUT KARAM 100g VELLANKI FOODS,0.15432098765432098,56.32716049382716,25.0,1628.0
PALLI PEANUT CHIKKI 250g VELLANKI FOODS,1.6557377049180328,604.344262295082,303.0,45715.0
PALLI PEANUT VUNDALU 250g VELLANKI FOODS,0.4880952380952381,178.1547619047619,82.0,12400.0
PANASA POTTU,0.5362637362637362,195.73626373626374,97.6,6240.0
PANDU MIRAPAKAI PICKLE 500g AHA,0.02654867256637168,9.690265486725664,3.0,525.0
PANDUMIRAPAKAYA 250g PICKLE AHA,0.07344632768361582,26.807909604519775,13.0,1170.0
PANEER 200G HERITAGE,7.688524590163935,2806.311475409836,1407.0,163385.4
PANEER 200G ID FRESH,1.6428571428571428,599.6428571428571,299.0,39895.0
PANEER 200g SINGLE BLOCK MILKY MIST,1.5469613259668509,564.6408839779006,280.0,35820.2
PANEER 500G HERITAGE,2.442622950819672,891.5573770491802,447.0,123009.96
PANEER 500g MILKY MIST,0.13714285714285715,50.05714285714286,24.0,7660.0
PAPPAYA,20.59120218579235,7515.788797814208,3768.19,223167.08
PAPPAYA JUICE,0.17032967032967034,62.17032967032967,31.0,1550.0
PARSLEY PACK,1.0,365.0,1.0,50.0
PARVAL,1.943222222222222,709.276111111111,349.78,26222.33
PASTEURISED BUTTER 100g AMUL,0.5843373493975904,213.2831325301205,97.0,5954.0
PASUPU KOMMULU,0.20716666666666667,75.61583333333333,37.29,6793.03
PEANUT OIL 1LT COLD PRESSED JIVIKA ORGANICS,0.11627906976744186,42.44186046511628,20.0,9800.0
PERI PERI CASHEW FLYBERRY,0.165,60.225,0.33,575.0999999999999
PERSIMMON FRUIT,0.20714285714285713,75.60714285714285,5.8,4298.29
PGB SOYA CHUNKS 200G MEDIUM,0.10909090909090909,39.81818181818181,18.0,1260.0
PGB SOYA CHUNKS SMALL 200G,0.11834319526627218,43.19526627218935,20.0,1400.0
PINE APPLE,3.8579234972677594,1408.1420765027322,706.0,66681.0
PINE APPLE JUICE,0.38461538461538464,140.3846153846154,70.0,6900.0
PINK LADY APPLE,3.6617514124293784,1336.5392655367232,648.13,236727.24
PISTA FLAVOURED MILK 200ML HERITAGE,1.289617486338798,470.7103825136612,236.0,7080.0
PISTA GREEN SHELLED KG FLYBERRY,0.05761363636363637,21.028977272727275,10.14,27287.05
PLAIN BUTTER MILK 200ML UHT AKSHAYA KALPA,1.1722222222222223,427.86111111111114,211.0,6330.0
PLAIN CUP PAPAD 200G EVR,0.05625,20.53125,9.0,468.0
PLUMS LOCAL BOX ANAND,0.78125,285.15625,50.0,3554.0
POHA MEDIUM 500g,1.171270718232044,427.5138121546961,212.0,11552.25
POKCHOY LEAF SAMBERRY,0.029125,10.630625,4.66,1061.06
POMEGRANATE CANE,0.2777777777777778,101.3888888888889,5.0,500.0
POMEGRANATE JUICE,0.3812154696132597,139.1436464088398,69.0,12420.0
POMEGRANATE SEEDS,0.2558139534883721,93.37209302325581,11.0,1089.0
PONAGANTI KURA,0.5856830601092896,213.7743169398907,107.18,7518.32
POOJA GINGELLY OIL 1LTR,0.23404255319148937,85.42553191489363,22.0,5940.0
POOJA OIL 500ML,0.15555555555555556,56.77777777777778,28.0,3892.0
POOJA PATRI PACK,29.5,10767.5,59.0,1947.0
POPU SEEDS LOOSE,1.0,365.0,1.0,100.0
POTATO,54.3824043715847,19849.577595628416,9951.98,487956.76
POTATO CHIPS 200G EVR,0.2,73.0,10.0,680.0
PREMIUM FREEZE DIRED COFFEE 50gm JAR CONTINENTAL,0.03571428571428571,13.035714285714285,4.0,1200.0
PREMIUM MILK BREAD 400g SPENCERS AKSHAYA  FOODS,4.284153005464481,1563.7158469945357,784.0,43120.0
PREMIUM SANDWICH BREAD 400g SPENCERS AKSHAYA FOODS ENGLISH RECIPE,0.926605504587156,338.2110091743119,101.0,5555.0
PRM BROWN BREAD 400g MR BREADY NANDAS,0.3979591836734694,145.25510204081633,39.0,2145.0
PRM CHITTIMUTYALU RICE 1KG GAJANAN,0.14285714285714285,52.14285714285714,5.0,850.0
PRM HMT RAW RICE 26KG BAG GAJANAN,0.1340782122905028,48.93854748603352,24.0,43428.0
PRM HMT RICE 26KG BAG GAJANAN,0.0641025641025641,23.397435897435894,5.0,8210.0
PROSO MILLET VARIGALU 500g,0.1937984496124031,70.73643410852713,25.0,3750.0
PUDHINA,3.041530054644809,1110.1584699453554,556.6,35355.33
PULIHORA PASTE 250G VELLANKI FOODS,0.13142857142857142,47.97142857142857,23.0,2665.0
PUMPKIN,6.787213114754098,2477.3327868852457,1242.06,47868.92
PUMPKIN SEEDS KG FLYBERRY,0.11907103825136611,43.46092896174863,21.79,23855.56
PURE O FRESH EGGS 30 pack,4.300546448087432,1569.6994535519127,787.0,196234.74
PURE O FRESH EGGS 6 PACK,10.192307692307692,3720.1923076923076,1855.0,100072.8
PUTNALU KOBBARIKARAM 250g AHA,0.018867924528301886,6.886792452830188,3.0,360.0
Pomogranate Pack of 4,0.6978021978021978,254.6978021978022,127.0,29393.0
QUINOA SEEDS KGS FLYBERRY,0.12,43.8,0.12,55.8
RAGI FLOUR 500G,0.9116022099447514,332.7348066298343,165.0,8124.0
RAGULU 500g,0.4,146.0,72.0,3240.0
RAISIN N ALMOND 150G CHOCOLATE AMUL,0.0990990990990991,36.171171171171174,11.0,2750.0
RASAM PODI 100g VELLANKI FOODS,0.07100591715976332,25.91715976331361,12.0,728.0
RAW BANANA(GREEN PLANTIN),11.656502732240437,4254.623497267759,2133.14,128694.31999999999
RAW HONEY 500g BT ROYAL BEE PON,0.06,21.9,3.0,1140.0
RAW HONEY 950G BT ROYAL BEE PON,0.0625,22.8125,3.0,2160.0
RAW MANGO,5.464371584699454,1994.4956284153006,999.98,61097.94
RAW PEANUT 1KG,0.9776536312849162,356.8435754189944,175.0,29674.0
RAW PEANUT500g,1.5384615384615385,561.5384615384615,280.0,24895.5
RED BANTHI POOLU KGS LOOSE,4.055,1480.0749999999998,8.11,1451.33
RED BULL CAN 250ml,0.4897959183673469,178.77551020408163,24.0,3000.0
RED CHERRY FLYBERRY,0.06269230769230769,22.882692307692306,9.78,5771.13
RED CHILLI PAPAD 200G EVR,0.1276595744680851,46.59574468085106,6.0,408.0
RED CHILLI PICKLE 250G VELLANKI FOODS,0.10919540229885058,39.856321839080465,19.0,2295.0
RED LOBIYA 500g,0.2616279069767442,95.49418604651163,45.0,4270.0
RED RAJMA 500g,0.28823529411764703,105.20588235294117,49.0,4900.0
RED RICE 1KG,0.13253012048192772,48.37349397590362,11.0,1183.0
RED SEEDLESS GRAPES,0.28,102.2,0.28,122.95
REDCHILLY,0.6,219.0,0.6,33.49
RIBBON PAKODI 250g VELLANKI FOODS,1.281767955801105,467.84530386740335,232.0,32950.0
RICE FLOUR 500G,0.7758620689655172,283.1896551724138,135.0,6495.0
RICE RAVA IDLY BATTER 1KG ID FRESH,0.3651685393258427,133.2865168539326,65.0,6175.0
RICE RAWA 500g,0.46629213483146065,170.19662921348313,83.0,3320.0
RIDGE GOURD,35.29901639344263,12884.14098360656,6459.72,368571.19
ROASTED CHANA 200G,2.5,912.5,10.0,500.0
ROASTED SALTED ALMOND  KGS FLYBERRY,0.11,40.15,0.11,174.9
ROASTED SALTED PISTA KG FLYBERRY,0.08227777777777778,30.03138888888889,14.81,27159.99
ROMAIN LETTUCE KG ENGISH ITEM SAMBERRY,0.05424581005586593,19.799720670391064,9.71,2468.75
ROSE FLOWER POOLU KG LOOSE,1.08,394.20000000000005,2.16,942.63
ROSE LONG BRINJAL,9.66344262295082,3527.156557377049,1768.41,111942.42
ROUND CHEKKALU 250g VELLANKI FOODS,1.0,365.0,1.0,160.0
RUBUSTA BANANA,23.77617486338798,8678.303825136612,4351.04,204084.65
RUMANI MANGO KG LOOSE,0.7707692307692308,281.33076923076925,20.04,1788.97
Raw Forest Honey 1000g BT,0.06201550387596899,22.635658914728683,8.0,5544.0
Raw Forest Honey 500g BT,0.14193548387096774,51.806451612903224,22.0,8118.0
Raw Jamun Honey 1000g BT,0.042735042735042736,15.598290598290598,5.0,3780.0
Raw Jamun Honey 500g BT,0.04819277108433735,17.590361445783135,8.0,3168.0
Raw Neem Honey 1000g BT,0.06896551724137931,25.17241379310345,4.0,3024.0
Raw Neem Honey 500g BT,0.09090909090909091,33.18181818181818,10.0,3960.0
Raw Pappaya,0.26297709923664125,95.98664122137406,34.45,1678.86
Red Banana,1.0389071038251367,379.2010928961749,190.12,23570.56
Royalaga Pack of 4,1.0,365.0,182.0,27061.0
SABJA SEEDS KG FLYBERRY,0.03529411764705882,12.882352941176471,6.0,3184.2400000000002
SABUDANA 250g,0.550561797752809,200.95505617977528,98.0,4110.0
SAFFLOWER OIL 1Lt. COLD PRESSED MESMARA,0.04477611940298507,16.34328358208955,6.0,3240.0
SAMBAR ONION CHENNAI,0.882,321.93,8.82,846.72
SAMBAR PODI 100g VELLANKI FOODS,0.13609467455621302,49.67455621301775,23.0,1392.0
SAMBAR Â ONION,1.9793442622950819,722.4606557377049,362.21999999999997,14163.039999999999
SANNAPOOSA 250g VELLANKI FOODS,0.7900552486187845,288.37016574585635,143.0,20310.0
SAUNF 100gm EVR,1.25,456.25,5.0,225.0
SESAME OIL 1Lt COLD PRESSED JIVIKA ORGANICS,0.11042944785276074,40.306748466257666,18.0,9450.0
SET CURD 1kg BUCKET MILKY MIST,1.1485714285714286,419.22857142857146,201.0,24120.0
SET CURD 200g MILKY MIST,0.38372093023255816,140.05813953488374,66.0,2178.0
SET CURD 400g MILKY MIST,0.366120218579235,133.63387978142077,67.0,4355.0
SHAH JEERA 50g,0.6685393258426966,244.01685393258427,119.0,9960.0
SHRIKAND ELAICHI 100g MILKY MIST,0.08536585365853659,31.158536585365855,14.0,630.0
SHRIKAND MANGO 100g MILKY MIST,0.10674157303370786,38.96067415730337,19.0,855.0
SID FARMS MALAI PANEER 200g,2.158469945355191,787.8415300546447,395.0,47993.0
SIMLA APPLE,3.9555555555555557,1443.7777777777778,142.4,29255.1
SINGLE POLISH RICE 1Kg,0.2727272727272727,99.54545454545453,48.0,3840.0
SINGLE POLISH RICE 5Kg,0.25161290322580643,91.83870967741935,39.0,15405.0
SKYR YOGHURT 100g MILKYMIST,0.24675324675324675,90.06493506493507,38.0,2280.0
SMALL AMLA,0.024453125,8.925390625,3.13,354.14
SMALL CAPSICUM,1.4068539325842695,513.5016853932584,250.42,21541.67
SNAKE GOURD,2.371256830601093,865.5087431693989,433.94,30806.8
SOAN PATTI 250g VELLANKI FOODS,0.13559322033898305,49.49152542372882,24.0,4245.0
SONA MASURI TELANGANA STEAM RICE 26KG GAJANAN,0.05555555555555555,20.277777777777775,5.0,7750.0
SOYA CHUNKS MEDIUM 200G EVR,0.6353591160220995,231.9060773480663,115.0,6485.0
SOYA CHUNKS SMALL 200G EVR,0.6830601092896175,249.3169398907104,125.0,5247.9
SOYAKURA,0.11227777777777778,40.98138888888889,20.21,1401.56
SPECIAL  LONG LIFE MILK 500ML HERITAGE,4.081967213114754,1489.9180327868853,747.0,25423.0
SPECIAL LONG LIFE COW MILK 180ML HERITAGE,3.4835164835164836,1271.4835164835165,634.0,7878.39
SPECIALE COFFEE 200g JAR CONTINENTAL,1.0,365.0,1.0,749.0
SPICE ALMOND DRAGEE KG LOOSE FLYBERRY,0.17,62.050000000000004,0.17,373.83
SPICE BUTTER MILK 200ml UHT AKSHAYA KALPA,1.5698324022346368,572.9888268156425,281.0,8430.0
SPICED TARO CHIPS 30g FLYBERRY GOURMET,1.0,365.0,1.0,99.0
SPICY ALOO CHIPS 100g VELLANKI FOODS,1.2472527472527473,455.24725274725273,227.0,14325.0
SPRITE 600ML,1.2,438.0,12.0,480.0
SPRITE PET  250ML,0.6918604651162791,252.52906976744185,119.0,2360.0
SPROUTED RAGI FLOUR 500GMS SRI AHARYA,0.21052631578947367,76.84210526315789,8.0,552.0
SRI DIVYA DEEPARDHANA OIL 910 ML,2.0,730.0,2.0,380.0
SRI LALITHA BROWN RICE 5KG SONAMASOORI,0.2857142857142857,104.28571428571428,2.0,830.0
SRI LALITHA HMT RICE 10KG,0.21052631578947367,76.84210526315789,4.0,3560.0
SRI LALITHA HMT RICE 26KG,1.0,365.0,1.0,1670.0
SRI LALITHA IDLY RAVA 1KG,0.8333333333333334,304.1666666666667,10.0,600.0
STAR FRUIT,0.19047619047619047,69.52380952380952,12.0,1068.0
STAR PAPAD 200G EVR,0.1,36.5,8.0,384.0
STRAWBERRY FLAVOURED MILK 180ML HERITAGE,1.4189944134078212,517.9329608938548,254.0,7336.0
STRAWBERRY LOCAL ANAND BOX,7.0,2555.0,7.0,518.0
SUGAR 1 KG,1.2185792349726776,444.78142076502735,223.0,11764.0
SUGAR 2 KG,0.23809523809523808,86.9047619047619,40.0,3960.0
SUGAR CANE PACK,0.5595238095238095,204.22619047619048,94.0,2632.0
SUGAR FREE DARK CHOCOLATE 150g AMUL,0.5882352941176471,214.7058823529412,20.0,4000.0
SUN MELON YELLOW,1.3,474.5,1.3,46.73
SUNFLOWER OIL 1LT COLD PRESSED MESMARA,0.08620689655172414,31.465517241379313,15.0,8145.0
SUNFLOWER OIL 1Lt COLD PRESSED JIVIKA ORGANICS,0.14634146341463414,53.41463414634146,24.0,11040.0
SUNFLOWER OIL COLDPRESSED 5L MESMARA,1.0,365.0,1.0,2690.0
SUNFLOWER SEEDS KG FLYBERRY,0.09028368794326241,32.95354609929078,12.73,12082.1
SWEET ALMOND OIL100ML MESMARA,0.03614457831325301,13.192771084337348,3.0,1347.0
SWEET CORN,38.31693989071038,13985.683060109288,7012.0,102729.3
SWEET CORN SEED,2.240437158469945,817.7595628415299,410.0,20500.0
SWEET POTATO,12.268469945355191,4477.9915300546445,2245.13,130210.12
Small Bitter Gourd,2.288618784530387,835.3458563535912,414.24,26423.58
Snake Gourd Small,0.029130434782608693,10.632608695652173,2.01,79.6
TABLE BUTTER 100g HERITAGE,0.6593406593406593,240.65934065934064,120.0,7228.0
TABLE BUTTER 500G HERITAGE,0.05384615384615385,19.653846153846153,7.0,2095.0
TABLE BUTTER CHIPLITE MILKY MIST,0.3220338983050847,117.54237288135592,57.0,4437.54
TABLE BUTTER SALTED 100g MILKY MIST,0.12921348314606743,47.16292134831461,23.0,1718.0
TABLE BUTTER SALTED 200G MILKY MIST,0.07692307692307693,28.07692307692308,13.0,1895.0
TAMARIND 500g,0.5418994413407822,197.79329608938548,97.0,11245.0
TAMARIND PICKLE 250g AHA,0.05202312138728324,18.988439306358384,9.0,810.0
TAMARIND PICKLE 500g AHA,1.0,365.0,1.0,175.0
TAMARIND PICKLE250G VELLANKI FOODS,0.0625,22.8125,2.0,220.0
TAMARIND SEEDLESS 500g SRI SIVA RUDRA EVR,0.6627218934911243,241.89349112426038,112.0,17571.75
TAPESWARAM KAJA 250g VELLANKI FOODS,0.5674157303370787,207.10674157303373,101.0,14340.0
TATA IODISED CRYSTAL SALT 1KG,0.6896551724137931,251.7241379310345,20.0,440.0
TATA SALT 1KG,0.7978142076502732,291.2021857923497,146.0,4378.5
TEENDA,0.24676923076923077,90.07076923076923,16.04,1501.77
TELANGANA CHEKKALU 250g  VELLANKI FOODS,2.302197802197802,840.3021978021977,419.0,55106.0
THADKA MIX POPU DINUSULU 200G,1.0,365.0,1.0,48.0
THAI RED CHILLI KG ENGLISH ITEM SAMBERRY,0.016944444444444443,6.184722222222222,0.61,561.72
THAMALAPAKULU,4.5588235294117645,1663.9705882352941,155.0,155.0
THIS CREAMY CARAMEL 18G CONTINENTAL,0.15151515151515152,55.303030303030305,15.0,150.0
THIS CREAMY COFFEE MOCHA 22g CONTINENETAL,0.3333333333333333,121.66666666666666,25.0,950.0
THIS IS CAPPUCCINO 22g CONTINENTAL,5.0,1825.0,5.0,150.0
THIS IS CARAMEL CREAMY COFFEE22g CONTINENTAL,0.47619047619047616,173.8095238095238,10.0,300.0
THOTAPURI MANGO,2.743224043715847,1001.2767759562842,502.01,34772.34
THREE MANGO MIRCHI  PWD 500G,0.10606060606060606,38.71212121212121,14.0,5232.0
THREE MANGO MIRCHI PWD 200G,2.0,730.0,2.0,290.0
THREE MANGO RAI PWD 200G,0.11538461538461539,42.11538461538462,3.0,126.0
THREE MANGO RAI PWD 500G,0.1111111111111111,40.55555555555555,3.0,309.0
THUMMIKURA,2.83,1032.95,2.83,279.97
THUMS UP  600ml PET BOTTLE,1.5,547.5,9.0,360.0
THUMS UP 1.25L,1.0,365.0,1.0,68.0
THUMS UP 1Lt PET BOTTLE,0.5714285714285714,208.57142857142856,12.0,600.0
THUMS UP 250ML,1.294478527607362,472.4846625766871,211.0,4220.0
TIL 100G,0.6875,250.9375,121.0,4755.0
TNS DATES 200g,0.5555555555555556,202.7777777777778,5.0,450.0
TOFU PANEER 200g SAI RATNA FOODS,2.125,775.625,17.0,750.5
TOMATO (APPLE) hybrid,2.84672131147541,1039.0532786885246,520.95,29094.51
TOMATO LOCAL,105.56032786885247,38529.51967213115,19317.54,815238.32
TOMATO PICKLE  250g AHA,0.0975609756097561,35.609756097560975,16.0,1440.0
TOMATO PICKLE  500g AHA,0.061224489795918366,22.346938775510203,3.0,525.0
TOMATO PICKLE 250G VELLANKI FOODS,0.3225806451612903,117.74193548387096,10.0,1190.0
TONED MILK 500ml HERITAGE,80.06557377049181,29223.93442622951,14652.0,401154.05
TOOR  DAL FATKA POLISHED 1kg,0.7967032967032966,290.7967032967033,145.0,23307.0
TOOR DAL PRM UNPOLISHED FATKA 1KG,0.8488372093023255,309.8255813953488,146.0,24365.0
TOP MILLET ANDU KORRALU 500G,0.1610738255033557,58.79194630872483,24.0,3600.0
TOTAL CURD 120GMS HERITAGE,10.814207650273223,3947.1857923497264,1979.0,19790.0
TRIANGLE PAPAD 200G EVR,0.08411214953271028,30.700934579439252,9.0,432.0
TUTTI FRUITY KG FLYBERRY,0.01972222222222222,7.19861111111111,1.42,467.94
Thotakura,4.275191256830601,1560.4448087431692,782.36,50208.8
Tulsi Infused Honey 250g BT,0.17475728155339806,63.786407766990294,18.0,5184.0
Tulsi Infused Honey 500g BT,0.2,73.0,2.0,1080.0
UHT BUTTER MILK 180ML MILKY MIST,1.065359477124183,388.8562091503268,163.0,3260.0
ULAVACHARU 250g HASSTA,2.0327868852459017,741.9672131147541,372.0,38286.0
URAD BLACK SPLIT 500g,0.14864864864864866,54.25675675675676,11.0,935.0
URAD BLACK WHOLE 500G,0.2608695652173913,95.21739130434783,12.0,1020.0
URAD DAL UNPOLISHED 500g,0.3235294117647059,118.08823529411765,55.0,4950.0
URAD ROUND UN POLISHED 1kg,0.574585635359116,209.72375690607734,104.0,17019.75
USA FUJI APPLE,3.99551912568306,1458.3644808743168,731.18,305790.4
VAAKKAI,0.3103759398496241,113.2872180451128,41.28,3978.69
VAMPOOSA 250g VELLANKI FOODS,1.644808743169399,600.3551912568306,301.0,42759.0
VANILLA FLAVOURED MIILK 180ML HERITAGE,1.4166666666666667,517.0833333333334,17.0,510.0
VARI NUKA AISHWARYA 500G,2.0,730.0,2.0,60.0
VELLANIKI BITTER GOURD PAKODA 150G,0.5588235294117647,203.97058823529412,19.0,1938.0
VELLANKI  PESARA MURKULU 250G,0.48360655737704916,176.51639344262296,59.0,8670.0
VELLANKI AVISELA  CHIKKI 250G,0.336,122.64,42.0,6240.0
VELLANKI HEALTHY LADDU 250G,0.5573770491803278,203.44262295081967,68.0,12010.0
VELLANKI JONNA MURKULU 250G,0.7109375,259.4921875,91.0,13975.0
VELLANKI JOWARI FLAKES 250G,0.8211382113821138,299.7154471544716,101.0,15528.45
VELLANKI KAKARAKAYA CHIPS 150G,0.22900763358778625,83.58778625954199,30.0,2880.0
VELLANKI MILLET BOONDI ACTHU 250g,0.3467741935483871,126.5725806451613,43.0,6530.0
VELLANKI MILLET MIXTURE 250g,0.7480916030534351,273.0534351145038,98.0,13769.5
VELLANKI MILLET MURKULU 250g,0.7054263565891473,257.48062015503876,91.0,11585.0
VELLANKI MULTI SEEDS CHIKI 250g,0.4186046511627907,152.79069767441862,54.0,12880.0
VELLANKI VAM MURKULU 250g,0.6171875,225.2734375,79.0,12057.6
VELLANLI RAGI RIBBON PAKODI 150G,0.38636363636363635,141.02272727272728,17.0,1530.0
VENNA VUNDALU 250GMS VELLANKI FOODS,0.8603351955307262,314.0223463687151,154.0,22545.0
VINAYAKA VIGRAHAM 12 INCH,2.5,912.5,5.0,590.0
VINAYAKA VIGRAHAM 8 INCH,3.0,1095.0,9.0,801.0
VIRGIN COCONUT OIL 200ml AKSHAYA KALPA,0.08771929824561403,32.01754385964912,10.0,2890.0
VITAMIN D3  WITH IMMUNITY BOOSTERS - 6 EGGS PACK  ABHI EGGS,0.5934065934065934,216.5934065934066,108.0,10152.0
VITAMIN D3 IMMUNITY BOOSTER 30PC PACK ABHI EGGS,0.23595505617977527,86.12359550561797,42.0,18900.0
Vakai Box,1.1228070175438596,409.82456140350877,64.0,3200.0
WALNUT PREMIUM KGS FLYBERRY,0.11217877094972066,40.94525139664804,20.08,47750.4
WALNUT REGULAR  KGS FLYBERRY,0.11954545454545455,43.63409090909091,18.41,32957.28
WASHINGTON APPLE,2.876607142857143,1049.9616071428572,483.27,164479.34
WATER APPLE BOX,0.18548387096774194,67.70161290322581,23.0,2139.0
WATER MELON PLATE,2.0,730.0,2.0,60.0
WATERMELON JUICE,0.9016393442622951,329.0983606557377,165.0,8250.0
WHEAT CHAPATI 390G 10PC ID FRESH,1.0558659217877095,385.391061452514,189.0,14929.0
WHEAT GRASS,2.0,730.0,2.0,78.0
WHEAT PAROTA 5PC 400G ID FRESH,0.6648351648351648,242.66483516483515,121.0,13287.5
WHEAT RAWA MEDIUM 500g,1.2,438.0,216.0,9720.0
WHEELS PAPAD 200g EVR,0.136986301369863,50.0,10.0,480.0
WHITE JOWAR 500g,0.3,109.5,54.0,2700.0
WHITE JOWAR RAWA 500g,0.2,73.0,4.0,200.0
WHITE JOWAR SORGHUM RAWA 500GMS SRI AHARYA,0.19444444444444445,70.97222222222223,7.0,483.0
WHITE LOBIYA 500g,0.3202247191011236,116.88202247191012,57.0,5035.0
WHITE PAV 200g SPENCERS AKSHAYA FOODS,0.6851851851851852,250.0925925925926,74.0,2220.0
WHITE RADISH,3.1211475409836065,1139.2188524590163,571.17,32145.68
WHITE RAJMA 500g,0.16993464052287582,62.02614379084967,26.0,2730.0
WHITE ROUND BRINJAL,7.548196721311475,2755.0918032786885,1381.32,93133.33
WHITE SEEDLESS GRAPES,2.700225988700565,985.5824858757062,477.94,66994.76
WHOLE MEAL BROWN BREAD 400g SPENCERS AKSHAYA FOODS,2.726775956284153,995.2732240437159,499.0,27445.0
WHOLE WHEAT BREAD 400g  SPENCERS AKSHAYA FOODS,2.116022099447514,772.3480662983426,383.0,21065.0
WHOLE WHEAT BREAD 400g MR BREADY NANDAS,0.3333333333333333,121.66666666666666,5.0,275.0
WOOD APPLE,1.774,647.51,26.61,2634.79
WORKOUT TRAIL MIX KG FLYBERRY,0.042650602409638555,15.567469879518072,7.08,11347.2
XTRA 200g JAR CONTINENTAL,0.14285714285714285,52.14285714285714,4.0,2200.0
XTRA 50gm POUCH  CONTINENTAL,0.11042944785276074,40.306748466257666,18.0,3064.8
XTRA SACHET 2.3G CONTINENTAL,11.733333333333333,4282.666666666666,1056.0,2112.0
YELLOW BANTHI POOLU KGS LOOSE,0.0876595744680851,31.99574468085106,8.24,1449.43
YELLOW CAULIFLOWER PC,1.0,365.0,1.0,45.0
YELLOW DRAGON KG LOOSE,1.5233333333333334,556.0166666666667,4.57,1206.48
YELLOW JOWAR 500g,0.17582417582417584,64.17582417582418,32.0,1920.0
YELLOW JOWAR SORGHUM RAWA 500G SRI AHARYA,0.0963855421686747,35.18072289156627,8.0,760.0
YELLOW MELON,0.5852830188679246,213.62830188679246,31.02,1210.02
YOGHURT  MANGO MILKYMIST,0.7307692307692307,266.7307692307692,133.0,3990.0
YOGHURT PEACH 100GM MILKYMIST,0.5054945054945055,184.5054945054945,92.0,3030.0
YOGHURT STRAWBERRY MILKYMIST,0.7790055248618785,284.3370165745856,141.0,4230.0
YOGURT MANGO 90g AKSHAYA KALPA,0.3049645390070922,111.31205673758865,43.0,2580.0
ZUCCHIINI GREEN ENGLISH ITEM SAMBERRY,0.22486338797814207,82.07513661202185,41.15,8914.9
ZUCCHINI YELLOW ENGLISH ITEM SAMBERRY,0.20513812154696134,74.87541436464089,37.13,9121.460000000001
chinna menthi,0.7256284153005464,264.85437158469944,132.79,11743.22
chintakayalu,0.19176470588235295,69.99411764705883,32.6,2862.24
chukkakura,2.8851366120218582,1053.0748633879782,527.98,46275.08
gangavyalukura,0.17064814814814813,62.28657407407407,18.43,1272.93
koyakura,0.011454545454545455,4.180909090909091,1.26,75.06
mulagaku,0.14,51.1,0.14,18.06
pink Dragon Fruit,1.1657458563535912,425.49723756906076,211.0,39459.03
red thotakura,0.04128712871287129,15.06980198019802,4.17,311.15
simla mirchi bajji,0.1316793893129771,48.06297709923664,17.25,1610.96
