branch,product,max_gap_days
0007-ANJANEYA NAGER,AA KAKARAKAI,54.0
0007-ANJANEYA NAGER,AASHIRVAD CHILLI PWD 200G,121.0
0007-ANJANEYA NAGER,AASHIRVAD CHILLI PWD 500G,41.0
0007-ANJANEYA NAGER,AASHIRVAD SELECT ATTA 1KG,31.0
0007-ANJANEYA NAGER,AASHIRVAD TURMERIC PWD 100G,69.0
0007-ANJANEYA NAGER,AJWA DATES KGS FLYBERRY LOOSE KGS,40.0
0007-ANJANEYA NAGER,AKSHAYA MULTI FLORAL RAW HOENY 250g,33.0
0007-ANJANEYA NAGER,AKSHAYAKALPA TABLE BUTTER SALTED 100g TUB ORGANIC,inf
0007-ANJANEYA NAGER,AKSHAYAKALPA UNSALTED TABLE BUTTER 100g TUB ORGANIC,65.0
0007-ANJANEYA NAGER,ALMOND DRAGES KG LOOSE FLYBERRY,48.0
0007-ANJANEYA NAGER,ALMOND MILK 1Lt UNSWEETENED EPIGAMIA,33.0
0007-ANJANEYA NAGER,ALMONDO 200g CHOCOLATE AMUL,40.0
0007-ANJANEYA NAGER,AMLA CANDY KG FLYBERRY,39.0
0007-ANJANEYA NAGER,AMLA PICKLE  250g AHA,89.0
0007-ANJANEYA NAGER,AMLA PICKLE  500g AHA,66.0
0007-ANJANEYA NAGER,AMLA PICKLE 250GMS VELLANKI FOODS,49.0
0007-ANJANEYA NAGER,AMUL BUTTER 500G SALTED,37.0
0007-ANJANEYA NAGER,AMUL CHEESE SPREAD PLAIN 200g,89.0
0007-ANJANEYA NAGER,AMUL DARK CHOCOLATE 125G,62.0
0007-ANJANEYA NAGER,AMUL FRUIT N NUT CHOCOLATE ILU 150g,116.0
0007-ANJANEYA NAGER,AMUL INDIA TWILIGHT TRYST 125g,inf
0007-ANJANEYA NAGER,AMUL PROCESSED CHEESE BLOCK200g,59.0
0007-ANJANEYA NAGER,ANJEER BOX PACK ANAND,82.0
0007-ANJANEYA NAGER,ANJUR JUICE,inf
0007-ANJANEYA NAGER,APPLE BARE,69.0
0007-ANJANEYA NAGER,APPLE JUICE,48.0
0007-ANJANEYA NAGER,APPLE MILKSHAKES,68.0
0007-ANJANEYA NAGER,ARTISANAL CURD 400g EPIGAMIA,109.0
0007-ANJANEYA NAGER,ASH GOURD JUICE,inf
0007-ANJANEYA NAGER,ASL  IDLY & DOSA BATTER  1KG,inf
0007-ANJANEYA NAGER,ASPARAGUS KG SAMBERRY,43.0
0007-ANJANEYA NAGER,AVOCADO JUICE,91.0
0007-ANJANEYA NAGER,AVOCADO LOCAL,34.0
0007-ANJANEYA NAGER,Akshayakalpa Organic Ghee 490ml,31.0
0007-ANJANEYA NAGER,Alubukhar LOOSE KG FLYBERRY,38.0
0007-ANJANEYA NAGER,Apple Milk Shake,35.0
0007-ANJANEYA NAGER,BABY CORN PEELED SAMBERRY,87.0
0007-ANJANEYA NAGER,BAILLEY  WATER 1LTR,31.0
0007-ANJANEYA NAGER,BAILLEY WATER  500ML,40.0
0007-ANJANEYA NAGER,BANANA CASHEWNUT LOAF 350g KALSAN FOODS,66.0
0007-ANJANEYA NAGER,BARNYARD MILLET UDALU 500G,41.0
0007-ANJANEYA NAGER,BAT PAPAD 200G EVR,80.0
0007-ANJANEYA NAGER,BELGIAN CHOCOLATE 125g AMUL,49.0
0007-ANJANEYA NAGER,BITTER CHOCOLATE 150g AMUL,147.0
0007-ANJANEYA NAGER,BITTER GAURD KARAM PODI 100g VELLANKI FOODS,72.0
0007-ANJANEYA NAGER,BITTER GUARD PICKLE 250G VELLANKI FOODS,144.0
0007-ANJANEYA NAGER,BLACK SEEDED GRAPES,73.0
0007-ANJANEYA NAGER,BOMBAY RAWA 500g,35.0
0007-ANJANEYA NAGER,BRINTAN TOFU PANEER 200G,inf
0007-ANJANEYA NAGER,BRITANNIA MILK BIKIS 71GM,inf
0007-ANJANEYA NAGER,BUTTER GARLIC N HERBS 100g AMUL,33.0
0007-ANJANEYA NAGER,BUTTER SCHOOL PACK 100g AMUL,35.0
0007-ANJANEYA NAGER,BUTTER UNSALTED 500G AMUL,78.0
0007-ANJANEYA NAGER,Beetroot Juice,38.0
0007-ANJANEYA NAGER,CALIFORNIA BLACK seedless GRAPES,inf
0007-ANJANEYA NAGER,CARROT N BEETROOT JUICE,31.0
0007-ANJANEYA NAGER,CARRY BAG SML 1Kg HOLDING CAPACITY,90.0
0007-ANJANEYA NAGER,CDM CRACKLE 36G,inf
0007-ANJANEYA NAGER,CHEDDAR CHEESE 200g MILKY MIST,96.0
0007-ANJANEYA NAGER,CHEESE BLOCK 200G MILKY MIST,50.0
0007-ANJANEYA NAGER,CHEESE CUBES 120g MILKY MIST,48.0
0007-ANJANEYA NAGER,CHEESE CUBES 200g MILKY MIST,56.0
0007-ANJANEYA NAGER,CHEESE EASY OPEN CHIPLET CUBES 60X8X25g AMUL,37.0
0007-ANJANEYA NAGER,CHEESE SLICES 100g AMUL 5PC PACK,34.0
0007-ANJANEYA NAGER,CHEESE SLICES 200g HERITAGE,56.0
0007-ANJANEYA NAGER,CHEESE SPREAD GARLI 200g MILKY MIST,53.0
0007-ANJANEYA NAGER,CHEESE SPREAD NATURAL OR PLAIN 200g MILKYMIST,105.0
0007-ANJANEYA NAGER,CHEESE SPREAD PEPPER 200g MILKY MIST,106.0
0007-ANJANEYA NAGER,CHICKEN BONE LESS PICKLE 250g VELLANKI FOODS,65.0
0007-ANJANEYA NAGER,CHIKKUDUKAYA PICKLE 250g AHA,129.0
0007-ANJANEYA NAGER,CHINTA CHIGURU,71.0
0007-ANJANEYA NAGER,CHOCOLATE MILK SHAKE 180ML HERITAGE,66.0
0007-ANJANEYA NAGER,CINNAMON DALCHINI KG FLYBERRY,51.0
0007-ANJANEYA NAGER,COCONUT MILK YOGURT-BLUEBERRY EPIGAMIA,inf
0007-ANJANEYA NAGER,COCONUT SLICE KGS FLYBERRY,31.0
0007-ANJANEYA NAGER,COFFEE XTRA 100g JAR INSTANT SOUTH BLEND CONTINENTAL,84.0
0007-ANJANEYA NAGER,CONTINENTAL XTRA INSTANT SOUTH BLEND COFFEE 150g POUCH,56.0
0007-ANJANEYA NAGER,COOKING BUTTER 100g AMUL UNSALTED,35.0
0007-ANJANEYA NAGER,COOKING UNSALTED BUTTER 500g MILKY MIST,39.0
0007-ANJANEYA NAGER,CORN FLAKES 200G EVR,34.0
0007-ANJANEYA NAGER,COW GHEE 500ml PET JAR MILKYMIST,165.0
0007-ANJANEYA NAGER,COW MILK 500ml GOLDEN HERITAGE,inf
0007-ANJANEYA NAGER,CRUNCHY BANANA CHIPS 100g FLYBERRY,90.0
0007-ANJANEYA NAGER,CRUNCHY BANANA CHIPS 250g FLYBERRY,55.0
0007-ANJANEYA NAGER,CUCUMBER WHITE,inf
0007-ANJANEYA NAGER,CUMIN JEERA KG FLYBERRY,77.0
0007-ANJANEYA NAGER,DABBAKAI,55.0
0007-ANJANEYA NAGER,DARK CHOCOLATE 150g BEST WISHES AMUL,79.0
0007-ANJANEYA NAGER,DATES POWDER 180g FLYBERRY,136.0
0007-ANJANEYA NAGER,DEHYDRATED GINGER  KGS FLYBERRY,inf
0007-ANJANEYA NAGER,DEHYDRATED KIWI KG FLYBERRY,42.0
0007-ANJANEYA NAGER,DEHYDRATED MANGO KG FLYBERRY,62.0
0007-ANJANEYA NAGER,DEHYDRATED PINEAPPLE KG FLYBERRY,41.0
0007-ANJANEYA NAGER,DERI DATES KG FLYBERRY,47.0
0007-ANJANEYA NAGER,DESI COW GHEE 500ml JIVIKA ORGANICS,33.0
0007-ANJANEYA NAGER,DOUBLE BEANS,inf
0007-ANJANEYA NAGER,DRAGAN FRUIT JUICE,92.0
0007-ANJANEYA NAGER,DRIED DATES YELLOW250 GM,inf
0007-ANJANEYA NAGER,DRY COCONUT KG FLYBERRY,41.0
0007-ANJANEYA NAGER,EGGS 6PC UPF HEALTHY WHITE U N V,36.0
0007-ANJANEYA NAGER,ELEPHANT FOREST HONEY 250G 1+1,111.0
0007-ANJANEYA NAGER,ELEPHANT FOREST HONEY 500G 1+1,inf
0007-ANJANEYA NAGER,ELEPHANT SEEDLESS HONEY DATES400G+10,35.0
0007-ANJANEYA NAGER,FILTER COFFE STRONG 5 10ml ID FRESH,inf
0007-ANJANEYA NAGER,FILTER COFFEE 150ML ID FRESH,35.0
0007-ANJANEYA NAGER,FLAX SEED OIL 1L MESMARA,94.0
0007-ANJANEYA NAGER,FLYBERRY CASHEW 4 PIECE,120.0
0007-ANJANEYA NAGER,FLYBERRY KNOCKOUT KALMI DATES 200g,52.0
0007-ANJANEYA NAGER,FLYBERRY KNOCKOUT KALMI DATES 400g,35.0
0007-ANJANEYA NAGER,FLYBERRY SHAHJEERA CARAWAY SEEDS,inf
0007-ANJANEYA NAGER,FOXTAIL MILLET KORRALU BIYYAM 500g,86.0
0007-ANJANEYA NAGER,FREEDOM MUSTARD OIL 1 Lt,inf
0007-ANJANEYA NAGER,FRESH CREAM 200ML HERITAGE,inf
0007-ANJANEYA NAGER,FRESH PANEER BLOCK 200g AMUL,37.0
0007-ANJANEYA NAGER,FRUIT BASKET 120 SADGURU,inf
0007-ANJANEYA NAGER,FRUIT BASKET 170 SADGURU,33.0
0007-ANJANEYA NAGER,FRUIT BASKET 200,31.0
0007-ANJANEYA NAGER,FRUIT BASKET 240 SADGURU,inf
0007-ANJANEYA NAGER,FRUIT BASKET 250 RAJU,34.0
0007-ANJANEYA NAGER,FRUIT BASKET 350 RAJU,33.0
0007-ANJANEYA NAGER,FRUIT BASKET 450 SADGURU,57.0
0007-ANJANEYA NAGER,FRUIT BOWL NRG,35.0
0007-ANJANEYA NAGER,FlyberryAlmondRoastedSalted,inf
0007-ANJANEYA NAGER,FlyberryHazelnut,36.0
0007-ANJANEYA NAGER,FlyberryMelonSeeds,45.0
0007-ANJANEYA NAGER,FlyberryPeriPeriAlmond,inf
0007-ANJANEYA NAGER,FlyberryPrunes,78.0
0007-ANJANEYA NAGER,GAJANAN ORANGE PRM HMT RICE 1Kg,49.0
0007-ANJANEYA NAGER,GAJANAN ORANGE PRM HMT RICE 5Kg,34.0
0007-ANJANEYA NAGER,GARAM MASALA 100g VELLANKI FOODS,79.0
0007-ANJANEYA NAGER,GHEE 200ML PET JAR MILKY MIST,93.0
0007-ANJANEYA NAGER,GINGER PICKLE 250g AHA,71.0
0007-ANJANEYA NAGER,GINGER PICKLE 500g AHA,32.0
0007-ANJANEYA NAGER,GOLDEN KIWI FRUIT BIG,53.0
0007-ANJANEYA NAGER,GONGURA PANDU MIRAPAKAYA PICKLE  500g AHA,114.0
0007-ANJANEYA NAGER,GONGURA PANDU MIRAPAKAYA PICKLE 250g  AHA,64.0
0007-ANJANEYA NAGER,GONGURA PICKLE 250g  AHA,47.0
0007-ANJANEYA NAGER,GONGURA PICKLE 250g VELLANKI FOODS,52.0
0007-ANJANEYA NAGER,GONGURA PICKLE 500g  AHA,82.0
0007-ANJANEYA NAGER,GRAPE JUICE,68.0
0007-ANJANEYA NAGER,GREEK CEREALS YOGHURT 100g MILKY MIST,49.0
0007-ANJANEYA NAGER,GREEK HONEY AND FIG YOGHURT 100g MILKY MIST,69.0
0007-ANJANEYA NAGER,GREEK YOGURT MIXED BERRY ZERO ADDED SUGAR 120g EPIGAMIA,39.0
0007-ANJANEYA NAGER,GREEN PEAS BATANI 500G EVR,32.0
0007-ANJANEYA NAGER,GROUND NUT OIL 1Lt. COLD PRESSED MESMARA,45.0
0007-ANJANEYA NAGER,GUAVA HYBRID BIG ANAND,39.0
0007-ANJANEYA NAGER,GUAVA Local,45.0
0007-ANJANEYA NAGER,HAZELNUT CHOCOLATE SPREAD 200g,inf
0007-ANJANEYA NAGER,HEKATPY PEARL MILLET COOKIE 125g,inf
0007-ANJANEYA NAGER,HEKTAPY OAT COOKIES  125g,inf
0007-ANJANEYA NAGER,HOME DELIVERY CHARGES,inf
0007-ANJANEYA NAGER,HULLED WHITE SESAME OIL 1Lt. MESMARA,66.0
0007-ANJANEYA NAGER,IDLI POWDER AKA GUNDPOWDER AKA KARAM PODI PREMIUM KG LOOSE FLYBER,inf
0007-ANJANEYA NAGER,IGURU KARAM 100g VELLANKI FOODS,56.0
0007-ANJANEYA NAGER,IMLI POP KG FLYBERRY,39.0
0007-ANJANEYA NAGER,IMP ORANGE CANE,59.0
0007-ANJANEYA NAGER,IRANIAN DATES 500g ORIGINAL AM ENTERPRISES,42.0
0007-ANJANEYA NAGER,JEERA 100g,86.0
0007-ANJANEYA NAGER,JIVIKA CORIANDER POWDER 100GMS,66.0
0007-ANJANEYA NAGER,JIVIKA NATURALS PEANUT BUTTER500GMS,43.0
0007-ANJANEYA NAGER,JIVIKA RED CHILLI POWDER 500GMS,100.0
0007-ANJANEYA NAGER,JUBJUB GUAVA JUICE,70.0
0007-ANJANEYA NAGER,KARAM SAKINALU 250g  VELLANKI FOODS,61.0
0007-ANJANEYA NAGER,KARIVEPAKU KARAM 250g AHA,50.0
0007-ANJANEYA NAGER,KIMJO KIMIA DATES 400g ELEPHANT,77.0
0007-ANJANEYA NAGER,KINELY WATER 500ml,34.0
0007-ANJANEYA NAGER,KINLEY WATER 1Lt,38.0
0007-ANJANEYA NAGER,KNOOL COOL,56.0
0007-ANJANEYA NAGER,KOBBARI KARAM 250g AHA,69.0
0007-ANJANEYA NAGER,Kashmir Comb Honey 500g BT,48.0
0007-ANJANEYA NAGER,LAKSHMAN FRUIT ANAND,68.0
0007-ANJANEYA NAGER,LASSI BLUBERRY 180ml MILKYMIST,47.0
0007-ANJANEYA NAGER,LEMON JUICE,31.0
0007-ANJANEYA NAGER,LEMON PICKLE  250g AHA,72.0
0007-ANJANEYA NAGER,LEMON PICKLE 500g  AHA,34.0
0007-ANJANEYA NAGER,LETTUCE RED ENG ITEM SAMBERRY,40.0
0007-ANJANEYA NAGER,LETTUCE ROCKET ARUGULA KG ENGLISH ITEM SAMBERRY,inf
0007-ANJANEYA NAGER,LIME PICKLE 250g VELLANKI FOODS,44.0
0007-ANJANEYA NAGER,LOTUS TANGO 20G,82.0
0007-ANJANEYA NAGER,MAGAYA PICKLE 250GMS VELLANKI FOODS,38.0
0007-ANJANEYA NAGER,MAIDA 500g,42.0
0007-ANJANEYA NAGER,MALGUDI COFFEE 200g 60 DEGREES CONTINENTAL,47.0
0007-ANJANEYA NAGER,MANGO AVAKAYA 250g  AHA,104.0
0007-ANJANEYA NAGER,MANGO GINGER,78.0
0007-ANJANEYA NAGER,MANGO MAGAYA  250g AHA,85.0
0007-ANJANEYA NAGER,MANGO MAGAYA 500g AHA,58.0
0007-ANJANEYA NAGER,MASALA KARAM 250g AHA,inf
0007-ANJANEYA NAGER,MASTI BUTTER MILK 200ml AMUL tetra,39.0
0007-ANJANEYA NAGER,MILK BREAD 350g SPENCERS GOLDEN CRUST NANDA,inf
0007-ANJANEYA NAGER,MILLET DOSA BATTER 1Kg DSL,40.0
0007-ANJANEYA NAGER,MINI MEDJOUL FLYBERRY loose kgs,31.0
0007-ANJANEYA NAGER,MINUTE MAID PULPY 250 ML,63.0
0007-ANJANEYA NAGER,MODERN BURGER BUN,51.0
0007-ANJANEYA NAGER,MOONGDAL RICE RAWA 500G AISHWARYA,inf
0007-ANJANEYA NAGER,MULAGAKU KARAM 100g VELLANKI FOODS,52.0
0007-ANJANEYA NAGER,MUSTARD OIL 1Lt. MESMARA,65.0
0007-ANJANEYA NAGER,Mango Juices,113.0
0007-ANJANEYA NAGER,Mango Milk Shake,inf
0007-ANJANEYA NAGER,Moosambi Economy,inf
0007-ANJANEYA NAGER,NAGPUR ORANGE,129.0
0007-ANJANEYA NAGER,NAGPUR ORANGE JUICE,128.0
0007-ANJANEYA NAGER,NALLA KARAM 250g AHA,66.0
0007-ANJANEYA NAGER,NATURAL BROWN SUGAR 1Kg JIVIKA ORGANICS,48.0
0007-ANJANEYA NAGER,NATURAL COW GHEE 500ml JIVIKA ORGANICS,56.0
0007-ANJANEYA NAGER,NUVULA KARAM FLYBERRY,inf
0007-ANJANEYA NAGER,ONION WHITE,63.0
0007-ANJANEYA NAGER,ORANGE DRAGES KG LOOSE FLYBERRY,inf
0007-ANJANEYA NAGER,ORANGE JUICE,inf
0007-ANJANEYA NAGER,PANDU MIRAPAKAI PICKLE 500g AHA,71.0
0007-ANJANEYA NAGER,PANDUMIRAPAKAYA 250g PICKLE AHA,50.0
0007-ANJANEYA NAGER,PAPPAYA JUICE,32.0
0007-ANJANEYA NAGER,PARSLEY PACK,inf
0007-ANJANEYA NAGER,PASTEURISED BUTTER 100g AMUL,47.0
0007-ANJANEYA NAGER,PEANUT OIL 1LT COLD PRESSED JIVIKA ORGANICS,40.0
0007-ANJANEYA NAGER,PGB SOYA CHUNKS 200G MEDIUM,37.0
0007-ANJANEYA NAGER,PGB SOYA CHUNKS SMALL 200G,39.0
0007-ANJANEYA NAGER,PHOOL MAKHANA 250g,inf
0007-ANJANEYA NAGER,PISTA FLAVOURED MILK 200ML HERITAGE,36.0
0007-ANJANEYA NAGER,PLAIN CUP PAPAD 200G EVR,51.0
0007-ANJANEYA NAGER,POOJA OIL 500ML,56.0
0007-ANJANEYA NAGER,POPU SEEDS LOOSE,inf
0007-ANJANEYA NAGER,PREMIUM FREEZE DIRED COFFEE 50gm JAR CONTINENTAL,58.0
0007-ANJANEYA NAGER,PRM HMT RICE 26KG BAG GAJANAN,45.0
0007-ANJANEYA NAGER,PROSO MILLET VARIGALU 500g,37.0
0007-ANJANEYA NAGER,PULIHORA PASTE 250G VELLANKI FOODS,35.0
0007-ANJANEYA NAGER,PUTNALU KOBBARIKARAM 250g AHA,112.0
0007-ANJANEYA NAGER,QUINOA SEEDS KGS FLYBERRY,inf
0007-ANJANEYA NAGER,RASAM PODI 100g VELLANKI FOODS,37.0
0007-ANJANEYA NAGER,RAW HONEY 500g BT ROYAL BEE PON,34.0
0007-ANJANEYA NAGER,RED RICE 1KG,35.0
0007-ANJANEYA NAGER,RED SEEDLESS GRAPES,inf
0007-ANJANEYA NAGER,REDCHILLY,inf
0007-ANJANEYA NAGER,ROASTED SALTED ALMOND  KGS FLYBERRY,inf
0007-ANJANEYA NAGER,ROUND CHEKKALU 250g VELLANKI FOODS,inf
0007-ANJANEYA NAGER,Raw Forest Honey 1000g BT,52.0
0007-ANJANEYA NAGER,Raw Jamun Honey 1000g BT,51.0
0007-ANJANEYA NAGER,Raw Jamun Honey 500g BT,53.0
0007-ANJANEYA NAGER,Raw Neem Honey 1000g BT,44.0
0007-ANJANEYA NAGER,Raw Neem Honey 500g BT,39.0
0007-ANJANEYA NAGER,Raw Pappaya,42.0
0007-ANJANEYA NAGER,SAFFLOWER OIL 1Lt. COLD PRESSED MESMARA,48.0
0007-ANJANEYA NAGER,SAMBAR PODI 100g VELLANKI FOODS,31.0
0007-ANJANEYA NAGER,SESAME OIL 1Lt COLD PRESSED JIVIKA ORGANICS,62.0
0007-ANJANEYA NAGER,SHRIKAND ELAICHI 100g MILKY MIST,45.0
0007-ANJANEYA NAGER,SHRIKAND MANGO 100g MILKY MIST,54.0
0007-ANJANEYA NAGER,SKYR YOGHURT 100g MILKYMIST,35.0
0007-ANJANEYA NAGER,SMALL AMLA,123.0
0007-ANJANEYA NAGER,SONA MASURI TELANGANA STEAM RICE 26KG GAJANAN,45.0
0007-ANJANEYA NAGER,SPECIALE COFFEE 200g JAR CONTINENTAL,inf
0007-ANJANEYA NAGER,SPICE ALMOND DRAGEE KG LOOSE FLYBERRY,inf
0007-ANJANEYA NAGER,SPICED TARO CHIPS 30g FLYBERRY GOURMET,inf
0007-ANJANEYA NAGER,SPRITE PET  250ML,45.0
0007-ANJANEYA NAGER,SRI DIVYA DEEPARDHANA OIL 910 ML,inf
0007-ANJANEYA NAGER,SRI LALITHA HMT RICE 26KG,inf
0007-ANJANEYA NAGER,STAR FRUIT,59.0
0007-ANJANEYA NAGER,STAR PAPAD 200G EVR,32.0
0007-ANJANEYA NAGER,STRAWBERRY LOCAL ANAND BOX,inf
0007-ANJANEYA NAGER,SUGAR CANE PACK,56.0
0007-ANJANEYA NAGER,SUN MELON YELLOW,inf
0007-ANJANEYA NAGER,SUNFLOWER OIL 1LT COLD PRESSED MESMARA,39.0
0007-ANJANEYA NAGER,SUNFLOWER OIL 1Lt COLD PRESSED JIVIKA ORGANICS,32.0
0007-ANJANEYA NAGER,SUNFLOWER OIL COLDPRESSED 5L MESMARA,inf
0007-ANJANEYA NAGER,SWEET ALMOND OIL100ML MESMARA,43.0
0007-ANJANEYA NAGER,Snake Gourd Small,66.0
0007-ANJANEYA NAGER,TABLE BUTTER 500G HERITAGE,57.0
0007-ANJANEYA NAGER,TABLE BUTTER SALTED 100g MILKY MIST,50.0
0007-ANJANEYA NAGER,TABLE BUTTER SALTED 200G MILKY MIST,39.0
0007-ANJANEYA NAGER,TAMARIND PICKLE 250g AHA,67.0
0007-ANJANEYA NAGER,TAMARIND PICKLE 500g AHA,inf
0007-ANJANEYA NAGER,TAMARIND PICKLE250G VELLANKI FOODS,31.0
0007-ANJANEYA NAGER,THADKA MIX POPU DINUSULU 200G,inf
0007-ANJANEYA NAGER,THIS CREAMY CARAMEL 18G CONTINENTAL,98.0
0007-ANJANEYA NAGER,THIS CREAMY COFFEE MOCHA 22g CONTINENETAL,44.0
0007-ANJANEYA NAGER,THIS IS CAPPUCCINO 22g CONTINENTAL,inf
0007-ANJANEYA NAGER,THREE MANGO MIRCHI PWD 200G,inf
0007-ANJANEYA NAGER,THUMMIKURA,inf
0007-ANJANEYA NAGER,THUMS UP 1.25L,inf
0007-ANJANEYA NAGER,THUMS UP 250ML,51.0
0007-ANJANEYA NAGER,TOMATO PICKLE  250g AHA,73.0
0007-ANJANEYA NAGER,TRIANGLE PAPAD 200G EVR,34.0
0007-ANJANEYA NAGER,TURNIPS KG ENGLISH ITEM SAMBERRY,inf
0007-ANJANEYA NAGER,UHT BUTTER MILK 180ML MILKY MIST,91.0
0007-ANJANEYA NAGER,URAD BLACK SPLIT 500g,46.0
0007-ANJANEYA NAGER,VAAKKAI,55.0
0007-ANJANEYA NAGER,VARI NUKA AISHWARYA 500G,inf
0007-ANJANEYA NAGER,VELLANKI KAKARAKAYA CHIPS 150G,41.0
0007-ANJANEYA NAGER,VIRGIN COCONUT OIL 200ml AKSHAYA KALPA,31.0
0007-ANJANEYA NAGER,WATER APPLE BOX,116.0
0007-ANJANEYA NAGER,WATER MELON PLATE,inf
0007-ANJANEYA NAGER,WHEAT GRASS,inf
0007-ANJANEYA NAGER,WHITE RAJMA 500g,32.0
0007-ANJANEYA NAGER,WHITE SEEDLESS GRAPES,70.0
0007-ANJANEYA NAGER,XTRA 50gm POUCH  CONTINENTAL,88.0
0007-ANJANEYA NAGER,YELLOW BANTHI POOLU KGS LOOSE,92.0
0007-ANJANEYA NAGER,YELLOW CAULIFLOWER PC,inf
0007-ANJANEYA NAGER,YELLOW JOWAR SORGHUM RAWA 500G SRI AHARYA,36.0
0007-ANJANEYA NAGER,chintakayalu,125.0
0007-ANJANEYA NAGER,gangavyalukura,49.0
0007-ANJANEYA NAGER,koyakura,101.0
0007-ANJANEYA NAGER,mulagaku,inf
0007-ANJANEYA NAGER,red thotakura,52.0
0007-ANJANEYA NAGER,simla mirchi bajji,71.0
