product,total_qty,avg_daily_qty,qty_std,max_daily_qty,total_revenue,first_sale,last_sale,sale_days,volatility
A2 BUFFALO MILK 500ml SIDS FARM,2913.0,15.92,5.42,36.0,174094.0,2025-04-01,2025-09-30,183,0.34045226130653267
AA KAKARAKAI,334.16,3.44,1.53,7.7,69293.99,2025-04-29,2025-09-30,97,0.44476744186046513
AASHIRVAAD ATTA 1KG,167.0,1.99,1.31,6.0,12058.0,2025-04-01,2025-09-30,84,0.6582914572864322
AASHIRVAAD CRYSTAL SALT 1KG,67.0,1.26,0.52,3.0,1474.0,2025-04-20,2025-09-29,53,0.41269841269841273
AASHIRVAAD SALT 1KG,73.0,1.38,0.74,4.0,2160.0,2025-04-20,2025-09-29,53,0.5362318840579711
AASHIRVAD ATTA 2KG,39.0,1.62,0.92,4.0,4290.0,2025-07-04,2025-09-24,24,0.5679012345679012
AASHIRVAD CHILLI PWD 200G,15.0,1.5,1.08,4.0,1500.0,2025-04-19,2025-09-21,10,0.7200000000000001
AASHIRVAD CORIANDER PWD 100G,48.0,1.17,0.44,3.0,2205.7,2025-04-22,2025-09-30,41,0.3760683760683761
AASHIRVAD CORIANDER PWD 200G,5.0,1.25,0.5,2.0,460.0,2025-06-14,2025-07-12,4,0.4
AASHIRVAD MULITGRAIN ATTA 1KG,77.0,1.51,0.7,4.0,6391.0,2025-05-02,2025-09-30,51,0.46357615894039733
AASHIRVAD SELECT ATTA 1KG,72.0,1.36,0.68,4.0,5976.0,2025-04-22,2025-09-29,53,0.5
AASHIRVAD TURMERIC PWD 100G,35.0,1.52,0.9,4.0,1400.0,2025-04-19,2025-09-06,23,0.5921052631578947
ABC CANE JUICE,200.0,2.08,1.36,8.0,20000.0,2025-04-01,2025-09-30,96,0.6538461538461539
AFGHANI RAISINS KGS FLYBERRY,9.61,0.18,0.1,0.49,6628.14,2025-04-01,2025-09-30,52,0.5555555555555556
AGMARK GHEE 500 ML HERITAGE,43.0,1.16,0.37,2.0,16110.0,2025-04-21,2025-09-24,37,0.31896551724137934
AJWA DATES KGS FLYBERRY LOOSE KGS,0.45,0.15,0.08,0.24,915.55,2025-07-16,2025-09-09,3,0.5333333333333333
AJWAIN 100g,61.0,1.3,0.66,4.0,4270.0,2025-04-04,2025-09-23,47,0.5076923076923077
AK COUNTRY EGGS 6PC PACK AKSHAYA KALPA,21.0,1.11,0.32,2.0,3000.0,2025-04-01,2025-07-08,19,0.2882882882882883
AK ORGANIC HIGH PROTEIN PANEER 200g,68.0,1.66,1.3,8.0,11520.0,2025-05-31,2025-08-24,41,0.783132530120482
AKSHAYA KALPA ORGANIC COW GHEE 195ml,14.0,1.08,0.28,2.0,4498.0,2025-04-25,2025-09-24,13,0.25925925925925924
ALMOND DRAGES KG LOOSE FLYBERRY,2.02,0.17,0.07,0.24,4235.78,2025-04-22,2025-09-27,12,0.411764705882353
ALMONDO BAR 35g CHOCOLATE AMUL,76.0,3.45,2.36,9.0,2660.0,2025-07-12,2025-08-07,22,0.6840579710144927
ALPHONSO LOCAL KG LOOSE,463.04,5.09,2.62,12.64,98534.95,2025-04-02,2025-07-08,91,0.5147347740667977
ALPHONSO MANGO PC RATNAGIRI,105.0,6.56,7.96,30.0,14541.0,2025-04-05,2025-05-24,16,1.2134146341463414
AMERI DATES KG FLYBERRY,0.52,0.17,0.06,0.23,745.92,2025-04-25,2025-05-15,3,0.3529411764705882
AMLA,667.47,3.67,1.43,9.55,92474.63,2025-04-01,2025-09-30,182,0.3896457765667575
AMLA CANDY KG FLYBERRY,1.79,0.11,0.05,0.22,1111.32,2025-04-06,2025-08-03,16,0.4545454545454546
AMLA PICKLE  250g AHA,10.0,1.11,0.33,2.0,900.0,2025-04-12,2025-09-26,9,0.29729729729729726
AMLA PICKLE 250GMS VELLANKI FOODS,14.0,1.27,0.47,2.0,1740.0,2025-04-13,2025-09-30,11,0.37007874015748027
AMRUTHA - A2 ORGANIC CURD. 500g AKSHAYAKALPA,190.0,1.74,0.98,5.0,13300.0,2025-04-02,2025-09-30,109,0.5632183908045977
AMUL DARK CHOCOLATE 125G,18.0,1.5,0.67,3.0,3037.9,2025-06-21,2025-09-23,12,0.4466666666666667
AMUL FRUIT N NUT CHOCOLATE ILU 150g,14.0,1.17,0.39,2.0,2800.0,2025-04-04,2025-09-08,12,0.33333333333333337
ANAR,4289.82,23.44,8.3,53.8,1298240.47,2025-04-01,2025-09-30,183,0.35409556313993173
APPLE BARE,3.59,0.9,0.41,1.36,413.31,2025-04-23,2025-08-23,4,0.4555555555555555
APPLE JUICE,11.0,1.38,0.74,3.0,1980.0,2025-04-03,2025-08-24,8,0.5362318840579711
APPLE MILKSHAKES,8.0,1.14,0.38,2.0,440.0,2025-05-04,2025-09-20,7,0.33333333333333337
APPLE ROYAL GALA,2680.05,14.73,6.57,39.54,1037085.41,2025-04-01,2025-09-30,182,0.44602851323828924
APRICOTS ORANGE TURKISH KG FLYBERRY,5.54,0.14,0.07,0.32,8816.85,2025-05-29,2025-09-25,39,0.5
ARTISANAL ORGANIC SET CURD 400g AKSHAYAKALPA,47.0,1.18,0.38,2.0,3760.0,2025-04-03,2025-09-20,40,0.3220338983050848
ASH GOURD,1520.11,8.59,5.6,30.06,59776.4,2025-04-01,2025-09-30,177,0.6519208381839348
ASPARAGUS KG SAMBERRY,1.38,0.69,0.49,1.04,249.2,2025-08-10,2025-09-22,2,0.7101449275362319
AVOCADO IMP SAMBERRY,334.06,1.85,1.04,5.57,132425.83,2025-04-01,2025-09-30,181,0.5621621621621622
AVOCADO LOCAL,59.01,0.84,0.62,3.0,13517.87,2025-04-01,2025-09-18,70,0.7380952380952381
Akshayakalpa Organic Ghee 490ml,13.0,1.08,0.29,2.0,10307.0,2025-04-13,2025-09-14,12,0.2685185185185185
Alubukhar LOOSE KG FLYBERRY,3.35,0.13,0.1,0.44,2653.4,2025-05-05,2025-09-27,25,0.7692307692307693
Apple Milk Shake,7.0,1.4,0.89,3.0,700.0,2025-07-06,2025-08-28,5,0.6357142857142858
BABY CORN PEELED,588.0,3.42,1.93,9.0,22932.0,2025-04-01,2025-09-30,172,0.5643274853801169
BABY CORN PEELED SAMBERRY,2.67,0.89,0.5,1.33,506.92,2025-05-20,2025-09-22,3,0.5617977528089888
BABY ORANGE,1302.95,7.12,2.85,15.81,357851.54,2025-04-01,2025-09-30,183,0.4002808988764045
BABY POTATO,499.22,3.37,2.28,11.93,25345.3,2025-04-02,2025-09-30,148,0.6765578635014836
BACHALAKURA,398.01,2.24,1.19,5.91,27139.46,2025-04-01,2025-09-30,178,0.5312499999999999
BADAM FLAVOURED MILK 180ML  PP BOTTLE HERITAGE,614.0,4.32,3.0,21.0,18420.0,2025-04-02,2025-09-30,142,0.6944444444444444
BAILLEY  WATER 1LTR,62.0,1.51,1.0,6.0,1234.0,2025-04-02,2025-09-30,41,0.6622516556291391
BAILLEY WATER  500ML,176.0,2.93,6.99,52.0,1746.1,2025-04-01,2025-09-29,60,2.3856655290102387
BAJRA FLOUR 500G,40.0,1.38,0.68,3.0,1843.0,2025-04-01,2025-09-28,29,0.4927536231884059
BAMBINO ROASTED VERMICELLI 800G,6.0,1.2,0.45,2.0,702.0,2025-08-31,2025-09-22,5,0.375
BAMBINO VERMICELLI 500GM,6.0,1.2,0.45,2.0,318.0,2025-08-23,2025-09-06,5,0.375
BANANA CASHEWNUT LOAF 350g KALSAN FOODS,25.0,1.56,0.73,3.0,3750.0,2025-04-07,2025-09-10,16,0.4679487179487179
BANANA CHOCOCHIP LOAF 350g KALSAN FOODS,768.0,4.77,2.43,12.0,115200.0,2025-04-03,2025-09-30,161,0.509433962264151
BANANA FLOWER,117.0,1.38,0.6,3.0,3042.0,2025-04-01,2025-09-28,85,0.4347826086956522
BANANA LEAF,100.0,20.0,21.2,54.0,500.0,2025-08-07,2025-08-27,5,1.06
BANANA TREE,8.0,4.0,2.83,6.0,472.0,2025-08-26,2025-08-27,2,0.7075
BANANAJUICE,23.0,1.28,0.57,3.0,1150.0,2025-04-07,2025-08-28,18,0.44531249999999994
BANANAS 30g FLYBERRY GOURMET,52.0,1.41,0.55,3.0,2548.0,2025-05-14,2025-09-24,37,0.39007092198581567
BANDARU HALWA 250g VELLANKI FOODS,84.0,1.17,0.38,2.0,14355.0,2025-04-03,2025-09-22,72,0.3247863247863248
BANGINAPALLI MANGO LOOSE KGS,4545.75,35.79,15.64,141.64,670243.84,2025-04-01,2025-08-05,127,0.43699357362391733
BARNYARD MILLET UDALU 500G,21.0,1.17,0.38,2.0,1700.0,2025-04-30,2025-09-22,18,0.3247863247863248
BASIL LEAF KG ENGLISH ITEM SAMBERRY,2.69,0.08,0.06,0.28,788.98,2025-04-05,2025-09-27,32,0.75
BASMATHI RICE 1KG,121.0,1.48,0.69,3.0,16940.0,2025-04-03,2025-09-30,82,0.4662162162162162
BAT PAPAD 200G EVR,10.0,1.11,0.33,2.0,478.4,2025-04-09,2025-08-19,9,0.29729729729729726
BEAUTY PEARS,715.84,3.93,2.17,11.13,273667.21,2025-04-01,2025-09-30,182,0.5521628498727735
BEET ROOT,2606.34,14.24,3.96,26.79,104431.36,2025-04-01,2025-09-30,183,0.27808988764044945
BELGIAN CHOCOLATE 125g AMUL,12.0,1.2,0.42,2.0,2142.0,2025-05-29,2025-09-30,10,0.35
BELLAM KOMMULU 250g VELLANKI FOODS,79.0,1.25,0.57,4.0,10845.0,2025-04-05,2025-09-27,63,0.45599999999999996
BELLAM SUNNIVUNDALU 250g VELLANKI FOODS,85.0,1.21,0.51,4.0,14550.0,2025-04-04,2025-09-29,70,0.42148760330578516
BESAN 500g,163.0,1.75,1.02,6.0,11336.5,2025-04-03,2025-09-27,93,0.5828571428571429
BIG BRINJAL BLUE,353.14,2.52,1.54,6.76,20074.45,2025-04-06,2025-09-30,140,0.6111111111111112
BIRYANI LEAFS 50G,83.0,1.34,0.51,3.0,2075.0,2025-04-02,2025-09-28,62,0.3805970149253731
BITTER CHOCOLATE 150g 90% BITTER AMUL,10.0,1.11,0.33,2.0,2000.0,2025-05-28,2025-07-01,9,0.29729729729729726
BITTER GOURD,721.89,4.06,1.84,10.67,42064.89,2025-04-01,2025-09-30,178,0.4532019704433498
BLACK GRAPES,185.14,1.76,1.19,5.08,24874.17,2025-05-07,2025-09-30,105,0.6761363636363636
BLACK PEPPER WHOLE 50G,88.0,1.49,0.88,6.0,6600.0,2025-04-04,2025-09-26,59,0.5906040268456376
BLACK ROUND BRINJAL,858.6,4.69,1.94,14.06,43584.51,2025-04-01,2025-09-30,183,0.41364605543710015
BLACK SEEDED GRAPES,158.4,5.66,4.0,12.51,36073.39,2025-04-01,2025-09-21,28,0.7067137809187279
BLUE BERRY,768.0,4.41,2.3,12.0,229863.0,2025-04-01,2025-09-30,174,0.5215419501133787
BOMBAY RAWA 500g,95.0,1.44,0.79,5.0,3575.0,2025-04-08,2025-09-30,66,0.5486111111111112
BOMBAY RAWA1Kg,139.0,1.54,0.78,4.0,9031.75,2025-04-04,2025-09-29,90,0.5064935064935066
BOONDI 250g VELLANKI FOODS,226.0,1.67,0.9,6.0,32914.0,2025-04-02,2025-09-29,135,0.5389221556886228
BOONDI LADDU 250g VELLANKI FOODS,253.0,2.06,1.18,6.0,39465.0,2025-04-02,2025-09-27,123,0.5728155339805825
BOONDI MITAI ATCHU 250g VELLANKI FOODS,170.0,1.59,0.79,4.0,25870.0,2025-04-04,2025-09-28,107,0.4968553459119497
BOORELU 250g VELLANKI FOODS,104.0,1.24,0.51,3.0,15735.0,2025-04-01,2025-09-28,84,0.4112903225806452
BOTTLE GOURD,6567.0,35.89,10.24,73.0,242595.43,2025-04-01,2025-09-30,183,0.2853162440791307
BROWN ANJEER BOX TURKEY,319.0,5.91,3.03,12.0,41151.0,2025-04-02,2025-08-06,54,0.5126903553299492
BROWN CHANA 500g,108.0,1.48,0.97,7.0,7020.0,2025-04-02,2025-09-30,73,0.6554054054054054
BROWN EGGS 6PC UPF HEALTHY U N V,57.0,1.24,0.48,3.0,5544.0,2025-04-05,2025-09-28,46,0.3870967741935484
BROWN RICE HMT 1kg,51.0,1.34,0.71,4.0,4335.0,2025-04-07,2025-09-30,38,0.5298507462686567
BUFFALO CURD 400g SIDS FARM,339.0,2.25,1.23,6.0,28815.0,2025-04-01,2025-09-29,151,0.5466666666666666
BUFFALO GHEE 250g  VELLANKI FOODS,199.0,2.19,1.44,7.0,44775.0,2025-04-02,2025-07-24,91,0.6575342465753424
BUFFALO GHEE 350g SIDS FARM,45.0,1.22,0.58,4.0,18230.0,2025-04-03,2025-09-27,37,0.47540983606557374
BUSH BEANS,2194.86,11.99,4.12,23.56,246068.31,2025-04-01,2025-09-30,183,0.34361968306922436
BUTTER GARLIC N HERBS 100g AMUL,76.0,1.41,0.6,3.0,5209.1,2025-04-01,2025-09-29,54,0.425531914893617
BUTTER MILK 170ML HERITAGE SACHET,20.0,10.0,12.73,19.0,200.0,2025-04-13,2025-04-14,2,1.2730000000000001
BUTTER MILK PLAIN 200ml POUCH AKSHAYA KALPA,176.0,4.0,2.91,14.0,3520.0,2025-04-02,2025-06-12,44,0.7275
BUTTER MILK SPICED 200ml POUCH AKSHAYA KALPA,166.0,3.95,2.79,10.0,3320.0,2025-04-02,2025-07-08,42,0.7063291139240506
BUTTER SCHOOL PACK 100g AMUL,50.0,1.35,0.72,4.0,3710.0,2025-05-28,2025-09-15,37,0.5333333333333333
BUTTON MUSHROOM,3457.0,18.89,6.29,39.0,168699.54,2025-04-01,2025-09-30,183,0.33298041291688724
Banana Stem,204.0,1.67,0.84,5.0,5916.0,2025-04-01,2025-09-29,122,0.5029940119760479
Banana Yalakki,1637.34,9.0,3.0,19.09,224911.6,2025-04-01,2025-09-30,182,0.3333333333333333
Beetroot Juice,14.0,1.17,0.39,2.0,980.0,2025-05-07,2025-09-26,12,0.33333333333333337
Black Chilly,3193.21,17.45,4.9,34.04,253825.32,2025-04-01,2025-09-30,183,0.28080229226361036
CABBAGE,3125.76,17.08,6.77,41.69,78451.57,2025-04-01,2025-09-30,183,0.39637002341920374
CALIFORINA RED GRAPES,288.99,1.85,1.25,6.2,123298.41,2025-04-01,2025-09-30,156,0.6756756756756757
CALIFORNIAN ALMOND PREMIUM KG FLYBERRY,22.2,0.29,0.22,1.2,39896.82,2025-04-02,2025-09-28,77,0.7586206896551725
CALIFORNIAN ALMOND REGULAR KG  FLYBERRY,18.98,0.25,0.2,1.12,19940.55,2025-04-01,2025-09-30,75,0.8
CAPSICUM,1889.74,10.33,3.71,20.7,137833.5,2025-04-01,2025-09-30,183,0.3591481122942885
CAPSICUM RED SAMBERRY,174.75,0.98,0.54,3.18,58228.08,2025-04-01,2025-09-30,179,0.5510204081632654
CAPSICUM YELLOW SAMBERRY,197.74,1.1,0.64,3.64,66726.47,2025-04-01,2025-09-30,179,0.5818181818181818
CARROT,6576.82,35.94,9.09,62.93,410615.81,2025-04-01,2025-09-30,183,0.25292153589315525
CARROT JUICE,58.0,1.61,1.54,10.0,4060.0,2025-04-05,2025-09-25,36,0.9565217391304347
CARROT N BEETROOT JUICE,42.0,1.5,0.75,4.0,2940.0,2025-04-01,2025-09-29,28,0.5
CARRY BAG 8Kg HOLDING CAPACITY,3350.0,18.31,5.91,38.0,40185.6,2025-04-01,2025-09-30,183,0.3227744401966139
CASHEW 320 KG FLYBERRY,29.98,0.28,0.25,1.5,34506.9,2025-04-01,2025-09-29,106,0.8928571428571428
CASHEW BROKEN 2 PIECE  KGSFLYBERRY,23.09,0.26,0.27,2.11,25410.0,2025-04-02,2025-09-30,89,1.0384615384615385
CASHEW TIKKA FLAVOUR FLYBERRY,7.05,0.2,0.15,0.65,12682.8,2025-05-15,2025-09-22,36,0.7499999999999999
CAULIFLOWER,3671.0,20.06,6.95,43.0,127826.1,2025-04-01,2025-09-30,183,0.34646061814556334
CHAKKI ATTA GODHUMA PINDI 1Kg,8.0,1.33,0.52,2.0,520.0,2025-04-02,2025-05-06,6,0.39097744360902253
CHAMA DUMPA,859.72,4.7,2.26,13.26,38453.09,2025-04-01,2025-09-30,183,0.48085106382978715
CHANA DAL 1Kg,32.0,1.14,0.36,2.0,4113.0,2025-04-08,2025-09-30,28,0.31578947368421056
CHANA DAL 250g VELLANKI FOODS,40.0,1.21,0.48,3.0,5250.0,2025-04-10,2025-09-30,33,0.39669421487603307
CHANA DAL 500g,115.0,1.39,0.64,3.0,7445.0,2025-04-16,2025-09-28,83,0.460431654676259
CHAT MURMURA 500 GM,74.0,1.35,0.58,3.0,4680.0,2025-04-03,2025-09-28,55,0.4296296296296296
CHEESE BLOCK 200G HERITAGE,32.0,1.19,0.48,3.0,4217.0,2025-04-09,2025-09-30,27,0.40336134453781514
CHEESE BLOCK 200G MILKY MIST,11.0,1.1,0.32,2.0,1570.0,2025-05-20,2025-09-27,10,0.2909090909090909
CHEESE SLICE 100G MILKY MIST,110.0,1.31,0.6,4.0,8664.47,2025-04-01,2025-09-28,84,0.4580152671755725
CHEESE SLICES 100g AMUL 5PC PACK,75.0,1.53,0.74,4.0,6415.0,2025-04-15,2025-09-18,49,0.48366013071895425
CHEESE SLICES 100g HERITAGE,36.0,1.5,0.78,4.0,2070.0,2025-04-05,2025-06-15,24,0.52
CHEESE SLICES 200g AMUL 10PC PACK,72.0,1.38,0.77,5.0,10199.57,2025-04-03,2025-09-22,52,0.5579710144927537
CHEESE SLICES 200g HERITAGE,9.0,1.12,0.35,2.0,1935.0,2025-04-02,2025-07-07,8,0.31249999999999994
CHEESE SLICES 200g MILKYMIST,57.0,1.3,0.59,4.0,8514.0,2025-04-02,2025-09-30,44,0.4538461538461538
CHEGODI 250g VELLANKI FOODS,352.0,2.26,1.22,8.0,51264.0,2025-04-01,2025-09-29,156,0.5398230088495576
CHEKKARAKELI BANANA,858.44,4.72,1.95,12.0,105288.19,2025-04-01,2025-09-30,182,0.413135593220339
CHERRY LOCAL ANAND,298.0,6.34,2.78,13.0,60574.0,2025-05-08,2025-07-06,47,0.4384858044164038
CHERRY TOMATO KG RED SAMBERRY,16.31,0.34,0.16,0.79,4324.5,2025-06-09,2025-09-30,48,0.47058823529411764
CHERUKU GADDALU,60.0,30.0,18.38,43.0,1920.0,2025-08-26,2025-08-27,2,0.6126666666666666
CHERUKU RASALU KG LOOSE,461.89,6.6,4.09,20.88,76365.67,2025-04-07,2025-06-21,70,0.6196969696969697
CHIA SEEDS KGS FLYBERRY,10.97,0.15,0.1,0.52,9326.2,2025-04-06,2025-09-25,71,0.6666666666666667
CHICOOS SAPOTA JUICE,45.0,1.41,0.71,3.0,2640.0,2025-04-05,2025-09-30,32,0.5035460992907801
CHICOOS(Sapota),308.55,1.77,1.1,5.63,25203.0,2025-04-01,2025-09-30,174,0.6214689265536724
CHIKKUDU SEED PACK,7.61,0.15,0.08,0.55,2284.98,2025-04-11,2025-09-28,52,0.5333333333333333
CHIKKUDUKAI,1020.64,6.8,3.28,14.12,107260.2,2025-04-01,2025-09-30,150,0.4823529411764706
CHINNA RASALU KG LOOSE,889.21,16.47,9.65,35.51,123437.86,2025-04-07,2025-06-06,54,0.5859137826350942
CHINTA CHIGURU,58.76,1.11,0.73,3.42,27442.06,2025-04-14,2025-09-29,53,0.6576576576576576
CHOCOLATE 150G HBD PACK AMUL,15.0,1.07,0.27,2.0,3000.0,2025-04-07,2025-09-06,14,0.25233644859813087
CHOCOLATE MILK SHAKE 180ML HERITAGE,247.0,2.94,1.94,10.0,6424.0,2025-04-06,2025-09-28,84,0.6598639455782312
CHOUSA MANGO KG LOOSE,57.57,3.39,2.84,10.35,13006.95,2025-07-13,2025-08-04,17,0.8377581120943952
CHOWCHOW,24.41,1.53,0.92,3.7,1141.94,2025-07-09,2025-08-30,16,0.6013071895424836
CINNAMON DALCHINI KG FLYBERRY,0.98,0.1,0.06,0.23,927.2,2025-04-20,2025-08-22,10,0.6
CLOVES 50g,69.0,1.25,0.52,3.0,6210.0,2025-04-03,2025-09-26,55,0.41600000000000004
CLUSTER BEANS,1067.93,5.87,2.68,17.46,63949.94,2025-04-01,2025-09-30,182,0.4565587734241908
COCONUT,3696.0,20.2,11.49,85.0,162488.22,2025-04-01,2025-09-30,183,0.5688118811881189
COCONUT KARAM 100G  VELLANKI FOODS,12.0,1.09,0.3,2.0,772.0,2025-04-21,2025-08-31,11,0.2752293577981651
COCONUT MANGO,310.07,5.08,2.44,13.0,59162.73,2025-04-01,2025-06-03,61,0.48031496062992124
COCONUT SLICE KGS FLYBERRY,1.4,0.13,0.06,0.27,657.06,2025-05-27,2025-09-28,11,0.4615384615384615
COKE 250ML,17.0,2.43,1.13,4.0,340.0,2025-06-20,2025-07-05,7,0.4650205761316872
COLOUR CUCUMBER,2629.25,14.37,4.63,29.79,95482.76,2025-04-01,2025-09-30,183,0.3221990257480863
CONTINENTAL XTRA 50g JAR PLUS 25g JAR FREE SOUTH BLEND,10.0,1.25,0.71,3.0,1193.7,2025-07-02,2025-09-20,8,0.568
CONTINENTAL XTRA INSTANT SOUTH BLEND COFFEE 150g POUCH,12.0,1.2,0.42,2.0,4258.0,2025-04-04,2025-09-21,10,0.35
COOKING BUTTER 100G MILKY MIST,82.0,1.46,0.83,4.0,6141.75,2025-04-02,2025-09-24,56,0.5684931506849314
COOKING BUTTER 100g AMUL UNSALTED,40.0,1.54,0.86,4.0,2558.0,2025-05-29,2025-08-26,26,0.5584415584415584
COOKING BUTTER 200G HERITAGE,28.0,1.17,0.38,2.0,3630.0,2025-04-26,2025-09-29,24,0.3247863247863248
COOKING BUTTER UNSALTED 200g MILKY MIST,23.0,1.1,0.3,2.0,3334.0,2025-04-07,2025-09-08,21,0.2727272727272727
COPRA POWDER 100G EVR,41.0,1.24,0.61,3.0,2136.75,2025-04-09,2025-09-24,33,0.49193548387096775
CORIANDER,1980.48,10.88,3.72,24.07,188619.91,2025-04-01,2025-09-30,182,0.34191176470588236
CORIANDER 200g,103.0,1.43,0.69,4.0,6945.0,2025-04-01,2025-09-28,72,0.4825174825174825
CORN FLAKES 200G EVR,10.0,1.11,0.33,2.0,490.0,2025-04-10,2025-06-29,9,0.29729729729729726
CORN FLAKES MIXTURE250g VELLANKI FOODS,211.0,1.67,0.87,5.0,28884.7,2025-04-02,2025-09-29,126,0.5209580838323353
CORN FLOUR 200g EVR,9.0,1.12,0.35,2.0,342.0,2025-04-14,2025-07-03,8,0.31249999999999994
COW GHEE 200ml JAR AMUL HIGH AROMA,37.0,1.19,0.48,3.0,5432.8,2025-04-02,2025-09-28,31,0.40336134453781514
COW GHEE 250G VELLANKI FOODS,74.0,1.61,1.02,5.0,16650.0,2025-04-02,2025-07-24,46,0.6335403726708074
COW GHEE 350g SIDS FARM,44.0,1.19,0.4,2.0,22100.0,2025-04-16,2025-09-22,37,0.33613445378151263
COW MILK 500ML POUCH SIDS FARM,2010.0,10.98,4.97,32.0,83589.86,2025-04-01,2025-09-30,183,0.45264116575591984
CRUNCHY BANANA CHIPS 100g FLYBERRY,9.0,1.12,0.35,2.0,1125.0,2025-04-08,2025-09-16,8,0.31249999999999994
CRUNCHY BANANA CHIPS 65g FLYBERRY,4.0,1.33,0.58,2.0,396.0,2025-07-17,2025-08-09,3,0.4360902255639097
CUCUMBER,5548.36,30.32,8.15,47.51,218653.87,2025-04-01,2025-09-30,183,0.26879947229551454
CUMIN JEERA KG FLYBERRY,0.56,0.19,0.12,0.26,528.2,2025-04-18,2025-07-29,3,0.631578947368421
CURD 135g POUCH MILKY MIST,1753.0,11.17,5.76,33.0,17530.0,2025-04-01,2025-09-27,157,0.5156669650850493
CURD 500g POUCH HERITAGE,3133.0,17.21,6.15,34.0,155741.25,2025-04-01,2025-09-30,182,0.35735037768739103
CURD CUP 200G HERITAGE,262.0,2.05,1.33,7.0,6525.0,2025-04-01,2025-09-30,128,0.6487804878048782
CURD CUP 400GHERITAGE,438.0,2.55,1.51,7.0,20063.0,2025-04-01,2025-09-30,172,0.592156862745098
CURD POUCH 400g MILKY MIST,929.0,5.43,3.93,24.0,38764.0,2025-04-01,2025-09-30,171,0.7237569060773481
CURD TUB 1KG HERITAGE,904.0,5.05,2.58,14.0,98142.23,2025-04-01,2025-09-30,179,0.5108910891089109
CURRY LEAVES,635.03,3.47,1.06,6.96,59596.84,2025-04-01,2025-09-30,183,0.30547550432276654
CUSTARD APPLE ANAND,725.49,8.44,4.66,22.57,195140.17,2025-07-06,2025-09-30,86,0.552132701421801
DABBAKAI,48.0,1.66,0.9,4.0,2415.0,2025-04-04,2025-09-28,29,0.5421686746987953
DALCHINI 50g,118.0,1.44,0.82,5.0,7080.0,2025-04-01,2025-09-26,82,0.5694444444444444
DALMOTI 250g VELLANKI FOODS,138.0,1.47,0.77,5.0,20920.0,2025-04-01,2025-09-30,94,0.5238095238095238
DAMPUDU BIYYAM 1Kg AISHWARYA,6.0,1.2,0.45,2.0,445.0,2025-06-12,2025-07-31,5,0.375
DARK CHOCOLATE 150g AMUL,10.0,1.43,0.79,3.0,2000.0,2025-08-12,2025-08-30,7,0.5524475524475525
DARK CHOCOLATE 150g BEST WISHES AMUL,19.0,1.19,0.54,3.0,3736.0,2025-04-15,2025-09-29,16,0.45378151260504207
DASHERI MANGO KG LOOSE,812.64,8.13,3.57,16.57,173487.08,2025-04-09,2025-07-18,100,0.4391143911439114
DATE BITES 160g FLYBERRY,157.0,2.53,2.22,12.0,46823.4,2025-06-15,2025-09-30,62,0.8774703557312254
DEHYDRATED KIWI KG FLYBERRY,1.38,0.13,0.07,0.31,1214.52,2025-04-09,2025-09-14,11,0.5384615384615385
DEHYDRATED MANGO KG FLYBERRY,2.81,0.13,0.08,0.34,3502.5,2025-04-09,2025-09-14,21,0.6153846153846154
DEHYDRATED PINEAPPLE KG FLYBERRY,1.59,0.13,0.07,0.34,1922.4,2025-04-02,2025-09-01,12,0.5384615384615385
DERI DATES KG FLYBERRY,2.49,0.28,0.28,1.01,2215.8,2025-04-11,2025-09-30,9,1.0
DIAMOND MISRI 200G,67.0,1.24,0.47,3.0,2520.0,2025-04-02,2025-09-28,54,0.3790322580645161
DILKUSH GRAPES KG LOOSE,146.14,2.21,1.34,6.06,21595.82,2025-07-14,2025-09-29,66,0.6063348416289593
DISCO PUMPKIN,184.34,1.59,1.87,16.6,7251.85,2025-04-01,2025-09-30,116,1.1761006289308176
DONDAKAI,3939.51,21.53,6.4,43.4,178902.06,2025-04-01,2025-09-30,183,0.29725963771481656
DOODH PEDA 200g HERITAGE,236.0,1.76,0.95,7.0,29419.0,2025-04-02,2025-09-29,134,0.5397727272727273
DOSA BATTER MIX 900g DSL,522.0,3.18,1.8,11.0,41680.0,2025-04-01,2025-09-30,164,0.5660377358490566
DOSE WITH IMMUNITY BOOSTERS - 6 EGGS PACK ABHI EGGS,48.0,1.26,0.5,3.0,6000.0,2025-04-04,2025-09-18,38,0.3968253968253968
DOUBLE HORSE URAD ROUND 1KG,130.0,1.69,1.07,6.0,24720.0,2025-04-14,2025-09-30,77,0.6331360946745562
DR GOOD EGGS CAROTENOID 12 PACK,272.0,1.9,1.12,6.0,42003.6,2025-04-01,2025-09-26,143,0.5894736842105264
DR GOOD EGGS CAROTENOID 30 PACK,105.0,1.27,0.54,3.0,38904.0,2025-04-02,2025-09-19,83,0.4251968503937008
DRAGAN FRUIT JUICE,3.0,1.5,0.71,2.0,300.0,2025-04-13,2025-07-14,2,0.47333333333333333
DRAGON Â FRUIT,752.93,4.11,2.34,13.25,126788.39,2025-04-01,2025-09-30,183,0.5693430656934306
DRIED BLUEBERRY KG FLYBERRY,7.21,0.14,0.06,0.32,18805.4,2025-04-04,2025-09-29,53,0.4285714285714285
DRIED CRANBERRY WHOLE KG FLYBERRY,11.43,0.18,0.11,0.5,12562.0,2025-04-06,2025-09-13,64,0.6111111111111112
DRUMSTICK,13157.0,71.9,21.13,140.0,106917.69,2025-04-01,2025-09-30,183,0.2938803894297635
DRY CHURRA KG FLYBERRY,4.51,0.2,0.13,0.68,3309.9,2025-04-05,2025-09-05,23,0.65
DRY COCONUT 250G EVR,56.0,1.22,0.55,3.0,7820.0,2025-04-01,2025-09-28,46,0.4508196721311476
DRY COCONUT KG FLYBERRY,1.95,0.24,0.14,0.46,1162.8,2025-04-03,2025-09-10,8,0.5833333333333334
EGGS 12PS FARM MADE FREE RANGE U N V,131.0,1.46,0.85,5.0,37859.0,2025-04-01,2025-09-28,90,0.5821917808219178
EGGS 6PC FARM MADE FREE RANGE U N V,210.0,1.83,0.97,6.0,31290.0,2025-04-01,2025-09-30,115,0.5300546448087431
EGGS 6PC JUST LAID VN POULTRY,999.0,5.98,3.71,18.0,79920.0,2025-04-01,2025-09-30,167,0.6204013377926421
EGGS 6PC UPF HEALTHY WHITE U N V,25.0,1.19,0.4,2.0,2225.0,2025-04-04,2025-09-15,21,0.33613445378151263
ELEPHANT FOREST HONEY 250G 1+1,7.0,1.4,0.55,2.0,574.6,2025-05-14,2025-09-29,5,0.3928571428571429
ELEPHANT SEEDED DATES 400G(CUPS) (1+1 OFFER),8.0,1.33,0.52,2.0,920.0,2025-04-05,2025-05-21,6,0.39097744360902253
ELEPHANT YAM,405.08,2.52,1.7,10.5,37894.58,2025-04-01,2025-09-30,161,0.6746031746031745
ENG ITEM BROCOLI SAMBERRY,461.8,2.52,1.15,5.55,166019.06,2025-04-01,2025-09-30,183,0.45634920634920634
ENG ITEM CELERY SAMBERRRY,5.71,0.18,0.36,2.1,1257.3,2025-04-03,2025-09-19,31,2.0
ENG ITEM CHINESE CABBAGE SAMBERRY,25.79,0.61,0.2,1.2,5339.01,2025-04-02,2025-09-17,42,0.3278688524590164
ENG ITEM COLOUR CABBAGE SAMBERRY,69.23,0.72,0.45,2.58,14381.61,2025-04-02,2025-09-29,96,0.625
ENG ITEM GREEN LETTUCE SAMBERRY,56.96,0.34,0.2,1.26,14676.64,2025-04-01,2025-09-30,169,0.5882352941176471
ENG ITEM PARSLEY SAMBERRY,1.03,0.06,0.02,0.11,320.46,2025-04-14,2025-09-05,18,0.33333333333333337
EUROPEN CUCUMBER,2483.53,13.57,4.93,32.87,156041.7,2025-04-01,2025-09-30,183,0.3633014001473839
FIGS AFGHANI NORMAL KG FLYBERRY,25.32,0.29,0.21,1.37,47772.84,2025-04-05,2025-09-30,88,0.7241379310344828
FILTER COFFEE 150ML NEW BOLD ID FRESH,4.0,2.0,1.41,3.0,540.0,2025-07-16,2025-07-28,2,0.705
FINGER CHIPS PAPAD 200G EVR,10.0,1.43,0.53,2.0,478.4,2025-04-08,2025-04-24,7,0.3706293706293707
FLAX SEEDS KGS FLYBERRY,10.02,0.18,0.11,0.62,2814.56,2025-04-12,2025-09-28,55,0.6111111111111112
FLY BERRY DERI DATES 255g,427.0,3.65,3.47,24.0,84575.0,2025-04-01,2025-09-23,117,0.9506849315068494
FLYBERRY CASHEW 4 PIECE,1.55,0.13,0.1,0.41,1566.01,2025-04-18,2025-09-28,12,0.7692307692307693
FLYBERRY CRISPY SWEET CORN 12g,3.0,1.5,0.71,2.0,147.0,2025-08-31,2025-09-23,2,0.47333333333333333
FLYBERRY DREAMY DERI DATES 220g,70.0,1.3,0.63,4.0,27930.0,2025-04-04,2025-09-23,54,0.4846153846153846
FLYBERRY DREAMY DERI DATES 400G,78.0,1.3,0.53,3.0,54521.99,2025-04-04,2025-09-26,60,0.4076923076923077
FLYBERRY KNOCKOUT KALMI DATES 400g,11.0,1.38,0.52,2.0,4939.0,2025-06-25,2025-09-30,8,0.3768115942028986
FLYBERRY SPICE OKRA CHIPS 25g,36.0,1.57,0.66,3.0,1782.0,2025-04-05,2025-08-21,23,0.42038216560509556
FLYBERRY STRAWBERRY DEHYDRATED REGULAR,6.96,0.13,0.06,0.26,11113.6,2025-05-12,2025-09-24,55,0.4615384615384615
FOXTAIL MILLET KORRALU BIYYAM 500g,9.0,1.29,0.49,2.0,720.0,2025-05-31,2025-09-23,7,0.3798449612403101
FREEDOM GROUNDNUTOIL 1LT,104.0,1.46,0.61,3.0,16962.0,2025-05-11,2025-09-28,71,0.4178082191780822
FREEDOM RF SUNFLOWER OIL 1LT POUCH,408.0,2.7,1.69,9.0,64739.0,2025-04-01,2025-09-30,151,0.6259259259259259
FREEDOM RICE BRAN 1LTR,147.0,1.69,1.12,7.0,22978.0,2025-04-10,2025-09-29,87,0.6627218934911243
FREEDOM SUNFLOWER OIL PET 1LT,72.0,1.38,0.77,5.0,12080.0,2025-04-02,2025-08-12,52,0.5579710144927537
FREEDOM SUNFLOWER OIL PET 2LT,32.0,1.19,0.48,3.0,11375.99,2025-04-13,2025-09-29,27,0.40336134453781514
FRESH CREAM 250ML AMUL,45.0,1.32,0.81,5.0,3101.0,2025-05-29,2025-09-30,34,0.6136363636363636
FRESH CREAM 250ml UHT MILKY MIST,54.0,1.15,0.47,3.0,4320.0,2025-04-09,2025-09-30,47,0.40869565217391307
FRESH DATES YELLOW BOX ANAND,7.0,1.17,0.41,2.0,489.3,2025-07-05,2025-07-23,6,0.3504273504273504
FRESH LOOSE PANEER,299.39,1.77,0.86,4.39,155474.76,2025-04-10,2025-09-30,169,0.48587570621468923
FRESH PANEER BLOCK 200g AMUL,24.0,1.71,1.2,5.0,2280.0,2025-05-28,2025-07-29,14,0.7017543859649122
FRIED GRAM PUTANA 250g,174.0,1.71,1.03,5.0,7827.75,2025-04-02,2025-09-28,102,0.6023391812865497
FRUIT BASKET 170 SADGURU,5.0,1.25,0.5,2.0,850.0,2025-07-01,2025-08-14,4,0.4
FRUIT BASKET 200,3.0,1.5,0.71,2.0,675.0,2025-04-14,2025-05-15,2,0.47333333333333333
FRUIT BASKET 250 RAJU,5.0,1.67,0.58,2.0,1330.0,2025-04-02,2025-06-01,3,0.3473053892215569
FRUIT BASKET 350 RAJU,9.0,3.0,3.46,7.0,3150.0,2025-04-03,2025-06-01,3,1.1533333333333333
FRUIT BOWL NRG,28.0,2.0,1.92,8.0,1260.0,2025-04-14,2025-09-24,14,0.96
FRUIT BREAD 200g SML SPENCERS AKSHAYA NANDA,66.0,1.38,0.73,4.0,1980.0,2025-06-15,2025-09-23,48,0.5289855072463768
FRUIT N NUT 150g DARK CHOCOLATE AMUL,30.0,1.2,0.41,2.0,5980.0,2025-04-11,2025-09-30,25,0.3416666666666667
FRUIT YOGHURT BB 100g MILKYMIST,161.0,2.27,1.31,6.0,4830.0,2025-04-02,2025-09-28,71,0.5770925110132159
FRUIT YOGURT 75g ALPHONSO MANGO EPIGAMIA,103.0,1.51,0.94,5.0,3605.0,2025-04-06,2025-09-27,68,0.6225165562913907
FRUIT YOGURT 75g STRAWBERRY EPIGAMIA,129.0,1.61,0.77,4.0,4515.0,2025-04-02,2025-09-30,80,0.47826086956521735
FULL CREAM MILK 500ml HERITAGE,5117.0,24.96,7.98,45.0,211274.0,2025-04-01,2025-09-30,205,0.3197115384615385
FlyberryBrazilNut,4.82,0.17,0.11,0.47,16905.0,2025-04-06,2025-08-31,29,0.6470588235294117
FlyberryCashew180,1.1,0.28,0.22,0.58,2204.0,2025-09-03,2025-09-23,4,0.7857142857142857
FlyberryMacadamia,0.67,0.11,0.05,0.2,3729.0,2025-04-28,2025-07-02,6,0.4545454545454546
FlyberryMelonSeeds,9.03,0.17,0.1,0.57,9004.0,2025-04-06,2025-09-30,52,0.5882352941176471
FlyberryPrunes,0.71,0.1,0.03,0.14,1255.54,2025-04-09,2025-09-29,7,0.3
G ELAICHI 50g,127.0,1.4,0.8,5.0,29610.0,2025-04-05,2025-09-28,91,0.5714285714285715
GAJANAN ORANGE PRM HMT RAW RICE 1Kg,34.0,1.21,0.5,3.0,2890.0,2025-04-14,2025-09-24,28,0.4132231404958678
GAJANAN ORANGE PRM HMT RICE 1Kg,17.0,1.21,0.43,2.0,1360.0,2025-04-05,2025-09-24,14,0.35537190082644626
GAJANAN ORANGE PRM HMT RICE 5Kg,21.0,1.24,0.75,4.0,8085.0,2025-04-02,2025-09-19,17,0.6048387096774194
GAJANAN TELANGANA SONA RICE 1Kg,41.0,1.37,0.76,4.0,3075.0,2025-04-17,2025-09-24,30,0.5547445255474452
GAJANAN TELANGANA SONA RICE 5Kg,26.0,1.24,0.44,2.0,8820.0,2025-04-11,2025-09-22,21,0.3548387096774194
GARAM MASALA 100g VELLANKI FOODS,10.0,1.11,0.33,2.0,708.0,2025-04-14,2025-09-22,9,0.29729729729729726
GARLIC,1121.55,6.13,2.18,13.49,181961.57,2025-04-01,2025-09-30,183,0.35562805872756936
GARLIC PEELED BOX,415.0,2.75,1.64,9.0,26630.8,2025-04-01,2025-09-23,151,0.5963636363636363
GARLIC PICKLE 250g AHA,4.0,1.33,0.58,2.0,400.0,2025-09-07,2025-09-29,3,0.4360902255639097
GAVVALU SWEET 250G VELLANKI FOODS,369.0,2.37,1.39,8.0,51995.0,2025-04-01,2025-09-30,156,0.5864978902953586
GEMS KG FLYBERRY,5.38,0.09,0.05,0.27,3252.0,2025-04-02,2025-09-12,58,0.5555555555555556
GHEE 200ML PET JAR MILKY MIST,9.0,1.12,0.35,2.0,1650.0,2025-04-01,2025-09-27,8,0.31249999999999994
GHEE ARISELU 250g VELLANKI FOODS,196.0,1.8,0.94,5.0,33515.0,2025-04-02,2025-09-30,109,0.5222222222222221
GINGER,1604.11,8.77,3.21,18.95,162048.46,2025-04-01,2025-09-30,183,0.3660205245153934
GINGER GARLIC PASTE 250G VELLANKI FOODS,72.0,1.14,0.35,2.0,8370.0,2025-04-02,2025-09-30,63,0.30701754385964913
GINGER PICKLE 250G VELLANKI FOODS,56.0,1.51,0.65,3.0,6530.0,2025-04-03,2025-09-30,37,0.43046357615894043
GINGER PICKLE 250g AHA,16.0,1.14,0.36,2.0,1600.0,2025-04-02,2025-09-15,14,0.31578947368421056
GOLD DROP SUNFLOWER OIL 1Lt pouch,180.0,1.82,1.37,10.0,28504.2,2025-04-02,2025-09-29,99,0.7527472527472527
GOLDEN COW GHEE 500 ML HERITAGE,53.0,1.23,0.48,3.0,19875.0,2025-04-02,2025-09-21,43,0.3902439024390244
GOLDEN KIWI FRUIT BIG,5.0,1.67,1.15,3.0,395.0,2025-07-04,2025-09-09,3,0.688622754491018
GOLDEN KIWI SMALL,1687.0,12.14,7.78,41.0,109152.55,2025-05-06,2025-09-30,139,0.6408566721581549
GONGURA PICKLE 250g VELLANKI FOODS,24.0,1.26,0.73,4.0,2915.0,2025-04-01,2025-09-30,19,0.5793650793650793
GONGURA(PUNTIKURA),622.68,3.42,1.59,8.06,42112.0,2025-04-01,2025-09-30,182,0.46491228070175444
GRAPE JUICE,7.0,1.4,0.55,2.0,370.0,2025-05-07,2025-09-17,5,0.3928571428571429
GREEK CEREALS YOGHURT 100g MILKY MIST,38.0,1.58,0.88,4.0,1520.0,2025-04-08,2025-09-20,24,0.5569620253164557
GREEK HONEY AND FIG YOGHURT 100g MILKY MIST,16.0,1.6,0.84,3.0,640.0,2025-04-30,2025-08-12,10,0.5249999999999999
GREEK YOGHURT 100g MILKY MIST,69.0,1.6,0.88,4.0,2760.0,2025-04-23,2025-09-24,43,0.5499999999999999
GREEK YOGURT 85g  ALPHONSO MANGO  EPIGAMIA,161.0,1.99,1.33,7.0,9660.0,2025-04-01,2025-09-26,81,0.6683417085427136
GREEK YOGURT ALPHONSO MANGO SMOOTHIE 180ml EPIGAMIA,87.0,1.4,0.78,5.0,6880.0,2025-04-02,2025-09-28,62,0.5571428571428572
GREEK YOGURT BLUEBERRY 90g EPIGAMIA,177.0,1.79,0.97,5.0,10620.0,2025-04-01,2025-09-30,99,0.541899441340782
GREEK YOGURT BLUEBERRY SMOOTHIE 180ml EPIGAMIA,75.0,1.29,0.59,4.0,6000.0,2025-04-02,2025-09-21,58,0.4573643410852713
GREEK YOGURT MIXED BERRY ZERO ADDED SUGAR 120g EPIGAMIA,33.0,1.32,0.48,2.0,2340.0,2025-04-08,2025-09-04,25,0.3636363636363636
GREEK YOGURT NATURAL 90g EPIGAMIA,170.0,1.95,1.3,6.0,9975.0,2025-04-01,2025-09-24,87,0.6666666666666667
GREEK YOGURT STRAWBERRY 85g EPIGAMIA,139.0,1.7,1.05,6.0,8340.0,2025-04-02,2025-09-24,82,0.6176470588235294
GREEK YOGURT STRAWBERRY SMOOTHIE 180ml EPIGAMIA,66.0,1.47,0.73,4.0,5200.0,2025-04-01,2025-09-28,45,0.4965986394557823
GREEK YOGURT STRAWBERRY ZERO ADD SUGAR 120g EPIGAMIA,31.0,1.19,0.57,3.0,2170.0,2025-05-22,2025-09-06,26,0.4789915966386554
GREEK YOGURT VANILLA BEAN 90g EPIGAMIA,77.0,1.43,0.66,3.0,4620.0,2025-04-01,2025-09-28,54,0.46153846153846156
GREEK YOGURT WILD RASBERRY 85g EPIGAMIA,119.0,1.4,0.66,3.0,7409.99,2025-04-01,2025-09-30,85,0.4714285714285715
GREEN APPLE,151.97,1.11,1.0,6.95,57267.08,2025-04-01,2025-09-23,137,0.9009009009009008
GREEN CHILLY,2066.47,11.29,3.54,24.97,158356.02,2025-04-01,2025-09-30,183,0.31355181576616475
GREEN PEAS,328.44,5.66,3.03,14.69,58912.81,2025-07-13,2025-09-25,58,0.5353356890459363
GREEN PEAS SEED PAC,22.36,0.44,0.29,1.1,9988.7,2025-07-14,2025-09-25,51,0.6590909090909091
GROUND NUT,355.66,2.13,1.23,6.53,40331.22,2025-04-01,2025-09-28,167,0.5774647887323944
GROUND NUT OIL 1Lt. COLD PRESSED MESMARA,32.0,1.14,0.36,2.0,13440.0,2025-04-18,2025-09-26,28,0.31578947368421056
GUAVA HYBRID BIG ANAND,1628.11,11.47,4.81,24.2,208875.02,2025-04-01,2025-09-30,142,0.4193548387096774
GUAVA Local,15.05,1.88,1.3,3.44,1940.93,2025-06-24,2025-09-14,8,0.6914893617021277
GULABI ROUND BRINJAL,878.02,4.91,2.65,11.99,64226.23,2025-04-01,2025-09-28,179,0.539714867617108
Ginger Imbued Honey 250g BT,16.0,1.33,0.49,2.0,3600.0,2025-05-24,2025-08-22,12,0.3684210526315789
Green Kiwi Small,3043.0,16.63,8.19,48.0,117932.0,2025-04-01,2025-09-30,183,0.4924834636199639
HEKATPY BUCK WHEAT COOKIES 125g,4.0,1.33,0.58,2.0,500.0,2025-09-21,2025-09-28,3,0.4360902255639097
HEKATPY QUINO COOKIES 125g,5.0,1.67,1.15,3.0,625.0,2025-09-16,2025-09-18,3,0.688622754491018
HEKTAPY HEALTHY DEL RAGI 125G,5.0,1.67,0.58,2.0,625.0,2025-09-20,2025-09-27,3,0.3473053892215569
HEKTAPY MULTI MILLET S.N,5.0,1.25,0.5,2.0,625.0,2025-09-18,2025-09-28,4,0.4
HEKTAPY RAJGIRI COOKIES 125g,3.0,1.5,0.71,2.0,375.0,2025-09-21,2025-09-28,2,0.47333333333333333
HIMALAYAN HONEY 500g APIS,7.0,1.75,0.96,3.0,2275.0,2025-04-13,2025-04-23,4,0.5485714285714286
HIMAYATH MANGO KG LOOSE,617.9,7.63,4.15,19.81,193772.48,2025-04-05,2025-07-05,81,0.5439056356487549
I.Orange Pack of 4,23.0,1.21,0.54,3.0,2407.0,2025-07-05,2025-09-30,19,0.44628099173553726
ICE BERG ENGLISH ITEM SAMBERRY,67.31,0.54,0.3,1.75,15235.21,2025-04-01,2025-09-27,124,0.5555555555555555
IDLI KARAM 100g VELLANKI FOODS,44.0,1.22,0.42,2.0,2584.0,2025-04-01,2025-09-30,36,0.3442622950819672
IDLY . DOSA BATTER 1KG ID FRESH,650.0,3.74,2.02,11.0,61655.0,2025-04-01,2025-09-30,174,0.5401069518716577
IDLY BATTER 900g DSL,266.0,2.06,1.13,6.0,21280.0,2025-04-02,2025-09-30,129,0.5485436893203883
IDLY KARAM FLYBERRY,1.28,0.13,0.07,0.31,631.0,2025-04-06,2025-07-20,10,0.5384615384615385
IDLY RAVA1KG,167.0,1.61,0.9,5.0,10799.75,2025-04-01,2025-09-29,104,0.5590062111801242
IDLY RAWA 500g,19.0,1.36,0.84,4.0,665.0,2025-04-02,2025-06-23,14,0.6176470588235293
IDLY RAWA ORANGE 1KG AISHWARYA,6.0,1.2,0.45,2.0,360.0,2025-06-12,2025-07-26,5,0.375
IDLY RICE  1Kg,23.0,1.53,0.92,4.0,1610.0,2025-04-13,2025-08-22,15,0.6013071895424836
IMLI POP KG FLYBERRY,1.3,0.1,0.04,0.21,620.16,2025-04-06,2025-06-29,13,0.39999999999999997
IMP Orange Juices,52.0,1.44,0.88,5.0,7800.0,2025-04-26,2025-09-21,36,0.6111111111111112
IMPORTED ORANGE,510.84,2.9,1.91,11.3,100960.52,2025-04-01,2025-09-30,176,0.6586206896551724
IMPORTED PLUMS,231.75,1.28,0.63,3.31,76389.38,2025-04-01,2025-09-30,181,0.4921875
INDIAN RAISINS GREEN FLYBERRY,6.04,0.25,0.18,0.89,3633.6,2025-08-10,2025-09-29,24,0.72
INDIAN RAISINSGOLDEN KGS FLYBERRY,12.86,0.23,0.17,0.76,7728.0,2025-04-02,2025-08-08,55,0.7391304347826088
INSIDE YELLOW MELON Kg,101.48,5.97,3.06,11.04,4048.74,2025-04-05,2025-05-28,17,0.5125628140703518
IODIZED SALT 1KG PON,4.0,1.33,0.58,2.0,80.0,2025-08-20,2025-09-25,3,0.4360902255639097
IRANIAN DATES 500g ORIGINAL AM ENTERPRISES,12.0,1.2,0.63,3.0,2738.0,2025-04-06,2025-07-13,10,0.525
JACK FRUIT SEEDS ANAND,145.0,4.14,1.8,11.0,12180.0,2025-04-01,2025-07-06,35,0.4347826086956522
JAGGERY KESAR 450G,169.0,1.74,1.16,6.0,8600.0,2025-04-05,2025-09-29,97,0.6666666666666666
JAGGERY KESAR 900G,112.0,1.67,1.3,8.0,10681.0,2025-04-13,2025-09-29,67,0.7784431137724551
JAGGERY MINI CUBES 500G EVR,29.0,1.38,0.59,3.0,3335.0,2025-04-05,2025-07-17,21,0.427536231884058
JAGGERY POWDER 500g JIVIKA ORGANICS,76.0,1.69,1.22,6.0,7220.0,2025-04-06,2025-09-28,45,0.7218934911242604
JANTHIKALU 250g VELLANKI FOODS,286.0,1.92,1.05,5.0,42697.41,2025-04-01,2025-09-30,149,0.546875
JAVATRI 50g,54.0,1.26,0.44,2.0,9720.0,2025-04-04,2025-09-23,43,0.3492063492063492
JEERA 100g,52.0,1.33,0.48,2.0,3380.0,2025-04-01,2025-09-30,39,0.3609022556390977
JEERA 200g,165.0,1.63,0.83,5.0,20625.0,2025-04-02,2025-09-26,101,0.5092024539877301
JEERA PAPAD 200G EVR,11.0,1.22,0.67,3.0,748.0,2025-04-07,2025-06-27,9,0.5491803278688525
JIVIKA CORIANDER POWDER 100GMS,20.0,1.18,0.39,2.0,1100.0,2025-04-12,2025-09-14,17,0.3305084745762712
JIVIKA FOREST HONEY250ml,11.0,1.1,0.32,2.0,3080.0,2025-07-31,2025-09-26,10,0.2909090909090909
JIVIKA RED CHILLI POWDER 200GMS,41.0,1.11,0.31,2.0,6800.0,2025-04-03,2025-09-29,37,0.27927927927927926
JIVIKA RED CHILLI POWDER 500GMS,8.0,1.6,0.55,2.0,3192.0,2025-04-16,2025-09-06,5,0.34375
JIVIKA TURMERIC POWDER 100GMS,46.0,1.39,0.75,4.0,2760.0,2025-04-04,2025-09-22,33,0.5395683453237411
JOWAR FLOUR 500g,89.0,1.53,0.96,5.0,4450.0,2025-04-02,2025-09-29,58,0.6274509803921569
JUJUBIES FLYBERRY,12.86,0.15,0.1,0.65,7689.14,2025-04-01,2025-09-30,83,0.6666666666666667
KABULI CHANA 500g,115.0,1.46,0.76,4.0,13794.0,2025-04-05,2025-09-30,79,0.5205479452054794
KAJJIKAYALU 250g VELLANKI FOODS,130.0,1.44,0.64,3.0,19015.0,2025-04-04,2025-09-30,90,0.4444444444444445
KAJU PAKODI 250g VELLANKI FOODS,68.0,1.17,0.42,3.0,15420.0,2025-04-05,2025-09-27,58,0.358974358974359
KALA JAMUN BOX PACK ANAND,604.0,7.02,3.85,19.0,67282.0,2025-04-21,2025-07-26,86,0.5484330484330485
KARAM GAVVALU 250G VELLANKI FOODS,39.0,1.11,0.32,2.0,5335.0,2025-04-05,2025-09-17,35,0.2882882882882883
KARAM SAKINALU 250g  VELLANKI FOODS,29.0,1.07,0.27,2.0,4245.0,2025-04-07,2025-09-21,27,0.25233644859813087
KARAN PHOOL 50g,88.0,1.4,0.55,3.0,5610.0,2025-04-01,2025-09-13,63,0.3928571428571429
KARIVEPAKU KARAM 100g VELLANKI FOODS,20.0,1.18,0.39,2.0,1224.0,2025-04-13,2025-09-16,17,0.3305084745762712
KARPURAVALLI BANANA,1028.6,5.68,2.46,19.65,80638.42,2025-04-01,2025-09-30,181,0.4330985915492958
KASOORI METHI PAPAD 200G EVR,5.0,1.67,1.15,3.0,375.0,2025-04-11,2025-04-13,3,0.688622754491018
KASURIMETHI 50G,86.0,1.3,0.63,4.0,3056.0,2025-04-03,2025-09-27,66,0.4846153846153846
KEERA JUICE,18.0,1.5,0.52,2.0,720.0,2025-04-12,2025-07-31,12,0.3466666666666667
KESARI MANGO KG LOOSE,628.36,8.49,4.04,20.24,146626.91,2025-04-01,2025-07-01,74,0.4758539458186101
KHUS KHUS 50G,78.0,1.28,0.69,5.0,9565.0,2025-04-02,2025-09-21,61,0.5390625
KIMIA DATES PLASTIC BOX 400G ORIGINAL,95.0,1.46,0.79,4.0,23985.0,2025-04-01,2025-09-23,65,0.541095890410959
KIMJO KIMIA DATES 400g ELEPHANT,66.0,1.69,1.3,8.0,13392.79,2025-04-07,2025-09-30,39,0.7692307692307693
KINELY WATER 500ml,265.0,3.01,3.75,31.0,2650.0,2025-04-13,2025-09-30,88,1.2458471760797343
KINLEY SODA 750ML,173.0,2.11,1.71,11.0,3460.0,2025-04-13,2025-09-30,82,0.8104265402843602
KINLEY WATER 1Lt,89.0,2.02,1.47,8.0,1780.0,2025-04-16,2025-08-29,44,0.7277227722772277
KIRAN MELON,13239.4,72.74,54.16,250.37,384004.46,2025-04-01,2025-09-29,182,0.7445697003024471
KISMIS GREEN 250g,6.0,1.5,0.58,2.0,1110.0,2025-08-25,2025-09-19,4,0.38666666666666666
KNOOL COOL,23.93,0.89,0.61,2.3,1078.2,2025-04-06,2025-09-28,27,0.6853932584269663
KOBBARI VUNDALU 250g VELLANKI FOODS,123.0,1.37,0.61,4.0,16120.0,2025-04-02,2025-09-29,90,0.4452554744525547
KOVA KAJJIKAYALU 250g VELLANKI FOODS,55.0,1.17,0.43,3.0,10040.0,2025-04-02,2025-09-28,47,0.36752136752136755
KP MALABAR  PAROTA 5PC ID FRESH,178.0,1.7,0.97,6.0,18682.0,2025-04-03,2025-09-29,105,0.5705882352941176
KURA KARAM 100g VELLANKI FOODS,14.0,1.75,0.71,3.0,840.0,2025-08-30,2025-09-30,8,0.4057142857142857
KURNOOL MURMURA 500g,136.0,1.56,0.69,4.0,10948.0,2025-04-05,2025-09-29,87,0.44230769230769224
Kashmir Comb Honey 500g BT,10.0,1.25,0.46,2.0,11700.0,2025-05-08,2025-09-15,8,0.368
L G HING 50g,69.0,1.25,0.52,3.0,6603.0,2025-04-02,2025-09-28,55,0.41600000000000004
LAB LAB,681.53,3.72,1.64,8.92,57499.51,2025-04-01,2025-09-30,183,0.4408602150537634
LADIES FINGER,5703.03,31.16,8.31,53.52,308770.39,2025-04-01,2025-09-30,183,0.2666880616174583
LAKSHMAN FRUIT ANAND,11.91,1.7,0.49,2.16,5111.97,2025-04-10,2025-08-20,7,0.28823529411764703
LAL MICHI WITHOUT STEM 200G EVR,121.0,1.41,0.69,4.0,13840.0,2025-04-05,2025-09-28,86,0.48936170212765956
LAL MIRCHI WITH STEM 200G EVR,94.0,1.22,0.5,3.0,9712.0,2025-04-07,2025-09-29,77,0.4098360655737705
LANGADA MANGO KG LOOSE,95.32,3.81,2.87,12.97,20394.18,2025-06-22,2025-07-24,25,0.7532808398950132
LASSI 200ml MILKY MIST UHT ROSE,32.0,1.6,1.1,5.0,1120.0,2025-04-30,2025-06-22,20,0.6875
LASSI BLUBERRY 180ml MILKYMIST,41.0,1.64,0.76,3.0,1355.0,2025-04-01,2025-06-19,25,0.4634146341463415
LEAF ONION,231.71,1.27,0.89,4.95,17179.96,2025-04-01,2025-09-30,182,0.7007874015748031
LEMON,1700.1,9.29,3.12,18.67,282952.05,2025-04-01,2025-09-30,183,0.3358449946178687
LEMON JUICE,15.0,1.07,0.27,2.0,300.0,2025-04-06,2025-09-28,14,0.25233644859813087
LIME PICKLE 250g VELLANKI FOODS,12.0,1.33,1.0,4.0,1210.0,2025-04-07,2025-09-01,9,0.7518796992481203
LITTLE MILLET SAMELU 500g,25.0,1.25,0.55,3.0,2470.0,2025-05-07,2025-09-20,20,0.44000000000000006
LOBIA,407.08,2.29,1.33,8.63,18712.45,2025-04-01,2025-09-30,178,0.5807860262008734
LONG CHILLIES,315.46,1.74,1.01,5.37,24464.83,2025-04-01,2025-09-30,181,0.5804597701149425
LOTUS ECLAIRS  250G,6.0,1.2,0.45,2.0,300.0,2025-07-06,2025-07-25,5,0.375
LOTUS KAJOOS 13.5 G,122.0,6.78,7.0,24.0,591.5,2025-07-14,2025-09-30,18,1.0324483775811208
LOTUS TANGO 20G,177.0,7.7,6.16,24.0,987.7,2025-04-27,2025-09-23,23,0.8
LOW GI RICE 1Kg AISHWARYA,6.0,1.2,0.45,2.0,720.0,2025-06-17,2025-07-31,5,0.375
LYCHEE LOCAL ANAND,107.83,2.4,1.1,5.52,49892.05,2025-04-28,2025-06-23,45,0.45833333333333337
Lotus Stem SAMBERRY,10.02,0.26,0.18,0.94,2846.25,2025-04-06,2025-09-22,38,0.6923076923076923
MAAZA 600ML,12.0,1.33,0.71,3.0,504.0,2025-04-26,2025-05-07,9,0.5338345864661653
MAGAYA PICKLE 250GMS VELLANKI FOODS,16.0,1.33,0.65,3.0,2270.0,2025-04-01,2025-09-18,12,0.48872180451127817
MAIDA 1 KG,35.0,1.17,0.38,2.0,2275.0,2025-04-01,2025-09-25,30,0.3247863247863248
MAIDA 500g,30.0,1.11,0.32,2.0,1200.0,2025-04-05,2025-09-29,27,0.2882882882882883
MALLIKA MANGO Kg LOOSE,278.05,4.48,3.09,14.43,40468.19,2025-05-05,2025-07-15,62,0.6897321428571428
MANGO GINGER,18.18,0.4,0.45,2.16,2403.42,2025-04-01,2025-09-30,45,1.125
MANGO JELLY ROLLS 250g VELLANKI FOODS,148.0,1.57,0.94,7.0,22480.0,2025-04-02,2025-09-28,94,0.5987261146496815
MANGO JUICE,17.0,1.42,0.9,4.0,1190.0,2025-04-08,2025-07-07,12,0.6338028169014085
MANGO MAGAYA  250g AHA,17.0,1.13,0.35,2.0,1700.0,2025-04-01,2025-09-26,15,0.30973451327433627
MANGO MAGAYA 500g AHA,5.0,1.25,0.5,2.0,1000.0,2025-04-10,2025-06-15,4,0.4
MANGO PICKLE 250G VELLANKI FOODS,63.0,1.34,0.7,4.0,7555.0,2025-04-01,2025-09-30,47,0.5223880597014925
MARATHI MOGGA 50gms EVR,5.0,1.25,0.5,2.0,210.0,2025-04-13,2025-04-20,4,0.4
MAREDUKAYA KG LOOSE,9.12,3.04,2.08,5.35,1176.74,2025-08-25,2025-08-27,3,0.6842105263157895
MASALA PALLI 250GMS VELLANKI FOODS,134.0,1.49,0.71,3.0,20220.0,2025-04-03,2025-09-28,90,0.47651006711409394
MASOOR DAL 500g,59.0,1.28,0.62,4.0,4360.0,2025-04-01,2025-09-28,46,0.484375
MASTI BUTTER MILK 1Lt AMUL,12.0,1.5,0.76,3.0,840.0,2025-04-14,2025-04-26,8,0.5066666666666667
MASTI BUTTER MILK 200ml AMUL tetra,175.0,4.38,4.0,20.0,2625.0,2025-04-11,2025-08-24,40,0.9132420091324202
MEDJOUL DATES LARGE FLYBERRY loose kgs,20.02,0.36,0.21,1.04,39455.28,2025-04-08,2025-09-30,56,0.5833333333333334
MENTI BIG,614.62,3.36,1.41,8.41,70809.16,2025-04-01,2025-09-30,183,0.41964285714285715
METHI 100G,101.0,1.53,0.77,4.0,3275.0,2025-04-02,2025-09-28,66,0.5032679738562091
MILK CHOCOLATE SMOOTH N CREAMY 150g AMUL,21.0,1.11,0.32,2.0,4160.0,2025-04-06,2025-09-28,19,0.2882882882882883
MILK SHAKE CHOCOLATE 220ML MILKY MIST,243.0,2.48,1.49,7.0,9691.2,2025-04-02,2025-09-30,98,0.6008064516129032
MILK SHAKE STRAWBERRY 180ML HERITAGE,60.0,2.14,1.11,4.0,1200.0,2025-06-04,2025-07-10,28,0.5186915887850467
MILK SHAKE STRAWBERRY 180ML MILKY MIST,145.0,2.04,1.42,8.0,5788.0,2025-04-24,2025-09-28,71,0.696078431372549
MILK SHAKE STRAWBERRY 180ml EPIGAMIA,247.0,2.06,1.37,7.0,9866.0,2025-04-01,2025-09-28,120,0.6650485436893204
MILK SHAKE VANILA 180ml EPIGAMIA,82.0,1.55,0.91,4.0,3280.0,2025-04-05,2025-09-14,53,0.5870967741935484
MILK SHAKE VANILLA 180ML MILKY MIST,58.0,1.57,0.77,3.0,2320.0,2025-04-01,2025-06-20,37,0.49044585987261147
MILKSHAKE CHOCOLATE 180ml EPIGAMIA,454.0,3.05,2.23,16.0,18150.4,2025-04-01,2025-09-24,149,0.7311475409836066
MILLET IDLY RAWA 500GMS SRI AHARYA,12.0,1.09,0.3,2.0,1068.0,2025-04-17,2025-06-03,11,0.2752293577981651
MILLET MOONG MIX 250g VELLANKI,69.0,1.28,0.53,3.0,10650.0,2025-06-03,2025-09-27,54,0.4140625
MINI MEDJOUL FLYBERRY loose kgs,5.23,0.31,0.29,1.16,6517.84,2025-04-02,2025-09-25,17,0.9354838709677419
MINUTE MAID PULPY 250 ML,113.0,2.4,1.57,6.0,2825.0,2025-04-24,2025-09-29,47,0.6541666666666667
MISHTI DAHI 80g  EPIGAMIA,113.0,1.82,1.05,6.0,3920.0,2025-04-01,2025-09-29,62,0.576923076923077
MIXED SPROUTS ANAND,1780.0,10.47,5.0,23.0,53400.0,2025-04-01,2025-09-30,170,0.47755491881566375
MIXTURE 250g VELLANKI FOODS,257.0,1.9,0.98,5.0,37369.5,2025-04-02,2025-09-30,135,0.5157894736842106
MODERN  CRUST PIZZA BASE 150g,6.0,3.0,2.83,5.0,210.0,2025-08-24,2025-09-13,2,0.9433333333333334
MODERN 100% WHOLE WHEAT BREAD 400G,191.0,1.95,1.18,6.0,10450.0,2025-05-09,2025-09-30,98,0.6051282051282051
MODERN BANANA PUDDING  CAKE 140g,33.0,1.1,0.4,3.0,1980.0,2025-05-12,2025-09-28,30,0.36363636363636365
MODERN CHOCO CHEER CAKE 120g,125.0,1.79,1.21,8.0,4375.0,2025-05-14,2025-09-16,70,0.6759776536312849
MODERN FRUIT & NUT CAKE 140g,61.0,1.39,0.58,3.0,3660.0,2025-05-14,2025-09-28,44,0.4172661870503597
MODERN HI FIBER  BROWN BREAD 400g,98.0,1.4,0.67,4.0,5335.0,2025-05-09,2025-09-30,70,0.47857142857142865
MODERN MILK PLUS BREAD 450g,178.0,1.82,1.01,5.0,9790.0,2025-05-10,2025-09-30,98,0.554945054945055
MODERN SANDWICH SUPREME BREAD 400g,106.0,1.49,0.67,3.0,5830.0,2025-05-11,2025-09-30,71,0.44966442953020136
MODERN WOW PAV 200g,63.0,1.91,1.07,4.0,1890.0,2025-05-10,2025-09-30,33,0.5602094240837697
MODREN FRUITY BREAD 200G,100.0,1.45,0.68,4.0,3000.0,2025-05-11,2025-09-28,69,0.46896551724137936
MOONG DAL 500G,112.0,1.44,0.71,4.0,8960.0,2025-04-01,2025-09-30,78,0.4930555555555555
MOONG DAL1kg,70.0,1.3,0.63,3.0,11200.0,2025-04-02,2025-09-27,54,0.4846153846153846
MOONG GREEN 500g,129.0,1.55,0.77,4.0,11338.94,2025-04-04,2025-09-28,83,0.4967741935483871
MOUSAMBI,1680.51,9.23,4.89,36.22,137279.59,2025-04-01,2025-09-30,182,0.5297941495124593
MOUSAMBI JUICE,110.0,1.86,1.11,5.0,9900.0,2025-04-01,2025-09-30,59,0.5967741935483871
MUKHWAS TINIMINI KG FLYBERRY,2.93,0.12,0.04,0.24,907.06,2025-04-05,2025-09-22,24,0.33333333333333337
MULAGAKU KARAM 100g VELLANKI FOODS,13.0,1.18,0.4,2.0,888.0,2025-04-06,2025-09-04,11,0.33898305084745767
MULBERY BOX PACK ANAND,155.0,3.44,1.06,6.0,13020.0,2025-04-01,2025-06-09,45,0.308139534883721
MURUKULU 250g VELLANKI FOODS,299.0,2.02,1.29,6.0,44517.89,2025-04-01,2025-09-30,148,0.6386138613861386
MUSK MELON - H,1538.89,8.46,4.63,29.31,67430.56,2025-04-01,2025-09-29,182,0.5472813238770685
MUSK MELON - LOCAL,78.91,3.59,1.67,6.65,5133.32,2025-04-01,2025-04-24,22,0.46518105849582175
MUSK MELON JUICE,80.0,1.82,1.04,5.0,4000.0,2025-04-01,2025-09-30,44,0.5714285714285714
MUSTARD BIG 200g,58.0,1.21,0.54,3.0,2440.0,2025-04-06,2025-09-26,48,0.44628099173553726
MUSTARD OIL 1Lt. MESMARA,8.0,1.14,0.38,2.0,4792.0,2025-04-19,2025-08-17,7,0.33333333333333337
MUSTARD SMALL 200g,62.0,1.13,0.39,3.0,2916.0,2025-04-04,2025-09-28,55,0.3451327433628319
MYSORE PAK 250g HARD VELLANKI FOODS,79.0,1.25,0.47,3.0,11625.0,2025-04-02,2025-09-30,63,0.376
Mango Juices,7.0,1.4,0.55,2.0,560.0,2025-04-16,2025-08-25,5,0.3928571428571429
NAGPUR ORANGE,598.51,10.88,6.76,33.36,86418.26,2025-04-01,2025-09-30,55,0.6213235294117646
NAGPUR ORANGE JUICE,36.0,1.89,0.99,5.0,3090.0,2025-04-01,2025-09-29,19,0.5238095238095238
NALLA KARAM 100g VELLANKI FOODS,7.0,1.17,0.41,2.0,434.0,2025-08-25,2025-09-30,6,0.3504273504273504
NANDA CREAM BUN VANILLA 60g,134.0,4.32,3.18,14.0,2010.0,2025-08-02,2025-09-28,31,0.736111111111111
NANDA CRM BUN CHOCOLATE 60g,99.0,2.91,2.52,10.0,1485.0,2025-07-30,2025-09-29,34,0.8659793814432989
NANDA CRM BUN PINEAPPLE 60g,91.0,2.84,1.74,7.0,1365.0,2025-07-30,2025-09-30,32,0.6126760563380282
NANDA MUFFIN FRUIT 240g,87.0,1.89,1.04,4.0,6427.25,2025-08-02,2025-09-30,46,0.5502645502645503
NANDA MUFFIN VANILLA 240g,97.0,2.42,1.74,7.0,7187.0,2025-07-29,2025-09-30,40,0.71900826446281
NANDA OSMANIA COOKIES 300g,143.0,2.55,1.49,8.0,10148.64,2025-07-30,2025-09-30,56,0.5843137254901961
NANDAS Mr BREADRY ZERO MAIDA 450g,3.0,1.5,0.71,2.0,180.0,2025-08-05,2025-08-07,2,0.47333333333333333
NARINJAAKAYA KG LOOSE,4.03,2.02,1.56,3.12,459.65,2025-08-26,2025-08-27,2,0.7722772277227723
NATU DONDAKAI,743.5,4.06,2.01,9.35,39005.01,2025-04-01,2025-09-30,183,0.49507389162561577
NATURAL BROWN SUGAR 1Kg JIVIKA ORGANICS,26.0,1.18,0.5,3.0,4030.0,2025-04-04,2025-09-28,22,0.42372881355932207
NATURAL CURD 450g SIDS FARM,1067.0,5.86,2.71,13.0,53340.0,2025-04-01,2025-09-30,182,0.462457337883959
NATURAL ROCK SALT 1Kg JIVIKA ORGANICS,85.0,1.33,0.71,5.0,9680.0,2025-04-02,2025-09-27,64,0.5338345864661653
NATURAL THICK CURD  POUCH 400 GMS ID FRESH,97.0,1.76,1.29,9.0,4642.0,2025-04-13,2025-09-28,55,0.7329545454545455
NATURAL THICK CURD CUP 400g ID FRESH,14.0,1.17,0.39,2.0,1100.0,2025-04-08,2025-09-07,12,0.33333333333333337
NAVARATAN MIXTURE 250g VELLANKI FOODS,139.0,1.39,0.63,4.0,21785.0,2025-04-01,2025-09-28,100,0.45323741007194246
NEELAM MANGO Kg LOOSE,382.65,6.71,4.59,20.65,57965.95,2025-06-21,2025-08-31,57,0.684053651266766
NETHI BHERAKAI,341.48,2.03,1.17,6.28,19950.29,2025-04-01,2025-09-28,168,0.5763546798029557
NUTMEG 50G,31.0,1.11,0.31,2.0,2480.0,2025-04-14,2025-09-26,28,0.27927927927927926
NUTRI+ WITH IMMUNITY BOOSTERS - 30 EGGS TRAY ABHI EGGS,58.0,1.32,0.56,3.0,22910.0,2025-04-04,2025-09-29,44,0.42424242424242425
NUTRI+ WITH IMMUNITY BOOSTERS - 6 EGGS PACK ABHI EGGS,96.0,1.63,0.85,4.0,8064.0,2025-04-03,2025-09-25,59,0.5214723926380368
NUVVULA CHIKKI 250g VELLANKI FOODS,153.0,1.72,1.01,6.0,23915.0,2025-04-01,2025-09-29,89,0.5872093023255814
NUVVUNDALU 250g VELLANKI FOODS,78.0,1.1,0.3,2.0,12280.0,2025-04-02,2025-09-27,71,0.2727272727272727
OKRA CHIPS VACUUM FRIED 20g FLYBERRY,4.0,1.33,0.58,2.0,196.0,2025-09-21,2025-09-25,3,0.4360902255639097
OMANI SEEDLESS 250g FLYBERRY,35.0,1.13,0.34,2.0,5211.0,2025-06-06,2025-09-28,31,0.3008849557522124
ONION,13298.94,72.67,23.81,146.35,443523.94,2025-04-01,2025-09-30,183,0.3276455208476675
ONION WHITE,84.43,1.96,1.66,7.17,3798.56,2025-04-01,2025-08-05,43,0.846938775510204
ORGANIC CURD. 1KG TUB AKSHAYAKALPA,81.0,1.21,0.51,3.0,12555.0,2025-04-06,2025-09-30,67,0.42148760330578516
ORGANIC GREEK YOGHURT NATURAL 100g AKSHAYAKALPA,49.0,1.48,0.71,4.0,2940.0,2025-04-02,2025-08-25,33,0.4797297297297297
ORGANIC MALAI PANEER 200g AKSHAYAKALPA,233.0,1.97,1.04,5.0,32593.0,2025-04-01,2025-09-30,118,0.5279187817258884
ORGANIC- CHEESE SLICES AKSHAYAKALPA,18.0,1.12,0.34,2.0,2160.0,2025-04-12,2025-09-21,16,0.30357142857142855
ORGANIC-PROBIOTIC CURD AKSHAYAKALPA,285.0,2.18,1.29,7.0,15675.0,2025-04-01,2025-09-30,131,0.591743119266055
OUTSIDE YELLOW MELON Kg,161.7,4.26,2.86,13.33,6451.6,2025-04-01,2025-06-06,38,0.6713615023474179
PALAK GREEN,1811.05,9.95,3.13,20.0,163396.09,2025-04-01,2025-09-30,182,0.314572864321608
PALLI GROUND NUT KARAM 100g VELLANKI FOODS,25.0,1.09,0.29,2.0,1628.0,2025-04-12,2025-09-20,23,0.2660550458715596
PALLI PEANUT CHIKKI 250g VELLANKI FOODS,303.0,2.06,1.16,6.0,45715.0,2025-04-01,2025-09-30,147,0.5631067961165048
PALLI PEANUT VUNDALU 250g VELLANKI FOODS,82.0,1.3,0.59,3.0,12400.0,2025-04-14,2025-09-28,63,0.4538461538461538
PANASA POTTU,97.6,1.37,0.8,4.0,6240.0,2025-04-01,2025-09-29,71,0.583941605839416
PANDUMIRAPAKAYA 250g PICKLE AHA,13.0,1.08,0.29,2.0,1170.0,2025-04-02,2025-09-25,12,0.2685185185185185
PANEER 200G HERITAGE,1407.0,7.95,4.46,31.0,163385.4,2025-04-01,2025-09-30,177,0.5610062893081761
PANEER 200G ID FRESH,299.0,2.27,1.32,6.0,39895.0,2025-04-02,2025-09-30,132,0.5814977973568283
PANEER 200g SINGLE BLOCK MILKY MIST,280.0,2.37,1.55,8.0,35820.2,2025-04-01,2025-09-28,118,0.6540084388185654
PANEER 500G HERITAGE,447.0,2.06,1.45,9.0,123009.96,2025-04-01,2025-09-30,217,0.703883495145631
PAPPAYA,3768.19,20.59,7.56,49.18,223167.08,2025-04-01,2025-09-30,183,0.3671685284118504
PAPPAYA JUICE,31.0,1.35,0.57,3.0,1550.0,2025-04-01,2025-09-29,23,0.42222222222222217
PARVAL,349.78,2.23,1.29,5.61,26222.33,2025-04-02,2025-09-28,157,0.57847533632287
PASTEURISED BUTTER 100g AMUL,97.0,1.83,1.16,5.0,5954.0,2025-04-01,2025-09-13,53,0.633879781420765
PASUPU KOMMULU,37.29,0.28,0.21,1.03,6793.03,2025-04-01,2025-09-27,135,0.7499999999999999
PEANUT OIL 1LT COLD PRESSED JIVIKA ORGANICS,20.0,1.11,0.32,2.0,9800.0,2025-04-06,2025-09-24,18,0.2882882882882883
PERI PERI CASHEW FLYBERRY,0.33,0.16,0.08,0.22,575.1,2025-09-27,2025-09-28,2,0.5
PERSIMMON FRUIT,5.8,0.72,0.63,1.76,4298.29,2025-06-23,2025-07-20,8,0.875
PGB SOYA CHUNKS 200G MEDIUM,18.0,1.29,0.47,2.0,1260.0,2025-04-09,2025-09-20,14,0.3643410852713178
PINE APPLE,706.0,3.94,2.15,11.0,66681.0,2025-04-01,2025-09-30,179,0.5456852791878173
PINE APPLE JUICE,70.0,1.56,0.94,5.0,6900.0,2025-04-01,2025-09-29,45,0.6025641025641025
PINK LADY APPLE,648.13,4.03,2.53,17.23,236727.24,2025-04-07,2025-09-30,161,0.6277915632754342
PISTA FLAVOURED MILK 200ML HERITAGE,236.0,2.34,1.5,7.0,7080.0,2025-04-01,2025-09-30,101,0.6410256410256411
PISTA GREEN SHELLED KG FLYBERRY,10.14,0.18,0.21,1.58,27287.05,2025-04-06,2025-09-28,56,1.1666666666666667
PLAIN BUTTER MILK 200ML UHT AKSHAYA KALPA,212.0,2.26,1.56,8.0,6330.0,2025-04-02,2025-09-28,94,0.6902654867256638
PLUMS LOCAL BOX ANAND,50.0,2.27,1.2,5.0,3554.0,2025-06-22,2025-08-24,22,0.5286343612334802
POHA MEDIUM 500g,212.0,1.86,1.06,6.0,11552.25,2025-04-03,2025-09-30,114,0.5698924731182796
POKCHOY LEAF SAMBERRY,4.66,0.22,0.06,0.32,1061.06,2025-04-07,2025-09-13,21,0.2727272727272727
POMEGRANATE CANE,5.0,1.25,0.5,2.0,500.0,2025-08-23,2025-09-09,4,0.4
POMEGRANATE JUICE,69.0,1.33,0.62,3.0,12420.0,2025-04-03,2025-09-30,52,0.46616541353383456
POMEGRANATE SEEDS,11.0,1.38,0.74,3.0,1089.0,2025-07-29,2025-09-09,8,0.5362318840579711
PONAGANTI KURA,107.18,0.76,0.53,2.78,7518.32,2025-04-01,2025-09-30,141,0.6973684210526316
POOJA GINGELLY OIL 1LTR,22.0,1.22,0.43,2.0,5940.0,2025-06-27,2025-09-28,18,0.3524590163934426
POOJA OIL 500ML,28.0,1.17,0.38,2.0,3892.0,2025-04-02,2025-09-28,24,0.3247863247863248
POOJA PATRI PACK,59.0,29.5,9.19,36.0,1947.0,2025-08-26,2025-08-27,2,0.31152542372881353
POTATO,9951.98,54.38,16.09,118.8,487956.76,2025-04-01,2025-09-30,183,0.29588083854358216
POTATO CHIPS 200G EVR,10.0,1.11,0.33,2.0,680.0,2025-04-13,2025-06-01,9,0.29729729729729726
PREMIUM MILK BREAD 400g SPENCERS AKSHAYA  FOODS,784.0,3.53,2.19,11.0,43120.0,2025-04-01,2025-09-30,222,0.6203966005665723
PREMIUM SANDWICH BREAD 400g SPENCERS AKSHAYA FOODS ENGLISH RECIPE,101.0,1.53,0.75,4.0,5555.0,2025-06-14,2025-09-30,66,0.49019607843137253
PRM BROWN BREAD 400g MR BREADY NANDAS,39.0,1.39,1.03,6.0,2145.0,2025-06-18,2025-09-23,28,0.7410071942446044
PRM CHITTIMUTYALU RICE 1KG GAJANAN,5.0,1.25,0.5,2.0,850.0,2025-06-15,2025-07-19,4,0.4
PRM HMT RAW RICE 26KG BAG GAJANAN,24.0,1.09,0.29,2.0,43428.0,2025-04-04,2025-09-29,22,0.2660550458715596
PROSO MILLET VARIGALU 500g,25.0,1.25,0.72,4.0,3750.0,2025-05-17,2025-09-22,20,0.576
PUDHINA,556.6,3.04,1.59,7.8,35355.33,2025-04-01,2025-09-30,183,0.5230263157894737
PULIHORA PASTE 250G VELLANKI FOODS,23.0,1.35,0.7,3.0,2665.0,2025-04-08,2025-09-29,17,0.5185185185185185
PUMPKIN,1242.06,6.82,3.95,22.77,47868.92,2025-04-01,2025-09-30,182,0.5791788856304986
PUMPKIN SEEDS KG FLYBERRY,21.79,0.24,0.2,1.55,23855.56,2025-04-01,2025-09-30,92,0.8333333333333334
PURE O FRESH EGGS 30 pack,787.0,4.4,2.1,10.0,196234.74,2025-04-01,2025-09-30,179,0.47727272727272724
PURE O FRESH EGGS 6 PACK,1855.0,10.19,5.12,34.0,100072.8,2025-04-01,2025-09-29,182,0.5024533856722277
Pomogranate Pack of 4,127.0,1.4,0.7,4.0,29393.0,2025-04-02,2025-09-30,91,0.5
RAGI FLOUR 500G,169.0,1.72,1.0,5.0,8124.0,2025-04-02,2025-09-29,98,0.5813953488372093
RAGULU 500g,72.0,1.36,0.71,4.0,3240.0,2025-04-02,2025-09-28,53,0.5220588235294117
RAISIN N ALMOND 150G CHOCOLATE AMUL,11.0,1.1,0.32,2.0,2750.0,2025-04-07,2025-07-26,10,0.2909090909090909
RASAM PODI 100g VELLANKI FOODS,12.0,1.2,0.42,2.0,728.0,2025-04-11,2025-09-26,10,0.35
RAW BANANA(GREEN PLANTIN),2133.14,11.66,3.23,26.92,128694.32,2025-04-01,2025-09-30,183,0.2770154373927959
RAW MANGO,999.98,5.46,2.57,13.29,61097.94,2025-04-01,2025-09-30,183,0.4706959706959707
RAW PEANUT 1KG,175.0,1.58,0.75,4.0,29674.0,2025-04-03,2025-09-28,111,0.47468354430379744
RAW PEANUT500g,280.0,1.99,1.1,6.0,24895.5,2025-04-01,2025-09-29,141,0.5527638190954774
RED BANTHI POOLU KGS LOOSE,8.11,4.06,1.44,5.07,1451.33,2025-08-26,2025-08-27,2,0.35467980295566504
RED BULL CAN 250ml,24.0,1.33,0.59,3.0,3000.0,2025-07-31,2025-09-17,18,0.44360902255639095
RED CHERRY FLYBERRY,9.78,0.16,0.1,0.51,5771.13,2025-04-27,2025-09-29,61,0.625
RED LOBIYA 500g,45.0,1.12,0.33,2.0,4270.0,2025-04-01,2025-09-19,40,0.29464285714285715
RED RAJMA 500g,49.0,1.11,0.39,3.0,4900.0,2025-04-14,2025-09-30,44,0.3513513513513513
RED RICE 1KG,11.0,1.1,0.32,2.0,1183.0,2025-04-13,2025-07-04,10,0.2909090909090909
RIBBON PAKODI 250g VELLANKI FOODS,232.0,1.83,1.11,8.0,32950.0,2025-04-01,2025-09-28,127,0.6065573770491803
RICE FLOUR 500G,135.0,1.73,1.15,6.0,6495.0,2025-04-02,2025-09-22,78,0.6647398843930635
RICE RAVA IDLY BATTER 1KG ID FRESH,66.0,1.29,0.5,3.0,6175.0,2025-04-02,2025-09-26,51,0.38759689922480617
RICE RAWA 500g,83.0,1.48,1.22,9.0,3320.0,2025-04-04,2025-09-28,56,0.8243243243243243
RIDGE GOURD,6459.72,35.3,9.91,64.06,368571.19,2025-04-01,2025-09-30,183,0.2807365439093485
ROASTED CHANA 200G,10.0,2.5,1.0,4.0,500.0,2025-09-07,2025-09-10,4,0.4
ROASTED SALTED PISTA KG FLYBERRY,14.81,0.2,0.14,0.79,27159.99,2025-04-01,2025-09-27,73,0.7000000000000001
ROMAIN LETTUCE KG ENGISH ITEM SAMBERRY,9.71,0.15,0.09,0.64,2468.75,2025-04-03,2025-09-28,64,0.6
ROSE LONG BRINJAL,1768.41,9.66,3.61,17.92,111942.42,2025-04-01,2025-09-30,183,0.37370600414078675
RUBUSTA BANANA,4351.04,23.91,8.32,69.17,204084.65,2025-04-01,2025-09-30,182,0.3479715600167294
RUMANI MANGO KG LOOSE,20.04,1.54,0.95,3.71,1788.97,2025-06-21,2025-07-16,13,0.6168831168831168
Raw Forest Honey 1000g BT,8.0,1.14,0.38,2.0,5544.0,2025-05-16,2025-09-21,7,0.33333333333333337
Raw Pappaya,34.45,1.23,0.57,2.27,1678.86,2025-05-18,2025-09-25,28,0.46341463414634143
Red Banana,190.12,1.25,0.94,4.6,23570.56,2025-04-01,2025-09-30,152,0.752
Royalaga Pack of 4,182.0,1.53,0.66,4.0,27061.0,2025-04-02,2025-09-30,119,0.43137254901960786
SABJA SEEDS KG FLYBERRY,6.0,0.14,0.09,0.52,3184.24,2025-04-05,2025-09-21,42,0.6428571428571428
SABUDANA 250g,98.0,1.48,0.93,6.0,4110.0,2025-04-04,2025-09-28,66,0.6283783783783784
SAMBAR ONION CHENNAI,8.82,1.47,1.69,4.85,846.72,2025-08-22,2025-08-31,6,1.1496598639455782
SAMBAR PODI 100g VELLANKI FOODS,23.0,1.53,0.64,3.0,1392.0,2025-04-11,2025-09-26,15,0.41830065359477125
SAMBAR Â ONION,362.22,2.41,1.6,7.88,14163.04,2025-04-01,2025-09-30,150,0.6639004149377593
SANNAPOOSA 250g VELLANKI FOODS,143.0,1.46,0.69,4.0,20310.0,2025-04-01,2025-09-28,98,0.4726027397260274
SAUNF 100gm EVR,5.0,2.5,0.71,3.0,225.0,2025-04-10,2025-04-13,2,0.284
SESAME OIL 1Lt COLD PRESSED JIVIKA ORGANICS,18.0,1.29,0.47,2.0,9450.0,2025-04-03,2025-09-12,14,0.3643410852713178
SET CURD 1kg BUCKET MILKY MIST,201.0,1.83,0.96,5.0,24120.0,2025-04-09,2025-09-30,110,0.5245901639344261
SET CURD 200g MILKY MIST,66.0,1.22,0.54,3.0,2178.0,2025-04-01,2025-09-19,54,0.4426229508196722
SET CURD 400g MILKY MIST,67.0,1.18,0.47,3.0,4355.0,2025-04-01,2025-09-30,57,0.3983050847457627
SHAH JEERA 50g,119.0,1.51,0.73,4.0,9960.0,2025-04-04,2025-09-28,79,0.4834437086092715
SHRIKAND MANGO 100g MILKY MIST,19.0,1.27,0.59,3.0,855.0,2025-04-01,2025-09-25,15,0.4645669291338582
SID FARMS MALAI PANEER 200g,395.0,2.52,1.36,8.0,47993.0,2025-04-01,2025-09-30,157,0.5396825396825398
SIMLA APPLE,142.4,4.59,2.45,11.84,29255.1,2025-08-26,2025-09-30,31,0.533769063180828
SINGLE POLISH RICE 1Kg,48.0,1.6,1.0,5.0,3840.0,2025-04-06,2025-09-28,30,0.625
SINGLE POLISH RICE 5Kg,39.0,1.3,0.65,4.0,15405.0,2025-04-25,2025-09-26,30,0.5
SKYR YOGHURT 100g MILKYMIST,38.0,1.46,0.9,4.0,2280.0,2025-04-03,2025-09-03,26,0.6164383561643836
SMALL AMLA,3.13,0.63,0.65,1.77,354.14,2025-05-02,2025-09-06,5,1.0317460317460319
SMALL CAPSICUM,250.42,2.26,1.44,5.17,21541.67,2025-04-06,2025-09-30,111,0.6371681415929203
SNAKE GOURD,433.94,2.48,1.49,8.25,30806.8,2025-04-01,2025-09-30,175,0.6008064516129032
SOYA CHUNKS MEDIUM 200G EVR,115.0,1.29,0.5,3.0,6485.0,2025-04-01,2025-09-28,89,0.38759689922480617
SOYA CHUNKS SMALL 200G EVR,125.0,1.56,0.84,5.0,5247.9,2025-04-01,2025-09-30,80,0.5384615384615384
SOYAKURA,20.21,0.17,0.11,0.62,1401.56,2025-04-02,2025-09-28,116,0.6470588235294117
SPECIAL  LONG LIFE MILK 500ML HERITAGE,747.0,4.64,3.71,21.0,25423.0,2025-04-01,2025-09-30,161,0.7995689655172414
SPECIAL LONG LIFE COW MILK 180ML HERITAGE,634.0,3.99,3.94,17.0,7878.39,2025-04-02,2025-09-30,159,0.9874686716791979
SPICE BUTTER MILK 200ml UHT AKSHAYA KALPA,281.0,2.65,2.0,10.0,8430.0,2025-04-04,2025-09-29,106,0.7547169811320755
SPICY ALOO CHIPS 100g VELLANKI FOODS,227.0,1.99,1.22,5.0,14325.0,2025-04-02,2025-09-30,114,0.6130653266331658
SPRITE 600ML,12.0,1.5,1.07,4.0,480.0,2025-04-26,2025-05-05,8,0.7133333333333334
SPRITE PET  250ML,119.0,2.16,1.73,7.0,2360.0,2025-04-12,2025-09-30,55,0.8009259259259258
SPROUTED RAGI FLOUR 500GMS SRI AHARYA,8.0,1.14,0.38,2.0,552.0,2025-04-01,2025-05-08,7,0.33333333333333337
SRI LALITHA IDLY RAVA 1KG,10.0,1.25,0.46,2.0,600.0,2025-07-26,2025-08-06,8,0.368
STAR FRUIT,12.0,2.4,0.89,3.0,1068.0,2025-07-30,2025-09-30,5,0.37083333333333335
STAR PAPAD 200G EVR,8.0,1.14,0.38,2.0,384.0,2025-06-01,2025-08-19,7,0.33333333333333337
STRAWBERRY FLAVOURED MILK 180ML HERITAGE,254.0,2.23,1.6,7.0,7336.0,2025-04-01,2025-09-26,114,0.7174887892376682
SUGAR 1 KG,223.0,1.68,1.03,8.0,11764.0,2025-04-01,2025-09-30,133,0.6130952380952381
SUGAR 2 KG,40.0,1.25,0.8,5.0,3960.0,2025-04-02,2025-09-16,32,0.64
SUGAR CANE PACK,94.0,1.84,1.01,5.0,2632.0,2025-04-03,2025-09-17,51,0.5489130434782609
SUGAR FREE DARK CHOCOLATE 150g AMUL,20.0,1.25,0.58,3.0,4000.0,2025-05-27,2025-06-29,16,0.46399999999999997
SUNFLOWER OIL 1LT COLD PRESSED MESMARA,15.0,1.07,0.27,2.0,8145.0,2025-04-02,2025-09-22,14,0.25233644859813087
SUNFLOWER OIL 1Lt COLD PRESSED JIVIKA ORGANICS,24.0,1.14,0.36,2.0,11040.0,2025-04-18,2025-09-28,21,0.31578947368421056
SUNFLOWER SEEDS KG FLYBERRY,12.73,0.2,0.12,0.61,12082.1,2025-04-01,2025-08-19,65,0.6
SWEET CORN,7012.0,38.32,14.2,106.0,102729.3,2025-04-01,2025-09-30,183,0.3705636743215031
SWEET CORN SEED,410.0,2.85,1.74,10.0,20500.0,2025-04-01,2025-09-30,144,0.6105263157894737
SWEET POTATO,2245.13,12.27,4.64,34.33,130210.12,2025-04-01,2025-09-30,183,0.3781581092094539
Small Bitter Gourd,414.24,4.23,3.02,12.76,26423.58,2025-04-01,2025-09-28,98,0.7139479905437351
Snake Gourd Small,2.01,0.5,0.29,0.84,79.6,2025-07-11,2025-09-17,4,0.58
TABLE BUTTER 100g HERITAGE,120.0,1.56,0.72,4.0,7228.0,2025-04-02,2025-09-30,77,0.4615384615384615
TABLE BUTTER CHIPLITE MILKY MIST,57.0,1.12,0.33,2.0,4437.54,2025-04-03,2025-09-26,51,0.29464285714285715
TABLE BUTTER SALTED 100g MILKY MIST,23.0,1.28,0.46,2.0,1718.0,2025-04-05,2025-09-29,18,0.359375
TABLE BUTTER SALTED 200G MILKY MIST,13.0,1.08,0.29,2.0,1895.0,2025-04-04,2025-09-19,12,0.2685185185185185
TAMARIND 500g,97.0,1.56,0.9,4.0,11245.0,2025-04-05,2025-09-30,62,0.5769230769230769
TAMARIND SEEDLESS 500g SRI SIVA RUDRA EVR,112.0,1.4,0.69,4.0,17571.75,2025-04-01,2025-09-16,80,0.4928571428571428
TAPESWARAM KAJA 250g VELLANKI FOODS,101.0,1.26,0.47,3.0,14340.0,2025-04-02,2025-09-26,80,0.37301587301587297
TATA IODISED CRYSTAL SALT 1KG,20.0,1.54,0.97,4.0,440.0,2025-04-06,2025-05-04,13,0.6298701298701298
TATA SALT 1KG,146.0,1.49,0.99,6.0,4378.5,2025-04-01,2025-09-30,98,0.6644295302013423
TEENDA,16.04,0.84,0.51,2.19,1501.77,2025-06-29,2025-09-01,19,0.6071428571428572
TELANGANA CHEKKALU 250g  VELLANKI FOODS,419.0,2.62,1.33,7.0,55106.0,2025-04-02,2025-09-30,160,0.5076335877862596
THAMALAPAKULU,155.0,38.75,30.45,75.0,155.0,2025-08-07,2025-09-09,4,0.7858064516129032
THIS CREAMY CARAMEL 18G CONTINENTAL,15.0,7.5,3.54,10.0,150.0,2025-04-19,2025-07-26,2,0.47200000000000003
THIS CREAMY COFFEE MOCHA 22g CONTINENETAL,25.0,8.33,2.89,10.0,950.0,2025-06-26,2025-09-08,3,0.3469387755102041
THOTAPURI MANGO,502.01,3.22,1.8,8.5,34772.34,2025-04-01,2025-09-30,156,0.5590062111801242
THREE MANGO MIRCHI  PWD 500G,14.0,1.4,0.97,4.0,5232.0,2025-04-14,2025-08-23,10,0.6928571428571428
THREE MANGO RAI PWD 200G,3.0,1.5,0.71,2.0,126.0,2025-04-01,2025-04-26,2,0.47333333333333333
THREE MANGO RAI PWD 500G,4.0,1.33,0.58,2.0,309.0,2025-04-10,2025-05-06,3,0.4360902255639097
THUMS UP  600ml PET BOTTLE,9.0,2.25,0.96,3.0,360.0,2025-04-26,2025-05-01,4,0.42666666666666664
THUMS UP 1Lt PET BOTTLE,12.0,1.71,1.11,4.0,600.0,2025-05-09,2025-05-29,7,0.6491228070175439
THUMS UP 250ML,211.0,2.57,1.75,8.0,4220.0,2025-04-13,2025-09-22,82,0.6809338521400778
TIL 100G,121.0,1.68,1.09,6.0,4755.0,2025-04-05,2025-09-27,72,0.6488095238095238
TNS DATES 200g,5.0,1.67,0.58,2.0,450.0,2025-04-16,2025-04-24,3,0.3473053892215569
TOFU PANEER 200g SAI RATNA FOODS,17.0,2.83,1.17,4.0,750.5,2025-04-03,2025-04-10,6,0.41342756183745577
TOMATO (APPLE) hybrid,520.95,3.1,4.93,61.39,29094.51,2025-04-01,2025-09-30,168,1.590322580645161
TOMATO PICKLE  250g AHA,16.0,1.14,0.36,2.0,1440.0,2025-04-06,2025-09-16,14,0.31578947368421056
TONED MILK 500ml HERITAGE,14652.0,72.9,131.69,1912.0,401154.05,2025-04-01,2025-09-30,201,1.8064471879286692
TOOR  DAL FATKA POLISHED 1kg,145.0,1.58,0.83,5.0,23307.0,2025-04-02,2025-09-30,92,0.5253164556962024
TOOR DAL PRM UNPOLISHED FATKA 1KG,147.0,1.56,0.77,4.0,24365.0,2025-04-12,2025-09-30,94,0.49358974358974356
TOP MILLET ANDU KORRALU 500G,24.0,1.09,0.29,2.0,3600.0,2025-05-03,2025-09-28,22,0.2660550458715596
TOTAL CURD 120GMS HERITAGE,1979.0,11.44,4.93,27.0,19790.0,2025-04-01,2025-09-30,173,0.43094405594405594
TUTTI FRUITY KG FLYBERRY,1.42,0.12,0.07,0.25,467.94,2025-06-29,2025-09-08,12,0.5833333333333334
Thotakura,782.36,4.28,2.01,14.2,50208.8,2025-04-01,2025-09-30,183,0.469626168224299
Tulsi Infused Honey 250g BT,18.0,1.12,0.34,2.0,5184.0,2025-05-12,2025-08-22,16,0.30357142857142855
UHT BUTTER MILK 180ML MILKY MIST,163.0,3.79,2.98,14.0,3260.0,2025-04-29,2025-09-28,43,0.7862796833773087
ULAVACHARU 250g HASSTA,372.0,2.5,1.55,7.0,38286.0,2025-04-01,2025-09-30,149,0.62
URAD BLACK SPLIT 500g,11.0,1.38,0.74,3.0,935.0,2025-07-12,2025-09-23,8,0.5362318840579711
URAD BLACK WHOLE 500G,12.0,1.5,1.07,4.0,1020.0,2025-08-03,2025-09-17,8,0.7133333333333334
URAD DAL UNPOLISHED 500g,55.0,1.22,0.42,2.0,4950.0,2025-04-08,2025-09-24,45,0.3442622950819672
URAD ROUND UN POLISHED 1kg,104.0,1.33,0.6,4.0,17019.75,2025-04-02,2025-09-29,78,0.45112781954887216
USA FUJI APPLE,731.18,4.04,2.51,12.37,305790.4,2025-04-01,2025-09-30,181,0.6212871287128713
VAAKKAI,41.28,0.57,0.37,1.46,3978.69,2025-05-21,2025-09-30,72,0.6491228070175439
VAMPOOSA 250g VELLANKI FOODS,301.0,2.12,1.26,7.0,42759.0,2025-04-01,2025-09-30,142,0.5943396226415094
VANILLA FLAVOURED MIILK 180ML HERITAGE,17.0,1.89,1.05,4.0,510.0,2025-04-01,2025-04-12,9,0.5555555555555556
VELLANIKI BITTER GOURD PAKODA 150G,19.0,1.19,0.4,2.0,1938.0,2025-08-28,2025-09-30,16,0.33613445378151263
VELLANKI  PESARA MURKULU 250G,59.0,1.34,0.75,4.0,8670.0,2025-06-01,2025-09-30,44,0.5597014925373134
VELLANKI AVISELA  CHIKKI 250G,42.0,1.11,0.31,2.0,6240.0,2025-05-28,2025-09-29,38,0.27927927927927926
VELLANKI HEALTHY LADDU 250G,68.0,1.45,0.69,3.0,12010.0,2025-05-25,2025-09-23,47,0.4758620689655172
VELLANKI JONNA MURKULU 250G,91.0,1.52,0.83,4.0,13975.0,2025-05-23,2025-09-27,60,0.5460526315789473
VELLANKI JOWARI FLAKES 250G,101.0,1.51,0.73,4.0,15528.45,2025-05-24,2025-09-23,67,0.4834437086092715
VELLANKI KAKARAKAYA CHIPS 150G,30.0,1.2,0.41,2.0,2880.0,2025-05-23,2025-09-30,25,0.3416666666666667
VELLANKI MILLET BOONDI ACTHU 250g,43.0,1.34,0.6,3.0,6530.0,2025-05-26,2025-09-26,32,0.4477611940298507
VELLANKI MILLET MIXTURE 250g,98.0,1.38,0.7,4.0,13769.5,2025-05-23,2025-09-30,71,0.5072463768115942
VELLANKI MILLET MURKULU 250g,91.0,1.47,0.72,4.0,11585.0,2025-05-23,2025-09-28,62,0.4897959183673469
VELLANKI MULTI SEEDS CHIKI 250g,54.0,1.42,0.68,3.0,12880.0,2025-05-23,2025-09-28,38,0.4788732394366198
VELLANKI VAM MURKULU 250g,79.0,1.32,0.62,3.0,12057.6,2025-05-25,2025-09-29,60,0.46969696969696967
VELLANLI RAGI RIBBON PAKODI 150G,17.0,1.21,0.43,2.0,1530.0,2025-05-31,2025-07-13,14,0.35537190082644626
VENNA VUNDALU 250GMS VELLANKI FOODS,154.0,1.43,0.7,4.0,22545.0,2025-04-03,2025-09-28,108,0.4895104895104895
VINAYAKA VIGRAHAM 12 INCH,5.0,2.5,2.12,4.0,590.0,2025-08-26,2025-08-27,2,0.8480000000000001
VINAYAKA VIGRAHAM 8 INCH,9.0,3.0,2.0,5.0,801.0,2025-08-25,2025-08-27,3,0.6666666666666666
VITAMIN D3  WITH IMMUNITY BOOSTERS - 6 EGGS PACK  ABHI EGGS,108.0,1.5,0.79,4.0,10152.0,2025-04-01,2025-09-29,72,0.5266666666666667
VITAMIN D3 IMMUNITY BOOSTER 30PC PACK ABHI EGGS,42.0,1.14,0.42,3.0,18900.0,2025-04-03,2025-09-27,37,0.368421052631579
Vakai Box,64.0,3.2,2.14,7.0,3200.0,2025-05-20,2025-07-15,20,0.66875
WALNUT PREMIUM KGS FLYBERRY,20.08,0.25,0.17,0.78,47750.4,2025-04-03,2025-09-28,81,0.68
WALNUT REGULAR  KGS FLYBERRY,18.41,0.25,0.21,1.12,32957.28,2025-04-01,2025-09-01,75,0.84
WASHINGTON APPLE,483.27,3.12,2.04,9.9,164479.34,2025-04-01,2025-09-15,155,0.6538461538461539
WATER APPLE BOX,23.0,2.56,1.42,5.0,2139.0,2025-04-02,2025-08-03,9,0.5546875
WATERMELON JUICE,165.0,2.12,1.35,8.0,8250.0,2025-04-01,2025-09-30,78,0.6367924528301887
WHEAT CHAPATI 390G 10PC ID FRESH,189.0,1.64,0.85,4.0,14929.0,2025-04-04,2025-09-29,115,0.5182926829268293
WHEAT PAROTA 5PC 400G ID FRESH,121.0,1.53,0.75,4.0,13287.5,2025-04-01,2025-09-29,79,0.49019607843137253
WHEAT RAWA MEDIUM 500g,216.0,2.08,1.28,7.0,9720.0,2025-04-03,2025-09-29,104,0.6153846153846154
WHITE JOWAR 500g,55.0,1.72,1.25,5.0,2700.0,2025-04-02,2025-09-28,32,0.7267441860465116
WHITE JOWAR SORGHUM RAWA 500GMS SRI AHARYA,7.0,1.4,0.55,2.0,483.0,2025-04-03,2025-05-08,5,0.3928571428571429
WHITE LOBIYA 500g,57.0,1.24,0.6,4.0,5035.0,2025-04-06,2025-09-30,46,0.48387096774193544
WHITE PAV 200g SPENCERS AKSHAYA FOODS,74.0,1.85,1.08,4.0,2220.0,2025-06-15,2025-09-30,40,0.5837837837837838
WHITE RADISH,571.17,3.12,1.83,8.39,32145.68,2025-04-01,2025-09-30,183,0.5865384615384616
WHITE RAJMA 500g,27.0,1.29,0.64,3.0,2730.0,2025-04-20,2025-09-19,21,0.49612403100775193
WHITE ROUND BRINJAL,1381.32,7.59,2.7,17.17,93133.33,2025-04-01,2025-09-30,182,0.35573122529644274
WHITE SEEDLESS GRAPES,477.94,10.62,6.48,22.56,66994.76,2025-04-01,2025-09-24,45,0.6101694915254238
WHOLE MEAL BROWN BREAD 400g SPENCERS AKSHAYA FOODS,499.0,2.84,1.38,7.0,27445.0,2025-04-01,2025-09-30,176,0.48591549295774644
WHOLE WHEAT BREAD 400g  SPENCERS AKSHAYA FOODS,383.0,2.5,1.39,6.0,21065.0,2025-04-01,2025-09-28,153,0.5559999999999999
WOOD APPLE,26.61,1.77,3.37,12.36,2634.79,2025-08-26,2025-09-09,15,1.9039548022598871
WORKOUT TRAIL MIX KG FLYBERRY,7.08,0.2,0.12,0.56,11347.2,2025-04-02,2025-09-14,36,0.6
XTRA 50gm POUCH  CONTINENTAL,18.0,1.29,0.61,3.0,3064.8,2025-04-19,2025-09-28,14,0.4728682170542635
XTRA SACHET 2.3G CONTINENTAL,1056.0,39.11,24.14,120.0,2112.0,2025-07-02,2025-09-29,27,0.6172334441319356
YELLOW BANTHI POOLU KGS LOOSE,8.24,2.75,2.19,4.17,1449.43,2025-05-26,2025-08-27,3,0.7963636363636364
YELLOW DRAGON KG LOOSE,4.57,1.52,0.83,2.42,1206.48,2025-07-08,2025-07-10,3,0.5460526315789473
YELLOW JOWAR 500g,32.0,1.33,0.7,4.0,1920.0,2025-04-02,2025-09-30,24,0.5263157894736842
YELLOW MELON,31.02,3.88,1.52,5.89,1210.02,2025-04-05,2025-05-27,8,0.3917525773195876
YOGHURT  MANGO MILKYMIST,133.0,1.77,1.02,5.0,3990.0,2025-04-02,2025-09-30,75,0.576271186440678
YOGHURT PEACH 100GM MILKYMIST,92.0,1.67,1.28,8.0,3030.0,2025-04-02,2025-09-30,55,0.7664670658682635
YOGHURT STRAWBERRY MILKYMIST,142.0,2.03,1.26,5.0,4230.0,2025-04-02,2025-09-29,70,0.6206896551724138
YOGURT MANGO 90g AKSHAYA KALPA,43.0,1.43,0.77,4.0,2580.0,2025-04-03,2025-08-21,30,0.5384615384615385
ZUCCHIINI GREEN ENGLISH ITEM SAMBERRY,41.15,0.42,0.23,1.16,8914.9,2025-04-01,2025-09-30,97,0.5476190476190477
ZUCCHINI YELLOW ENGLISH ITEM SAMBERRY,37.13,0.38,0.21,1.23,9121.46,2025-04-01,2025-09-28,97,0.5526315789473684
chinna menthi,132.79,0.77,0.31,1.67,11743.22,2025-04-01,2025-09-30,172,0.40259740259740256
chintakayalu,32.6,0.88,0.69,3.23,2862.24,2025-04-14,2025-09-30,37,0.7840909090909091
chukkakura,527.98,2.9,1.23,5.71,46275.08,2025-04-01,2025-09-30,182,0.4241379310344828
gangavyalukura,18.43,0.47,0.21,1.16,1272.93,2025-04-01,2025-07-17,39,0.4468085106382979
koyakura,1.26,0.32,0.15,0.5,75.06,2025-04-09,2025-07-27,4,0.46875
pink Dragon Fruit,211.0,1.79,1.2,6.25,39459.03,2025-04-03,2025-09-30,118,0.6703910614525139
red thotakura,4.17,0.6,0.43,1.46,311.15,2025-04-02,2025-07-11,7,0.7166666666666667
simla mirchi bajji,17.25,0.78,0.63,2.21,1610.96,2025-04-18,2025-08-26,22,0.8076923076923077
