product_name,current_category,trae_suggested_category,confidence_score (formatted as %),reason,owner_final_category
FRUIT N NUT 150g DARK CHOCOLATE AMUL,fruits,Confectionery,71.43%,Matched keywords: chocolate,
SUGAR FREE DARK CHOCOLATE 150g AMUL,unknown,Confectionery,71.43%,Matched keywords: chocolate,
DARK CHOCOLATE 150g BEST WISHES AMUL,unknown,Confectionery,71.43%,Matched keywords: chocolate,
AMUL DARK CHOCOLATE 125G,unknown,Confectionery,71.43%,Matched keywords: chocolate,
CHOCOLATE 150G HBD PACK AMUL,unknown,Confectionery,71.43%,Matched keywords: chocolate,
AMUL FRUIT N NUT CHOCOLATE ILU 150g,fruits,Confectionery,71.43%,Matched keywords: chocolate,
RAISIN N ALMOND 150G CHOCOLATE AMUL,unknown,Confectionery,71.43%,Matched keywords: chocolate,
BITTER CHOCOLATE 150g AMUL,vegetables,Confectionery,71.43%,Matched keywords: chocolate,
ORGANIC- CHEESE SLICES AKSHAYAKALPA,unknown,Organic,71.43%,"Matched keywords: organic, akshayakalpa",
BELGIAN CHOCOLATE 125g AMUL,unknown,Confectionery,71.43%,Matched keywords: chocolate,
ALMONDO 200g CHOCOLATE AMUL,unknown,Confectionery,71.43%,Matched keywords: chocolate,
BITTER CHOCOLATE 150g 90% BITTER AMUL,vegetables,Confectionery,71.43%,Matched keywords: chocolate,
DARK CHOCOLATE 150g AMUL,unknown,Confectionery,71.43%,Matched keywords: chocolate,
NANDA CRM BUN CHOCOLATE 60g,unknown,Confectionery,71.43%,Matched keywords: chocolate,
AKSHAYAKALPA UNSALTED TABLE BUTTER 100g TUB ORGANIC,unknown,Organic,71.43%,"Matched keywords: organic, akshayakalpa",
HAZELNUT CHOCOLATE SPREAD 200g,unknown,Confectionery,71.43%,Matched keywords: chocolate,
AKSHAYAKALPA TABLE BUTTER SALTED 100g TUB ORGANIC,unknown,Organic,71.43%,"Matched keywords: organic, akshayakalpa",
ORGANIC MALAI PANEER 200g AKSHAYAKALPA,unknown,Organic,69.44%,"Matched keywords: organic, akshayakalpa",
Akshayakalpa Organic Ghee 490ml,unknown,Organic,69.44%,"Matched keywords: organic, akshayakalpa",
ORGANIC-PROBIOTIC CURD AKSHAYAKALPA,unknown,Organic,67.57%,"Matched keywords: organic, akshayakalpa",
AMRUTHA - A2 ORGANIC CURD. 500g AKSHAYAKALPA,unknown,Organic,67.57%,"Matched keywords: organic, akshayakalpa",
ORGANIC CURD. 1KG TUB AKSHAYAKALPA,unknown,Organic,67.57%,"Matched keywords: organic, akshayakalpa",
ARTISANAL ORGANIC SET CURD 400g AKSHAYAKALPA,unknown,Organic,67.57%,"Matched keywords: organic, akshayakalpa",
THIS CREAMY COFFEE MOCHA 22g CONTINENETAL,unknown,Beverages,67.57%,Matched keywords: coffee,
CREAMY COFFEE HAZELNUT 22g CONTINENTAL,unknown,Beverages,67.57%,Matched keywords: coffee,
MILK SHAKE STRAWBERRY 180ml EPIGAMIA,juices,Dairy,63.16%,Matched keywords: milk,
MILK SHAKE STRAWBERRY 180ML MILKY MIST,juices,Dairy,63.16%,Matched keywords: milk,
MILK SHAKE VANILA 180ml EPIGAMIA,juices,Dairy,63.16%,Matched keywords: milk,
MILK SHAKE VANILLA 180ML MILKY MIST,juices,Dairy,63.16%,Matched keywords: milk,
MILK SHAKE STRAWBERRY 180ML HERITAGE,juices,Dairy,63.16%,Matched keywords: milk,
Apple Milk Shake,juices,Dairy,63.16%,Matched keywords: milk,
Mango Milk Shake,juices,Dairy,63.16%,Matched keywords: milk,
FULL CREAM MILK 500ml HERITAGE,unknown,Dairy,60.0%,Matched keywords: milk,
PREMIUM MILK BREAD 400g SPENCERS AKSHAYA  FOODS,unknown,Dairy,60.0%,Matched keywords: milk,
MODERN MILK PLUS BREAD 450g,unknown,Dairy,60.0%,Matched keywords: milk,
MILK BREAD 350g SPENCERS GOLDEN CRUST NANDA,unknown,Dairy,60.0%,Matched keywords: milk,
AK ORGANIC HIGH PROTEIN PANEER 200g,unknown,Organic,57.69%,Matched keywords: organic,
AKSHAYA KALPA ORGANIC COW GHEE 195ml,unknown,Organic,57.69%,Matched keywords: organic,
BOONDI LADDU 250g VELLANKI FOODS,unknown,Confectionery,55.56%,Matched keywords: laddu,
THIS IS CARAMEL CREAMY COFFEE22g CONTINENTAL,unknown,Beverages,55.56%,Matched keywords: coffee,
AKSHYAKALPA ORGANIC TONED MILK UHT 1Lt. TETRA,unknown,Organic,55.56%,Matched keywords: organic,
DESI COW GHEE 500ml JIVIKA ORGANICS,unknown,Dairy,55.0%,Matched keywords: ghee,
NATURAL COW GHEE 500ml JIVIKA ORGANICS,unknown,Dairy,55.0%,Matched keywords: ghee,
BUFFALO GHEE 500ml JIVIKA ORGANICS,unknown,Dairy,55.0%,Matched keywords: ghee,
APPLE MILKSHAKES,juices,Beverages,53.85%,"Matched keywords: shake, milkshake",
FRESH CREAM 250ml UHT MILKY MIST,unknown,Personal Care,52.63%,Matched keywords: cream,
