product_name,confidence%,option_1,option_2,web_sources,validation_flag,owner_decision
THIS IS CARAMEL CREAMY COFFEE22g CONTINENTAL,74.17,Beverages,Snacks,synthetic: keyword+brand consensus; query: THIS IS CARAMEL CREAMY COFFEE22g CONTINENTAL category retail; query: THIS IS CARAMEL CREAMY COFFEE22g CONTINENTAL grocery shelf location India,OWNER_REQUIRED,
THIS CREAMY COFFEE MOCHA 22g CONTINENETAL,74.17,Beverages,Snacks,synthetic: keyword+brand consensus; query: THIS CREAMY COFFEE MOCHA 22g CONTINENETAL category retail; query: THIS CREAMY COFFEE MOCHA 22g CONTINENETAL grocery shelf location India,OWNER_REQUIRED,
PINE APPLE JUICE,74.17,Beverages,Snacks,synthetic: keyword+brand consensus; query: PINE APPLE JUICE category retail; query: PINE APPLE JUICE grocery shelf location India,OWNER_REQUIRED,
PAPPAYA JUICE,74.17,Beverages,Snacks,synthetic: keyword+brand consensus; query: PAPPAYA JUICE category retail; query: PAPPAYA JUICE grocery shelf location India,OWNER_REQUIRED,
NAGPUR ORANGE JUICE,74.17,Beverages,Snacks,synthetic: keyword+brand consensus; query: NAGPUR ORANGE JUICE category retail; query: NAGPUR ORANGE JUICE grocery shelf location India,OWNER_REQUIRED,
Mango Juices,74.17,Beverages,Snacks,synthetic: keyword+brand consensus; query: Mango Juices category retail; query: Mango Juices grocery shelf location India,OWNER_REQUIRED,
MUSK MELON JUICE,74.17,Beverages,Snacks,synthetic: keyword+brand consensus; query: MUSK MELON JUICE category retail; query: MUSK MELON JUICE grocery shelf location India,OWNER_REQUIRED,
MOUSAMBI JUICE,74.17,Beverages,Snacks,synthetic: keyword+brand consensus; query: MOUSAMBI JUICE category retail; query: MOUSAMBI JUICE grocery shelf location India,OWNER_REQUIRED,
MANGO JUICE,74.17,Beverages,Snacks,synthetic: keyword+brand consensus; query: MANGO JUICE category retail; query: MANGO JUICE grocery shelf location India,OWNER_REQUIRED,
LEMON JUICE,74.17,Beverages,Snacks,synthetic: keyword+brand consensus; query: LEMON JUICE category retail; query: LEMON JUICE grocery shelf location India,OWNER_REQUIRED,
KEERA JUICE,74.17,Beverages,Snacks,synthetic: keyword+brand consensus; query: KEERA JUICE category retail; query: KEERA JUICE grocery shelf location India,OWNER_REQUIRED,
JUBJUB GUAVA JUICE,74.17,Beverages,Snacks,synthetic: keyword+brand consensus; query: JUBJUB GUAVA JUICE category retail; query: JUBJUB GUAVA JUICE grocery shelf location India,OWNER_REQUIRED,
JIVIKA NATURALS PEANUT BUTTER500GMS,74.17,Dairy,Beverages,synthetic: keyword+brand consensus; query: JIVIKA NATURALS PEANUT BUTTER500GMS category retail; query: JIVIKA NATURALS PEANUT BUTTER500GMS grocery shelf location India,OWNER_REQUIRED,
GRAPE JUICE,74.17,Beverages,Snacks,synthetic: keyword+brand consensus; query: GRAPE JUICE category retail; query: GRAPE JUICE grocery shelf location India,OWNER_REQUIRED,
GOLDEN COW GHEE 500 ML HERITAGE,74.17,Dairy,Beverages,synthetic: keyword+brand consensus; query: GOLDEN COW GHEE 500 ML HERITAGE category retail; query: GOLDEN COW GHEE 500 ML HERITAGE grocery shelf location India,OWNER_REQUIRED,
DRAGAN FRUIT JUICE,74.17,Beverages,Snacks,synthetic: keyword+brand consensus; query: DRAGAN FRUIT JUICE category retail; query: DRAGAN FRUIT JUICE grocery shelf location India,OWNER_REQUIRED,
CRUNCHY BANANA CHIPS 100g FLYBERRY,74.17,Snacks,Beverages,synthetic: keyword+brand consensus; query: CRUNCHY BANANA CHIPS 100g FLYBERRY category retail; query: CRUNCHY BANANA CHIPS 100g FLYBERRY grocery shelf location India,OWNER_REQUIRED,
CREAMY COFFEE HAZELNUT 22g CONTINENTAL,74.17,Beverages,Snacks,synthetic: keyword+brand consensus; query: CREAMY COFFEE HAZELNUT 22g CONTINENTAL category retail; query: CREAMY COFFEE HAZELNUT 22g CONTINENTAL grocery shelf location India,OWNER_REQUIRED,
COW GHEE 350g SIDS FARM,74.17,Dairy,Beverages,synthetic: keyword+brand consensus; query: COW GHEE 350g SIDS FARM category retail; query: COW GHEE 350g SIDS FARM grocery shelf location India,OWNER_REQUIRED,
COOKING BUTTER 500g HERITAGE,74.17,Dairy,Beverages,synthetic: keyword+brand consensus; query: COOKING BUTTER 500g HERITAGE category retail; query: COOKING BUTTER 500g HERITAGE grocery shelf location India,OWNER_REQUIRED,
CHICOOS SAPOTA JUICE,74.17,Beverages,Snacks,synthetic: keyword+brand consensus; query: CHICOOS SAPOTA JUICE category retail; query: CHICOOS SAPOTA JUICE grocery shelf location India,OWNER_REQUIRED,
CARROT N BEETROOT JUICE,74.17,Beverages,Snacks,synthetic: keyword+brand consensus; query: CARROT N BEETROOT JUICE category retail; query: CARROT N BEETROOT JUICE grocery shelf location India,OWNER_REQUIRED,
CARROT JUICE,74.17,Beverages,Snacks,synthetic: keyword+brand consensus; query: CARROT JUICE category retail; query: CARROT JUICE grocery shelf location India,OWNER_REQUIRED,
Beetroot Juice,74.17,Beverages,Snacks,synthetic: keyword+brand consensus; query: Beetroot Juice category retail; query: Beetroot Juice grocery shelf location India,OWNER_REQUIRED,
BUTTER UNSALTED 500G AMUL,74.17,Dairy,Beverages,synthetic: keyword+brand consensus; query: BUTTER UNSALTED 500G AMUL category retail; query: BUTTER UNSALTED 500G AMUL grocery shelf location India,OWNER_REQUIRED,
BUFFALO GHEE 350g SIDS FARM,74.17,Dairy,Beverages,synthetic: keyword+brand consensus; query: BUFFALO GHEE 350g SIDS FARM category retail; query: BUFFALO GHEE 350g SIDS FARM grocery shelf location India,OWNER_REQUIRED,
BANANAJUICE,74.17,Beverages,Snacks,synthetic: keyword+brand consensus; query: BANANAJUICE category retail; query: BANANAJUICE grocery shelf location India,OWNER_REQUIRED,
AVOCADO JUICE,74.17,Beverages,Snacks,synthetic: keyword+brand consensus; query: AVOCADO JUICE category retail; query: AVOCADO JUICE grocery shelf location India,OWNER_REQUIRED,
ASH GOURD JUICE,74.17,Beverages,Snacks,synthetic: keyword+brand consensus; query: ASH GOURD JUICE category retail; query: ASH GOURD JUICE grocery shelf location India,OWNER_REQUIRED,
ANJUR JUICE,74.17,Beverages,Snacks,synthetic: keyword+brand consensus; query: ANJUR JUICE category retail; query: ANJUR JUICE grocery shelf location India,OWNER_REQUIRED,
AMUL BUTTER 500G SALTED,74.17,Dairy,Beverages,synthetic: keyword+brand consensus; query: AMUL BUTTER 500G SALTED category retail; query: AMUL BUTTER 500G SALTED grocery shelf location India,OWNER_REQUIRED,
ALMOND MILK 1Lt UNSWEETENED EPIGAMIA,74.17,Dairy,Beverages,synthetic: keyword+brand consensus; query: ALMOND MILK 1Lt UNSWEETENED EPIGAMIA category retail; query: ALMOND MILK 1Lt UNSWEETENED EPIGAMIA grocery shelf location India,OWNER_REQUIRED,
AGMARK GHEE 500 ML HERITAGE,74.17,Dairy,Beverages,synthetic: keyword+brand consensus; query: AGMARK GHEE 500 ML HERITAGE category retail; query: AGMARK GHEE 500 ML HERITAGE grocery shelf location India,OWNER_REQUIRED,
ABC CANE JUICE,74.17,Beverages,Snacks,synthetic: keyword+brand consensus; query: ABC CANE JUICE category retail; query: ABC CANE JUICE grocery shelf location India,OWNER_REQUIRED,
KINLEY WATER 1Lt,73.33,Beverages,Snacks,synthetic: keyword+brand consensus; query: KINLEY WATER 1Lt category retail; query: KINLEY WATER 1Lt grocery shelf location India,OWNER_REQUIRED,
YOGURT MANGO 90g AKSHAYA KALPA,69.72,Beverages,Snacks,synthetic: brand consensus; query: YOGURT MANGO 90g AKSHAYA KALPA brand category India,OWNER_REQUIRED,
YOGHURT STRAWBERRY MILKYMIST,69.72,Beverages,Snacks,synthetic: brand consensus; query: YOGHURT STRAWBERRY MILKYMIST brand category India,OWNER_REQUIRED,
YOGHURT PEACH 100GM MILKYMIST,69.72,Beverages,Snacks,synthetic: brand consensus; query: YOGHURT PEACH 100GM MILKYMIST brand category India,OWNER_REQUIRED,
YOGHURT  MANGO MILKYMIST,69.72,Beverages,Snacks,synthetic: brand consensus; query: YOGHURT  MANGO MILKYMIST brand category India,OWNER_REQUIRED,
VELLANKI KAKARAKAYA CHIPS 150G,69.72,Beverages,Snacks,synthetic: brand consensus; query: VELLANKI KAKARAKAYA CHIPS 150G brand category India,OWNER_REQUIRED,
TOTAL CURD 120GMS HERITAGE,69.72,Beverages,Snacks,synthetic: brand consensus; query: TOTAL CURD 120GMS HERITAGE brand category India,OWNER_REQUIRED,
TONED MILK 500ml HERITAGE,69.72,Beverages,Snacks,synthetic: brand consensus; query: TONED MILK 500ml HERITAGE brand category India,OWNER_REQUIRED,
TABLE BUTTER 500G HERITAGE,69.72,Breakfast,Beverages,synthetic: brand consensus; query: TABLE BUTTER 500G HERITAGE brand category India,OWNER_REQUIRED,
TABLE BUTTER 100g HERITAGE,69.72,Beverages,Snacks,synthetic: brand consensus; query: TABLE BUTTER 100g HERITAGE brand category India,OWNER_REQUIRED,
SWEET POTATO,69.72,Beverages,Snacks,synthetic: brand consensus; query: SWEET POTATO brand category India,OWNER_REQUIRED,
SWEET CORN SEED,69.72,Beverages,Snacks,synthetic: brand consensus; query: SWEET CORN SEED brand category India,OWNER_REQUIRED,
SWEET CORN,69.72,Beverages,Snacks,synthetic: brand consensus; query: SWEET CORN brand category India,OWNER_REQUIRED,
SWEET ALMOND OIL100ML MESMARA,69.72,Dairy,Beverages,synthetic: brand consensus; query: SWEET ALMOND OIL100ML MESMARA brand category India,OWNER_REQUIRED,
SUNFLOWER OIL 1Lt COLD PRESSED JIVIKA ORGANICS,69.72,Dairy,Beverages,synthetic: brand consensus; query: SUNFLOWER OIL 1Lt COLD PRESSED JIVIKA ORGANICS brand category India,OWNER_REQUIRED,
SUGAR FREE DARK CHOCOLATE 150g AMUL,69.72,Breakfast,Beverages,synthetic: brand consensus; query: SUGAR FREE DARK CHOCOLATE 150g AMUL brand category India,OWNER_REQUIRED,
STRAWBERRY FLAVOURED MILK 180ML HERITAGE,69.72,Beverages,Snacks,synthetic: brand consensus; query: STRAWBERRY FLAVOURED MILK 180ML HERITAGE brand category India,OWNER_REQUIRED,
SPICY ALOO CHIPS 100g VELLANKI FOODS,69.72,Beverages,Snacks,synthetic: brand consensus; query: SPICY ALOO CHIPS 100g VELLANKI FOODS brand category India,OWNER_REQUIRED,
SPICED TARO CHIPS 30g FLYBERRY GOURMET,69.72,Beverages,Snacks,synthetic: brand consensus; query: SPICED TARO CHIPS 30g FLYBERRY GOURMET brand category India,OWNER_REQUIRED,
SPECIALE COFFEE 200g JAR CONTINENTAL,69.72,Personal Care,Beverages,synthetic: brand consensus; query: SPECIALE COFFEE 200g JAR CONTINENTAL brand category India,OWNER_REQUIRED,
SPECIAL LONG LIFE COW MILK 180ML HERITAGE,69.72,Beverages,Snacks,synthetic: brand consensus; query: SPECIAL LONG LIFE COW MILK 180ML HERITAGE brand category India,OWNER_REQUIRED,
SPECIAL  LONG LIFE MILK 500ML HERITAGE,69.72,Beverages,Snacks,synthetic: brand consensus; query: SPECIAL  LONG LIFE MILK 500ML HERITAGE brand category India,OWNER_REQUIRED,
SKYR YOGHURT 100g MILKYMIST,69.72,Beverages,Snacks,synthetic: brand consensus; query: SKYR YOGHURT 100g MILKYMIST brand category India,OWNER_REQUIRED,
SHRIKAND MANGO 100g MILKY MIST,69.72,Beverages,Snacks,synthetic: brand consensus; query: SHRIKAND MANGO 100g MILKY MIST brand category India,OWNER_REQUIRED,
SHRIKAND ELAICHI 100g MILKY MIST,69.72,Beverages,Snacks,synthetic: brand consensus; query: SHRIKAND ELAICHI 100g MILKY MIST brand category India,OWNER_REQUIRED,
SESAME OIL 1Lt COLD PRESSED JIVIKA ORGANICS,69.72,Personal Care,Beverages,synthetic: brand consensus; query: SESAME OIL 1Lt COLD PRESSED JIVIKA ORGANICS brand category India,OWNER_REQUIRED,
SAMBAR  ONION,69.72,Beverages,Snacks,synthetic: brand consensus; query: SAMBAR  ONION brand category India,OWNER_REQUIRED,
SAMBAR PODI 100g VELLANKI FOODS,69.72,Beverages,Snacks,synthetic: brand consensus; query: SAMBAR PODI 100g VELLANKI FOODS brand category India,OWNER_REQUIRED,
SAMBAR ONION CHENNAI,69.72,Beverages,Snacks,synthetic: brand consensus; query: SAMBAR ONION CHENNAI brand category India,OWNER_REQUIRED,
RAISIN N ALMOND 150G CHOCOLATE AMUL,69.72,Breakfast,Beverages,synthetic: brand consensus; query: RAISIN N ALMOND 150G CHOCOLATE AMUL brand category India,OWNER_REQUIRED,
PUTNALU KOBBARIKARAM 250g AHA,69.72,Snacks,Beverages,synthetic: brand consensus; query: PUTNALU KOBBARIKARAM 250g AHA brand category India,OWNER_REQUIRED,
PREMIUM MILK BREAD 400g SPENCERS AKSHAYA  FOODS,69.72,Beverages,Snacks,synthetic: brand consensus; query: PREMIUM MILK BREAD 400g SPENCERS AKSHAYA  FOODS brand category India,OWNER_REQUIRED,
PREMIUM FREEZE DIRED COFFEE 50gm JAR CONTINENTAL,69.72,Breakfast,Beverages,synthetic: brand consensus; query: PREMIUM FREEZE DIRED COFFEE 50gm JAR CONTINENTAL brand category India,OWNER_REQUIRED,
POTATO CHIPS 200G EVR,69.72,Beverages,Snacks,synthetic: brand consensus; query: POTATO CHIPS 200G EVR brand category India,OWNER_REQUIRED,
POMEGRANATE JUICE,69.72,Breakfast,Beverages,synthetic: brand consensus; query: POMEGRANATE JUICE brand category India,OWNER_REQUIRED,
POHA MEDIUM 500g,69.72,Beverages,Snacks,synthetic: brand consensus; query: POHA MEDIUM 500g brand category India,OWNER_REQUIRED,
PISTA FLAVOURED MILK 200ML HERITAGE,69.72,Beverages,Snacks,synthetic: brand consensus; query: PISTA FLAVOURED MILK 200ML HERITAGE brand category India,OWNER_REQUIRED,
PEANUT OIL 1LT COLD PRESSED JIVIKA ORGANICS,69.72,Dairy,Beverages,synthetic: brand consensus; query: PEANUT OIL 1LT COLD PRESSED JIVIKA ORGANICS brand category India,OWNER_REQUIRED,
PASTEURISED BUTTER 100g AMUL,69.72,Beverages,Snacks,synthetic: brand consensus; query: PASTEURISED BUTTER 100g AMUL brand category India,OWNER_REQUIRED,
ORGANIC-PROBIOTIC CURD AKSHAYAKALPA,69.72,Beverages,Snacks,synthetic: brand consensus; query: ORGANIC-PROBIOTIC CURD AKSHAYAKALPA brand category India,OWNER_REQUIRED,
ORGANIC- CHEESE SLICES AKSHAYAKALPA,69.72,Snacks,Beverages,synthetic: brand consensus; query: ORGANIC- CHEESE SLICES AKSHAYAKALPA brand category India,OWNER_REQUIRED,
ORGANIC MALAI PANEER 200g AKSHAYAKALPA,69.72,Snacks,Beverages,synthetic: brand consensus; query: ORGANIC MALAI PANEER 200g AKSHAYAKALPA brand category India,OWNER_REQUIRED,
ORGANIC CURD. 1KG TUB AKSHAYAKALPA,69.72,Breakfast,Beverages,synthetic: brand consensus; query: ORGANIC CURD. 1KG TUB AKSHAYAKALPA brand category India,OWNER_REQUIRED,
ORANGE JUICE,69.72,Snacks,Beverages,synthetic: brand consensus; query: ORANGE JUICE brand category India,OWNER_REQUIRED,
OKRA CHIPS VACUUM FRIED 20g FLYBERRY,69.72,Beverages,Snacks,synthetic: brand consensus; query: OKRA CHIPS VACUUM FRIED 20g FLYBERRY brand category India,OWNER_REQUIRED,
NATURAL THICK CURD CUP 400g ID FRESH,69.72,Beverages,Snacks,synthetic: brand consensus; query: NATURAL THICK CURD CUP 400g ID FRESH brand category India,OWNER_REQUIRED,
NATURAL THICK CURD  POUCH 400 GMS ID FRESH,69.72,Beverages,Snacks,synthetic: brand consensus; query: NATURAL THICK CURD  POUCH 400 GMS ID FRESH brand category India,OWNER_REQUIRED,
NATURAL CURD 450g SIDS FARM,69.72,Beverages,Snacks,synthetic: brand consensus; query: NATURAL CURD 450g SIDS FARM brand category India,OWNER_REQUIRED,
NANDA CRM BUN CHOCOLATE 60g,69.72,Beverages,Snacks,synthetic: brand consensus; query: NANDA CRM BUN CHOCOLATE 60g brand category India,OWNER_REQUIRED,
Moosambi Economy,69.72,Beverages,Snacks,synthetic: brand consensus; query: Moosambi Economy brand category India,OWNER_REQUIRED,
Mango Milk Shake,69.72,Beverages,Snacks,synthetic: brand consensus; query: Mango Milk Shake brand category India,OWNER_REQUIRED,
MODERN MILK PLUS BREAD 450g,69.72,Beverages,Snacks,synthetic: brand consensus; query: MODERN MILK PLUS BREAD 450g brand category India,OWNER_REQUIRED,
MILK SHAKE VANILLA 180ML MILKY MIST,69.72,Beverages,Snacks,synthetic: brand consensus; query: MILK SHAKE VANILLA 180ML MILKY MIST brand category India,OWNER_REQUIRED,
MILK SHAKE VANILA 180ml EPIGAMIA,69.72,Beverages,Snacks,synthetic: brand consensus; query: MILK SHAKE VANILA 180ml EPIGAMIA brand category India,OWNER_REQUIRED,
MILK SHAKE STRAWBERRY 180ml EPIGAMIA,69.72,Beverages,Snacks,synthetic: brand consensus; query: MILK SHAKE STRAWBERRY 180ml EPIGAMIA brand category India,OWNER_REQUIRED,
MILK SHAKE STRAWBERRY 180ML MILKY MIST,69.72,Beverages,Snacks,synthetic: brand consensus; query: MILK SHAKE STRAWBERRY 180ML MILKY MIST brand category India,OWNER_REQUIRED,
MILK SHAKE STRAWBERRY 180ML HERITAGE,69.72,Beverages,Snacks,synthetic: brand consensus; query: MILK SHAKE STRAWBERRY 180ML HERITAGE brand category India,OWNER_REQUIRED,
MILK BREAD 350g SPENCERS GOLDEN CRUST NANDA,69.72,Beverages,Snacks,synthetic: brand consensus; query: MILK BREAD 350g SPENCERS GOLDEN CRUST NANDA brand category India,OWNER_REQUIRED,
MALGUDI FILTER COFFEE 500g 60 DEGREE CONTINENTAL,69.72,Dairy,Beverages,synthetic: brand consensus; query: MALGUDI FILTER COFFEE 500g 60 DEGREE CONTINENTAL brand category India,OWNER_REQUIRED,
MALGUDI COFFEE 500g 80 DEGREE CONTINENTAL,69.72,Dairy,Beverages,synthetic: brand consensus; query: MALGUDI COFFEE 500g 80 DEGREE CONTINENTAL brand category India,OWNER_REQUIRED,
MALGUDI COFFEE 200g 80 DEGREES CONTINENTAL,69.72,Breakfast,Beverages,synthetic: brand consensus; query: MALGUDI COFFEE 200g 80 DEGREES CONTINENTAL brand category India,OWNER_REQUIRED,
MALGUDI COFFEE 200g 60 DEGREES CONTINENTAL,69.72,Breakfast,Beverages,synthetic: brand consensus; query: MALGUDI COFFEE 200g 60 DEGREES CONTINENTAL brand category India,OWNER_REQUIRED,
KP MALABAR  PAROTA 5PC ID FRESH,69.72,Snacks,Beverages,synthetic: brand consensus; query: KP MALABAR  PAROTA 5PC ID FRESH brand category India,OWNER_REQUIRED,
KOBBARI VUNDALU 250g VELLANKI FOODS,69.72,Snacks,Beverages,synthetic: brand consensus; query: KOBBARI VUNDALU 250g VELLANKI FOODS brand category India,OWNER_REQUIRED,
KOBBARI KARAM 250g AHA,69.72,Snacks,Beverages,synthetic: brand consensus; query: KOBBARI KARAM 250g AHA brand category India,OWNER_REQUIRED,
JAGGERY POWDER 500g JIVIKA ORGANICS,69.72,Beverages,Snacks,synthetic: brand consensus; query: JAGGERY POWDER 500g JIVIKA ORGANICS brand category India,OWNER_REQUIRED,
IMP Orange Juices,69.72,Snacks,Beverages,synthetic: brand consensus; query: IMP Orange Juices brand category India,OWNER_REQUIRED,
HAZELNUT CHOCOLATE SPREAD 200g,69.72,Dairy,Beverages,synthetic: brand consensus; query: HAZELNUT CHOCOLATE SPREAD 200g brand category India,OWNER_REQUIRED,
GULAB JAM MIX 200g MILKY MIST,69.72,Snacks,Beverages,synthetic: brand consensus; query: GULAB JAM MIX 200g MILKY MIST brand category India,OWNER_REQUIRED,
GREEK YOGURT WILD RASBERRY 85g EPIGAMIA,69.72,Beverages,Snacks,synthetic: brand consensus; query: GREEK YOGURT WILD RASBERRY 85g EPIGAMIA brand category India,OWNER_REQUIRED,
GREEK YOGURT VANILLA BEAN 90g EPIGAMIA,69.72,Beverages,Snacks,synthetic: brand consensus; query: GREEK YOGURT VANILLA BEAN 90g EPIGAMIA brand category India,OWNER_REQUIRED,
GREEK YOGURT STRAWBERRY ZERO ADD SUGAR 120g EPIGAMIA,69.72,Beverages,Snacks,synthetic: brand consensus; query: GREEK YOGURT STRAWBERRY ZERO ADD SUGAR 120g EPIGAMIA brand category India,OWNER_REQUIRED,
GREEK YOGURT STRAWBERRY SMOOTHIE 180ml EPIGAMIA,69.72,Beverages,Snacks,synthetic: brand consensus; query: GREEK YOGURT STRAWBERRY SMOOTHIE 180ml EPIGAMIA brand category India,OWNER_REQUIRED,
GREEK YOGURT STRAWBERRY 85g EPIGAMIA,69.72,Beverages,Snacks,synthetic: brand consensus; query: GREEK YOGURT STRAWBERRY 85g EPIGAMIA brand category India,OWNER_REQUIRED,
GREEK YOGURT NATURAL 90g EPIGAMIA,69.72,Beverages,Snacks,synthetic: brand consensus; query: GREEK YOGURT NATURAL 90g EPIGAMIA brand category India,OWNER_REQUIRED,
GREEK YOGURT MIXED BERRY ZERO ADDED SUGAR 120g EPIGAMIA,69.72,Beverages,Snacks,synthetic: brand consensus; query: GREEK YOGURT MIXED BERRY ZERO ADDED SUGAR 120g EPIGAMIA brand category India,OWNER_REQUIRED,
GREEK YOGURT BLUEBERRY SMOOTHIE 180ml EPIGAMIA,69.72,Beverages,Snacks,synthetic: brand consensus; query: GREEK YOGURT BLUEBERRY SMOOTHIE 180ml EPIGAMIA brand category India,OWNER_REQUIRED,
GREEK YOGURT BLUEBERRY 90g EPIGAMIA,69.72,Beverages,Snacks,synthetic: brand consensus; query: GREEK YOGURT BLUEBERRY 90g EPIGAMIA brand category India,OWNER_REQUIRED,
GREEK YOGURT ALPHONSO MANGO SMOOTHIE 180ml EPIGAMIA,69.72,Beverages,Snacks,synthetic: brand consensus; query: GREEK YOGURT ALPHONSO MANGO SMOOTHIE 180ml EPIGAMIA brand category India,OWNER_REQUIRED,
GREEK YOGURT 85g  ALPHONSO MANGO  EPIGAMIA,69.72,Beverages,Snacks,synthetic: brand consensus; query: GREEK YOGURT 85g  ALPHONSO MANGO  EPIGAMIA brand category India,OWNER_REQUIRED,
GREEK YOGHURT 100g MILKY MIST,69.72,Beverages,Snacks,synthetic: brand consensus; query: GREEK YOGHURT 100g MILKY MIST brand category India,OWNER_REQUIRED,
GREEK HONEY AND FIG YOGHURT 100g MILKY MIST,69.72,Beverages,Snacks,synthetic: brand consensus; query: GREEK HONEY AND FIG YOGHURT 100g MILKY MIST brand category India,OWNER_REQUIRED,
GREEK CEREALS YOGHURT 100g MILKY MIST,69.72,Beverages,Snacks,synthetic: brand consensus; query: GREEK CEREALS YOGHURT 100g MILKY MIST brand category India,OWNER_REQUIRED,
GHEE ARISELU 250g VELLANKI FOODS,69.72,Breakfast,Beverages,synthetic: brand consensus; query: GHEE ARISELU 250g VELLANKI FOODS brand category India,OWNER_REQUIRED,
GAVVALU SWEET 250G VELLANKI FOODS,69.72,Snacks,Beverages,synthetic: brand consensus; query: GAVVALU SWEET 250G VELLANKI FOODS brand category India,OWNER_REQUIRED,
FRUIT YOGURT 75g STRAWBERRY EPIGAMIA,69.72,Beverages,Snacks,synthetic: brand consensus; query: FRUIT YOGURT 75g STRAWBERRY EPIGAMIA brand category India,OWNER_REQUIRED,
FRUIT YOGURT 75g ALPHONSO MANGO EPIGAMIA,69.72,Beverages,Snacks,synthetic: brand consensus; query: FRUIT YOGURT 75g ALPHONSO MANGO EPIGAMIA brand category India,OWNER_REQUIRED,
FRUIT YOGHURT BB 100g MILKYMIST,69.72,Beverages,Snacks,synthetic: brand consensus; query: FRUIT YOGHURT BB 100g MILKYMIST brand category India,OWNER_REQUIRED,
FRUIT N NUT 150g DARK CHOCOLATE AMUL,69.72,Breakfast,Beverages,synthetic: brand consensus; query: FRUIT N NUT 150g DARK CHOCOLATE AMUL brand category India,OWNER_REQUIRED,
FLYBERRY SPICE OKRA CHIPS 25g,69.72,Beverages,Snacks,synthetic: brand consensus; query: FLYBERRY SPICE OKRA CHIPS 25g brand category India,OWNER_REQUIRED,
FLYBERRY CRUNCHY BANANA CHIPS 25g,69.72,Beverages,Snacks,synthetic: brand consensus; query: FLYBERRY CRUNCHY BANANA CHIPS 25g brand category India,OWNER_REQUIRED,
FLYBERRY CRISPY SWEET CORN 12g,69.72,Beverages,Snacks,synthetic: brand consensus; query: FLYBERRY CRISPY SWEET CORN 12g brand category India,OWNER_REQUIRED,
FINGER CHIPS PAPAD 200G EVR,69.72,Beverages,Snacks,synthetic: brand consensus; query: FINGER CHIPS PAPAD 200G EVR brand category India,OWNER_REQUIRED,
FILTER COFFEE 150ML NEW BOLD ID FRESH,69.72,Snacks,Beverages,synthetic: brand consensus; query: FILTER COFFEE 150ML NEW BOLD ID FRESH brand category India,OWNER_REQUIRED,
FILTER COFFEE 150ML ID FRESH,69.72,Breakfast,Beverages,synthetic: brand consensus; query: FILTER COFFEE 150ML ID FRESH brand category India,OWNER_REQUIRED,
DARK CHOCOLATE 150g BEST WISHES AMUL,69.72,Breakfast,Beverages,synthetic: brand consensus; query: DARK CHOCOLATE 150g BEST WISHES AMUL brand category India,OWNER_REQUIRED,
DARK CHOCOLATE 150g AMUL,69.72,Breakfast,Beverages,synthetic: brand consensus; query: DARK CHOCOLATE 150g AMUL brand category India,OWNER_REQUIRED,
CURD TUB 1KG HERITAGE,69.72,Snacks,Beverages,synthetic: brand consensus; query: CURD TUB 1KG HERITAGE brand category India,OWNER_REQUIRED,
CURD CUP 400GHERITAGE,69.72,Beverages,Snacks,synthetic: brand consensus; query: CURD CUP 400GHERITAGE brand category India,OWNER_REQUIRED,
CURD CUP 200G HERITAGE,69.72,Beverages,Snacks,synthetic: brand consensus; query: CURD CUP 200G HERITAGE brand category India,OWNER_REQUIRED,
CURD 500g POUCH HERITAGE,69.72,Beverages,Snacks,synthetic: brand consensus; query: CURD 500g POUCH HERITAGE brand category India,OWNER_REQUIRED,
CRUNCHY BANANA CHIPS 65g FLYBERRY,69.72,Beverages,Snacks,synthetic: brand consensus; query: CRUNCHY BANANA CHIPS 65g FLYBERRY brand category India,OWNER_REQUIRED,
CRUNCHY BANANA CHIPS 250g FLYBERRY,69.72,Breakfast,Beverages,synthetic: brand consensus; query: CRUNCHY BANANA CHIPS 250g FLYBERRY brand category India,OWNER_REQUIRED,
COW MILK 500ml GOLDEN HERITAGE,69.72,Beverages,Snacks,synthetic: brand consensus; query: COW MILK 500ml GOLDEN HERITAGE brand category India,OWNER_REQUIRED,
COW MILK 500ML POUCH SIDS FARM,69.72,Beverages,Snacks,synthetic: brand consensus; query: COW MILK 500ML POUCH SIDS FARM brand category India,OWNER_REQUIRED,
COW GHEE 250G VELLANKI FOODS,69.72,Breakfast,Beverages,synthetic: brand consensus; query: COW GHEE 250G VELLANKI FOODS brand category India,OWNER_REQUIRED,
COW GHEE 200ml JAR AMUL HIGH AROMA,69.72,Breakfast,Beverages,synthetic: brand consensus; query: COW GHEE 200ml JAR AMUL HIGH AROMA brand category India,OWNER_REQUIRED,
COOKING BUTTER 200G HERITAGE,69.72,Snacks,Beverages,synthetic: brand consensus; query: COOKING BUTTER 200G HERITAGE brand category India,OWNER_REQUIRED,
COOKING BUTTER 100g AMUL UNSALTED,69.72,Beverages,Snacks,synthetic: brand consensus; query: COOKING BUTTER 100g AMUL UNSALTED brand category India,OWNER_REQUIRED,
CONTINENTAL XTRA INSTANT SOUTH BLEND COFFEE 150g POUCH,69.72,Dairy,Beverages,synthetic: brand consensus; query: CONTINENTAL XTRA INSTANT SOUTH BLEND COFFEE 150g POUCH brand category India,OWNER_REQUIRED,
COFFEE XTRA 100g JAR INSTANT SOUTH BLEND CONTINENTAL,69.72,Breakfast,Beverages,synthetic: brand consensus; query: COFFEE XTRA 100g JAR INSTANT SOUTH BLEND CONTINENTAL brand category India,OWNER_REQUIRED,
CHOCOLATE 150G HBD PACK AMUL,69.72,Breakfast,Beverages,synthetic: brand consensus; query: CHOCOLATE 150G HBD PACK AMUL brand category India,OWNER_REQUIRED,
CHEESE SPREAD GARLIC200G AMUL,69.72,Snacks,Beverages,synthetic: brand consensus; query: CHEESE SPREAD GARLIC200G AMUL brand category India,OWNER_REQUIRED,
CHEESE SPREAD 200g AMUL,69.72,Snacks,Beverages,synthetic: brand consensus; query: CHEESE SPREAD 200g AMUL brand category India,OWNER_REQUIRED,
CHEESE SLICES 200g HERITAGE,69.72,Breakfast,Beverages,synthetic: brand consensus; query: CHEESE SLICES 200g HERITAGE brand category India,OWNER_REQUIRED,
CHEESE SLICES 200g AMUL 10PC PACK,69.72,Snacks,Beverages,synthetic: brand consensus; query: CHEESE SLICES 200g AMUL 10PC PACK brand category India,OWNER_REQUIRED,
CHEESE SLICES 100g HERITAGE,69.72,Beverages,Snacks,synthetic: brand consensus; query: CHEESE SLICES 100g HERITAGE brand category India,OWNER_REQUIRED,
CHEESE SLICES 100g AMUL 5PC PACK,69.72,Beverages,Snacks,synthetic: brand consensus; query: CHEESE SLICES 100g AMUL 5PC PACK brand category India,OWNER_REQUIRED,
CHEESE EASY OPEN CHIPLET CUBES 60X8X25g AMUL,69.72,Snacks,Beverages,synthetic: brand consensus; query: CHEESE EASY OPEN CHIPLET CUBES 60X8X25g AMUL brand category India,OWNER_REQUIRED,
CHEESE CUBES 120g HERITAGE,69.72,Beverages,Snacks,synthetic: brand consensus; query: CHEESE CUBES 120g HERITAGE brand category India,OWNER_REQUIRED,
CHEESE BLOCK 200G HERITAGE,69.72,Snacks,Beverages,synthetic: brand consensus; query: CHEESE BLOCK 200G HERITAGE brand category India,OWNER_REQUIRED,
BUTTER SCHOOL PACK 100g AMUL,69.72,Beverages,Snacks,synthetic: brand consensus; query: BUTTER SCHOOL PACK 100g AMUL brand category India,OWNER_REQUIRED,
BUTTER GARLIC N HERBS 100g AMUL,69.72,Beverages,Snacks,synthetic: brand consensus; query: BUTTER GARLIC N HERBS 100g AMUL brand category India,OWNER_REQUIRED,
BUFFALO GHEE 500ml JIVIKA ORGANICS,69.72,Dairy,Beverages,synthetic: brand consensus; query: BUFFALO GHEE 500ml JIVIKA ORGANICS brand category India,OWNER_REQUIRED,
BUFFALO GHEE 250g  VELLANKI FOODS,69.72,Breakfast,Beverages,synthetic: brand consensus; query: BUFFALO GHEE 250g  VELLANKI FOODS brand category India,OWNER_REQUIRED,
BUFFALO CURD 400g SIDS FARM,69.72,Beverages,Snacks,synthetic: brand consensus; query: BUFFALO CURD 400g SIDS FARM brand category India,OWNER_REQUIRED,
BRITANNIA MILK BIKIS 71GM,69.72,Beverages,Snacks,synthetic: brand consensus; query: BRITANNIA MILK BIKIS 71GM brand category India,OWNER_REQUIRED,
BITTER CHOCOLATE 150g AMUL,69.72,Breakfast,Beverages,synthetic: brand consensus; query: BITTER CHOCOLATE 150g AMUL brand category India,OWNER_REQUIRED,
BITTER CHOCOLATE 150g 90% BITTER AMUL,69.72,Breakfast,Beverages,synthetic: brand consensus; query: BITTER CHOCOLATE 150g 90% BITTER AMUL brand category India,OWNER_REQUIRED,
BELGIAN CHOCOLATE 125g AMUL,69.72,Breakfast,Beverages,synthetic: brand consensus; query: BELGIAN CHOCOLATE 125g AMUL brand category India,OWNER_REQUIRED,
BARNYARD MILLET UDALU 500G,69.72,Beverages,Snacks,synthetic: brand consensus; query: BARNYARD MILLET UDALU 500G brand category India,OWNER_REQUIRED,
BADAM FLAVOURED MILK 180ML  PP BOTTLE HERITAGE,69.72,Beverages,Snacks,synthetic: brand consensus; query: BADAM FLAVOURED MILK 180ML  PP BOTTLE HERITAGE brand category India,OWNER_REQUIRED,
Apple Milk Shake,69.72,Beverages,Snacks,synthetic: brand consensus; query: Apple Milk Shake brand category India,OWNER_REQUIRED,
Akshayakalpa Organic Ghee 490ml,69.72,Personal Care,Beverages,synthetic: brand consensus; query: Akshayakalpa Organic Ghee 490ml brand category India,OWNER_REQUIRED,
ARTISANAL ORGANIC SET CURD 400g AKSHAYAKALPA,69.72,Beverages,Snacks,synthetic: brand consensus; query: ARTISANAL ORGANIC SET CURD 400g AKSHAYAKALPA brand category India,OWNER_REQUIRED,
ARTISANAL CURD 400g EPIGAMIA,69.72,Beverages,Snacks,synthetic: brand consensus; query: ARTISANAL CURD 400g EPIGAMIA brand category India,OWNER_REQUIRED,
APPLE MILKSHAKES,69.72,Beverages,Snacks,synthetic: brand consensus; query: APPLE MILKSHAKES brand category India,OWNER_REQUIRED,
APPLE JUICE,69.72,Breakfast,Beverages,synthetic: brand consensus; query: APPLE JUICE brand category India,OWNER_REQUIRED,
APPLE BARE,69.72,Snacks,Beverages,synthetic: brand consensus; query: APPLE BARE brand category India,OWNER_REQUIRED,
AMUL PROCESSED CHEESE BLOCK200g,69.72,Snacks,Beverages,synthetic: brand consensus; query: AMUL PROCESSED CHEESE BLOCK200g brand category India,OWNER_REQUIRED,
AMUL FRUIT N NUT CHOCOLATE ILU 150g,69.72,Breakfast,Beverages,synthetic: brand consensus; query: AMUL FRUIT N NUT CHOCOLATE ILU 150g brand category India,OWNER_REQUIRED,
AMUL DARK CHOCOLATE 125G,69.72,Breakfast,Beverages,synthetic: brand consensus; query: AMUL DARK CHOCOLATE 125G brand category India,OWNER_REQUIRED,
AMUL CHEESE SPREAD PLAIN 200g,69.72,Snacks,Beverages,synthetic: brand consensus; query: AMUL CHEESE SPREAD PLAIN 200g brand category India,OWNER_REQUIRED,
AMRUTHA - A2 ORGANIC CURD. 500g AKSHAYAKALPA,69.72,Beverages,Snacks,synthetic: brand consensus; query: AMRUTHA - A2 ORGANIC CURD. 500g AKSHAYAKALPA brand category India,OWNER_REQUIRED,
AMLA CANDY KG FLYBERRY,69.72,Personal Care,Beverages,synthetic: brand consensus; query: AMLA CANDY KG FLYBERRY brand category India,OWNER_REQUIRED,
ALMONDO 200g CHOCOLATE AMUL,69.72,Breakfast,Beverages,synthetic: brand consensus; query: ALMONDO 200g CHOCOLATE AMUL brand category India,OWNER_REQUIRED,
AKSHYAKALPA ORGANIC TONED MILK UHT 1Lt. TETRA,69.72,Snacks,Beverages,synthetic: brand consensus; query: AKSHYAKALPA ORGANIC TONED MILK UHT 1Lt. TETRA brand category India,OWNER_REQUIRED,
AKSHAYAKALPA UNSALTED TABLE BUTTER 100g TUB ORGANIC,69.72,Snacks,Beverages,synthetic: brand consensus; query: AKSHAYAKALPA UNSALTED TABLE BUTTER 100g TUB ORGANIC brand category India,OWNER_REQUIRED,
AKSHAYAKALPA TABLE BUTTER SALTED 100g TUB ORGANIC,69.72,Snacks,Beverages,synthetic: brand consensus; query: AKSHAYAKALPA TABLE BUTTER SALTED 100g TUB ORGANIC brand category India,OWNER_REQUIRED,
AKSHAYA KALPA ORGANIC COW GHEE 195ml,69.72,Dairy,Beverages,synthetic: brand consensus; query: AKSHAYA KALPA ORGANIC COW GHEE 195ml brand category India,OWNER_REQUIRED,
AK ORGANIC HIGH PROTEIN PANEER 200g,69.72,Breakfast,Beverages,synthetic: brand consensus; query: AK ORGANIC HIGH PROTEIN PANEER 200g brand category India,OWNER_REQUIRED,
A2 BUFFALO MILK 500ml SIDS FARM,69.72,Beverages,Snacks,synthetic: brand consensus; query: A2 BUFFALO MILK 500ml SIDS FARM brand category India,OWNER_REQUIRED,
WATER MELON PLATE,68.61,Beverages,Snacks,synthetic: keyword+brand consensus; query: WATER MELON PLATE category retail; query: WATER MELON PLATE grocery shelf location India,OWNER_REQUIRED,
WATER APPLE BOX,68.61,Beverages,Snacks,synthetic: keyword+brand consensus; query: WATER APPLE BOX category retail; query: WATER APPLE BOX grocery shelf location India,OWNER_REQUIRED,
VITAMIN D3 IMMUNITY BOOSTER 30PC PACK ABHI EGGS,68.61,Dairy,Beverages,synthetic: keyword+brand consensus; query: VITAMIN D3 IMMUNITY BOOSTER 30PC PACK ABHI EGGS category retail; query: VITAMIN D3 IMMUNITY BOOSTER 30PC PACK ABHI EGGS grocery shelf location India,OWNER_REQUIRED,
NUTRI+ WITH IMMUNITY BOOSTERS - 30 EGGS TRAY ABHI EGGS,68.61,Dairy,Beverages,synthetic: keyword+brand consensus; query: NUTRI+ WITH IMMUNITY BOOSTERS - 30 EGGS TRAY ABHI EGGS category retail; query: NUTRI+ WITH IMMUNITY BOOSTERS - 30 EGGS TRAY ABHI EGGS grocery shelf location India,OWNER_REQUIRED,
KINELY WATER 500ml,68.61,Beverages,Snacks,synthetic: keyword+brand consensus; query: KINELY WATER 500ml category retail; query: KINELY WATER 500ml grocery shelf location India,OWNER_REQUIRED,
DR GOOD EGGS CAROTENOID 30 PACK,68.61,Dairy,Beverages,synthetic: keyword+brand consensus; query: DR GOOD EGGS CAROTENOID 30 PACK category retail; query: DR GOOD EGGS CAROTENOID 30 PACK grocery shelf location India,OWNER_REQUIRED,
BAMBINO ROASTED VERMICELLI 800G,68.61,Snacks,Beverages,synthetic: keyword+brand consensus; query: BAMBINO ROASTED VERMICELLI 800G category retail; query: BAMBINO ROASTED VERMICELLI 800G grocery shelf location India,OWNER_REQUIRED,
BAILLEY WATER  500ML,68.61,Beverages,Snacks,synthetic: keyword+brand consensus; query: BAILLEY WATER  500ML category retail; query: BAILLEY WATER  500ML grocery shelf location India,OWNER_REQUIRED,
BAILLEY  WATER 1LTR,68.61,Beverages,Snacks,synthetic: keyword+brand consensus; query: BAILLEY  WATER 1LTR category retail; query: BAILLEY  WATER 1LTR grocery shelf location India,OWNER_REQUIRED,
SONA MASURI TELANGANA STEAM RICE 26KG GAJANAN,67.69,Beverages,Snacks,synthetic: keyword consensus; query: SONA MASURI TELANGANA STEAM RICE 26KG GAJANAN category retail,OWNER_REQUIRED,
DESI COW GHEE 500ml JIVIKA ORGANICS,67.69,Organic,Beverages,synthetic: keyword consensus; query: DESI COW GHEE 500ml JIVIKA ORGANICS category retail,OWNER_REQUIRED,
VITAMIN D3  WITH IMMUNITY BOOSTERS - 6 EGGS PACK  ABHI EGGS,64.17,Beverages,Snacks,synthetic: brand consensus; query: VITAMIN D3  WITH IMMUNITY BOOSTERS - 6 EGGS PACK  ABHI EGGS brand category India,OWNER_REQUIRED,
TOFU PANEER 200g SAI RATNA FOODS,64.17,Beverages,Snacks,synthetic: brand consensus; query: TOFU PANEER 200g SAI RATNA FOODS brand category India,OWNER_REQUIRED,
THIS CREAMY CARAMEL 18G CONTINENTAL,64.17,Beverages,Snacks,synthetic: brand consensus; query: THIS CREAMY CARAMEL 18G CONTINENTAL brand category India,OWNER_REQUIRED,
SID FARMS MALAI PANEER 200g,64.17,Snacks,Beverages,synthetic: brand consensus; query: SID FARMS MALAI PANEER 200g brand category India,OWNER_REQUIRED,
ROASTED CHANA 200G,64.17,Beverages,Snacks,synthetic: brand consensus; query: ROASTED CHANA 200G brand category India,OWNER_REQUIRED,
PURE O FRESH EGGS 6 PACK,64.17,Beverages,Snacks,synthetic: brand consensus; query: PURE O FRESH EGGS 6 PACK brand category India,OWNER_REQUIRED,
PURE O FRESH EGGS 30 pack,64.17,Breakfast,Beverages,synthetic: brand consensus; query: PURE O FRESH EGGS 30 pack brand category India,OWNER_REQUIRED,
PANEER 500G HERITAGE,64.17,Breakfast,Beverages,synthetic: brand consensus; query: PANEER 500G HERITAGE brand category India,OWNER_REQUIRED,
PANEER 200G ID FRESH,64.17,Snacks,Beverages,synthetic: brand consensus; query: PANEER 200G ID FRESH brand category India,OWNER_REQUIRED,
PANEER 200G HERITAGE,64.17,Snacks,Beverages,synthetic: brand consensus; query: PANEER 200G HERITAGE brand category India,OWNER_REQUIRED,
NUTRI+ WITH IMMUNITY BOOSTERS - 6 EGGS PACK ABHI EGGS,64.17,Beverages,Snacks,synthetic: brand consensus; query: NUTRI+ WITH IMMUNITY BOOSTERS - 6 EGGS PACK ABHI EGGS brand category India,OWNER_REQUIRED,
NANDA CREAM BUN VANILLA 60g,64.17,Beverages,Snacks,synthetic: brand consensus; query: NANDA CREAM BUN VANILLA 60g brand category India,OWNER_REQUIRED,
FRESH PANEER BLOCK 200g AMUL,64.17,Beverages,Snacks,synthetic: brand consensus; query: FRESH PANEER BLOCK 200g AMUL brand category India,OWNER_REQUIRED,
FRESH LOOSE PANEER,64.17,Personal Care,Beverages,synthetic: brand consensus; query: FRESH LOOSE PANEER brand category India,OWNER_REQUIRED,
FRESH CREAM 250ML AMUL,64.17,Beverages,Snacks,synthetic: brand consensus; query: FRESH CREAM 250ML AMUL brand category India,OWNER_REQUIRED,
FRESH CREAM 200ML HERITAGE,64.17,Beverages,Snacks,synthetic: brand consensus; query: FRESH CREAM 200ML HERITAGE brand category India,OWNER_REQUIRED,
EGGS 6PC UPF HEALTHY WHITE U N V,64.17,Beverages,Snacks,synthetic: brand consensus; query: EGGS 6PC UPF HEALTHY WHITE U N V brand category India,OWNER_REQUIRED,
EGGS 6PC JUST LAID VN POULTRY,64.17,Beverages,Snacks,synthetic: brand consensus; query: EGGS 6PC JUST LAID VN POULTRY brand category India,OWNER_REQUIRED,
EGGS 6PC FARM MADE FREE RANGE U N V,64.17,Snacks,Beverages,synthetic: brand consensus; query: EGGS 6PC FARM MADE FREE RANGE U N V brand category India,OWNER_REQUIRED,
EGGS 12PS FARM MADE FREE RANGE U N V,64.17,Breakfast,Beverages,synthetic: brand consensus; query: EGGS 12PS FARM MADE FREE RANGE U N V brand category India,OWNER_REQUIRED,
DR GOOD EGGS CAROTENOID 12 PACK,64.17,Snacks,Beverages,synthetic: brand consensus; query: DR GOOD EGGS CAROTENOID 12 PACK brand category India,OWNER_REQUIRED,
DOSE WITH IMMUNITY BOOSTERS - 6 EGGS PACK ABHI EGGS,64.17,Snacks,Beverages,synthetic: brand consensus; query: DOSE WITH IMMUNITY BOOSTERS - 6 EGGS PACK ABHI EGGS brand category India,OWNER_REQUIRED,
BROWN EGGS 6PC UPF HEALTHY U N V,64.17,Beverages,Snacks,synthetic: brand consensus; query: BROWN EGGS 6PC UPF HEALTHY U N V brand category India,OWNER_REQUIRED,
BRINTAN TOFU PANEER 200G,64.17,Beverages,Snacks,synthetic: brand consensus; query: BRINTAN TOFU PANEER 200G brand category India,OWNER_REQUIRED,
BAMBINO ROASTED VERMICELI 500G,64.17,Beverages,Snacks,synthetic: brand consensus; query: BAMBINO ROASTED VERMICELI 500G brand category India,OWNER_REQUIRED,
AK COUNTRY EGGS 6PC PACK AKSHAYA KALPA,64.17,Snacks,Beverages,synthetic: brand consensus; query: AK COUNTRY EGGS 6PC PACK AKSHAYA KALPA brand category India,OWNER_REQUIRED,
WORKOUT TRAIL MIX KG FLYBERRY,60.0,Snacks,Beverages,synthetic: keyword consensus; query: WORKOUT TRAIL MIX KG FLYBERRY category retail,OWNER_REQUIRED,
ROASTED SALTED PISTA KG FLYBERRY,60.0,Snacks,Beverages,synthetic: keyword consensus; query: ROASTED SALTED PISTA KG FLYBERRY category retail,OWNER_REQUIRED,
ROASTED SALTED ALMOND  KGS FLYBERRY,60.0,Snacks,Beverages,synthetic: keyword consensus; query: ROASTED SALTED ALMOND  KGS FLYBERRY category retail,OWNER_REQUIRED,
FlyberryAlmondRoastedSalted,60.0,Snacks,Beverages,synthetic: keyword consensus; query: FlyberryAlmondRoastedSalted category retail,OWNER_REQUIRED,
