product_name,confidence%,option_1,option_2,owner_decision
THIS IS CARAMEL CREAMY COFFEE22g CONTINENTAL,74.17,Beverages,Snacks,
THIS CREAMY COFFEE MOCHA 22g CONTINENETAL,74.17,Beverages,Snacks,
PINE APPLE JUICE,74.17,Beverages,Snacks,
PAPPAYA JUICE,74.17,Beverages,Snacks,
NAGPUR ORANGE JUICE,74.17,Beverages,Snacks,
Mango Juices,74.17,Beverages,Snacks,
MUSK MELON JUICE,74.17,Beverages,Snacks,
MOUSAMBI JUICE,74.17,Beverages,Snacks,
MANGO JUICE,74.17,Beverages,Snacks,
LEMON JUICE,74.17,Beverages,Snacks,
KEERA JUICE,74.17,Beverages,Snacks,
JUBJUB GUAVA JUICE,74.17,Beverages,Snacks,
JIVIKA NATURALS PEANUT BUTTER500GMS,74.17,Dairy,Beverages,
GRAPE JUICE,74.17,Beverages,Snacks,
DRAGAN FRUIT JUICE,74.17,Beverages,Snacks,
CRUNCHY BANANA CHIPS 100g FLYBERRY,74.17,Snacks,Beverages,
CREAMY COFFEE HAZELNUT 22g CONTINENTAL,74.17,Beverages,Snacks,
COW GHEE 350g SIDS FARM,74.17,Dairy,Beverages,
CHICOOS SAPOTA JUICE,74.17,Beverages,Snacks,
CARROT N BEETROOT JUICE,74.17,Beverages,Snacks,
CARROT JUICE,74.17,Beverages,Snacks,
Beetroot Juice,74.17,Beverages,Snacks,
BUFFALO GHEE 350g SIDS FARM,74.17,Dairy,Beverages,
BANANAJUICE,74.17,Beverages,Snacks,
AVOCADO JUICE,74.17,Beverages,Snacks,
ASH GOURD JUICE,74.17,Beverages,Snacks,
ANJUR JUICE,74.17,Beverages,Snacks,
ABC CANE JUICE,74.17,Beverages,Snacks,
ORGANIC GREEK YOGHURT NATURAL 100g AKSHAYAKALPA,74.15,Beverages,Snacks,
NATURAL ROCK SALT 1Kg JIVIKA ORGANICS,74.15,Snacks,Beverages,
NATURAL COW GHEE 500ml JIVIKA ORGANICS,74.15,Dairy,Beverages,
NATURAL BROWN SUGAR 1Kg JIVIKA ORGANICS,74.15,Breakfast,Beverages,
LASSI BLUBERRY 180ml MILKYMIST,74.15,Beverages,Snacks,
PANEER 200g SINGLE BLOCK MILKY MIST,71.39,Dairy,Beverages,
MILK CHOCOLATE SMOOTH N CREAMY 150g AMUL,71.39,Dairy,Beverages,
LASSI 200ml MILKY MIST UHT ROSE,71.39,Dairy,Beverages,
FULL CREAM MILK 500ml HERITAGE,71.39,Dairy,Beverages,
FRESH CREAM 250ml UHT MILKY MIST,71.39,Dairy,Beverages,
ALMONDO BAR 35g CHOCOLATE AMUL,68.88,Dairy,Beverages,
WATER MELON PLATE,68.61,Beverages,Snacks,
WATER APPLE BOX,68.61,Beverages,Snacks,
VITAMIN D3 IMMUNITY BOOSTER 30PC PACK ABHI EGGS,68.61,Dairy,Beverages,
NUTRI+ WITH IMMUNITY BOOSTERS - 30 EGGS TRAY ABHI EGGS,68.61,Dairy,Beverages,
KINLEY WATER 1Lt,68.61,Beverages,Snacks,
KINELY WATER 500ml,68.61,Beverages,Snacks,
DR GOOD EGGS CAROTENOID 30 PACK,68.61,Dairy,Beverages,
BAMBINO ROASTED VERMICELLI 800G,68.61,Snacks,Beverages,
BAILLEY WATER  500ML,68.61,Beverages,Snacks,
BAILLEY  WATER 1LTR,68.61,Beverages,Snacks,
SONA MASURI TELANGANA STEAM RICE 26KG GAJANAN,67.69,Beverages,Snacks,
DESI COW GHEE 500ml JIVIKA ORGANICS,67.69,Organic,Beverages,
YOGURT MANGO 90g AKSHAYA KALPA,66.24,Beverages,Snacks,
YOGHURT STRAWBERRY MILKYMIST,66.24,Beverages,Snacks,
YOGHURT PEACH 100GM MILKYMIST,66.24,Beverages,Snacks,
YOGHURT  MANGO MILKYMIST,66.24,Beverages,Snacks,
VELLANKI KAKARAKAYA CHIPS 150G,66.24,Beverages,Snacks,
SWEET POTATO,66.24,Beverages,Snacks,
SWEET CORN SEED,66.24,Beverages,Snacks,
SWEET CORN,66.24,Beverages,Snacks,
SWEET ALMOND OIL100ML MESMARA,66.24,Dairy,Beverages,
SUNFLOWER OIL 1Lt COLD PRESSED JIVIKA ORGANICS,66.24,Dairy,Beverages,
SPICY ALOO CHIPS 100g VELLANKI FOODS,66.24,Beverages,Snacks,
SPICED TARO CHIPS 30g FLYBERRY GOURMET,66.24,Beverages,Snacks,
SPECIALE COFFEE 200g JAR CONTINENTAL,66.24,Personal Care,Beverages,
SKYR YOGHURT 100g MILKYMIST,66.24,Beverages,Snacks,
SESAME OIL 1Lt COLD PRESSED JIVIKA ORGANICS,66.24,Personal Care,Beverages,
SAMBAR  ONION,66.24,Beverages,Snacks,
SAMBAR PODI 100g VELLANKI FOODS,66.24,Beverages,Snacks,
SAMBAR ONION CHENNAI,66.24,Beverages,Snacks,
PUTNALU KOBBARIKARAM 250g AHA,66.24,Snacks,Beverages,
PREMIUM MILK BREAD 400g SPENCERS AKSHAYA  FOODS,66.24,Beverages,Snacks,
PREMIUM FREEZE DIRED COFFEE 50gm JAR CONTINENTAL,66.24,Breakfast,Beverages,
POTATO CHIPS 200G EVR,66.24,Beverages,Snacks,
POMEGRANATE JUICE,66.24,Breakfast,Beverages,
POHA MEDIUM 500g,66.24,Beverages,Snacks,
PEANUT OIL 1LT COLD PRESSED JIVIKA ORGANICS,66.24,Dairy,Beverages,
ORGANIC-PROBIOTIC CURD AKSHAYAKALPA,66.24,Beverages,Snacks,
ORGANIC- CHEESE SLICES AKSHAYAKALPA,66.24,Snacks,Beverages,
ORGANIC MALAI PANEER 200g AKSHAYAKALPA,66.24,Snacks,Beverages,
ORGANIC CURD. 1KG TUB AKSHAYAKALPA,66.24,Breakfast,Beverages,
ORANGE JUICE,66.24,Snacks,Beverages,
OKRA CHIPS VACUUM FRIED 20g FLYBERRY,66.24,Beverages,Snacks,
NATURAL THICK CURD CUP 400g ID FRESH,66.24,Beverages,Snacks,
NATURAL THICK CURD  POUCH 400 GMS ID FRESH,66.24,Beverages,Snacks,
NATURAL CURD 450g SIDS FARM,66.24,Beverages,Snacks,
NANDA CRM BUN CHOCOLATE 60g,66.24,Beverages,Snacks,
Moosambi Economy,66.24,Beverages,Snacks,
Mango Milk Shake,66.24,Beverages,Snacks,
MODERN MILK PLUS BREAD 450g,66.24,Beverages,Snacks,
MILK SHAKE VANILA 180ml EPIGAMIA,66.24,Beverages,Snacks,
MILK SHAKE STRAWBERRY 180ml EPIGAMIA,66.24,Beverages,Snacks,
MILK BREAD 350g SPENCERS GOLDEN CRUST NANDA,66.24,Beverages,Snacks,
MALGUDI FILTER COFFEE 500g 60 DEGREE CONTINENTAL,66.24,Dairy,Beverages,
MALGUDI COFFEE 500g 80 DEGREE CONTINENTAL,66.24,Dairy,Beverages,
MALGUDI COFFEE 200g 80 DEGREES CONTINENTAL,66.24,Breakfast,Beverages,
MALGUDI COFFEE 200g 60 DEGREES CONTINENTAL,66.24,Breakfast,Beverages,
KP MALABAR  PAROTA 5PC ID FRESH,66.24,Snacks,Beverages,
KOBBARI VUNDALU 250g VELLANKI FOODS,66.24,Snacks,Beverages,
KOBBARI KARAM 250g AHA,66.24,Snacks,Beverages,
JAGGERY POWDER 500g JIVIKA ORGANICS,66.24,Beverages,Snacks,
IMP Orange Juices,66.24,Snacks,Beverages,
HAZELNUT CHOCOLATE SPREAD 200g,66.24,Dairy,Beverages,
GREEK YOGURT WILD RASBERRY 85g EPIGAMIA,66.24,Beverages,Snacks,
GREEK YOGURT VANILLA BEAN 90g EPIGAMIA,66.24,Beverages,Snacks,
GREEK YOGURT STRAWBERRY ZERO ADD SUGAR 120g EPIGAMIA,66.24,Beverages,Snacks,
GREEK YOGURT STRAWBERRY SMOOTHIE 180ml EPIGAMIA,66.24,Beverages,Snacks,
GREEK YOGURT STRAWBERRY 85g EPIGAMIA,66.24,Beverages,Snacks,
GREEK YOGURT NATURAL 90g EPIGAMIA,66.24,Beverages,Snacks,
GREEK YOGURT MIXED BERRY ZERO ADDED SUGAR 120g EPIGAMIA,66.24,Beverages,Snacks,
GREEK YOGURT BLUEBERRY SMOOTHIE 180ml EPIGAMIA,66.24,Beverages,Snacks,
GREEK YOGURT BLUEBERRY 90g EPIGAMIA,66.24,Beverages,Snacks,
GREEK YOGURT ALPHONSO MANGO SMOOTHIE 180ml EPIGAMIA,66.24,Beverages,Snacks,
GREEK YOGURT 85g  ALPHONSO MANGO  EPIGAMIA,66.24,Beverages,Snacks,
GHEE ARISELU 250g VELLANKI FOODS,66.24,Breakfast,Beverages,
GAVVALU SWEET 250G VELLANKI FOODS,66.24,Snacks,Beverages,
FRUIT YOGURT 75g STRAWBERRY EPIGAMIA,66.24,Beverages,Snacks,
FRUIT YOGURT 75g ALPHONSO MANGO EPIGAMIA,66.24,Beverages,Snacks,
FRUIT YOGHURT BB 100g MILKYMIST,66.24,Beverages,Snacks,
FLYBERRY SPICE OKRA CHIPS 25g,66.24,Beverages,Snacks,
FLYBERRY CRUNCHY BANANA CHIPS 25g,66.24,Beverages,Snacks,
FLYBERRY CRISPY SWEET CORN 12g,66.24,Beverages,Snacks,
FINGER CHIPS PAPAD 200G EVR,66.24,Beverages,Snacks,
FILTER COFFEE 150ML NEW BOLD ID FRESH,66.24,Snacks,Beverages,
FILTER COFFEE 150ML ID FRESH,66.24,Breakfast,Beverages,
CRUNCHY BANANA CHIPS 65g FLYBERRY,66.24,Beverages,Snacks,
CRUNCHY BANANA CHIPS 250g FLYBERRY,66.24,Breakfast,Beverages,
COW MILK 500ML POUCH SIDS FARM,66.24,Beverages,Snacks,
COW GHEE 250G VELLANKI FOODS,66.24,Breakfast,Beverages,
CONTINENTAL XTRA INSTANT SOUTH BLEND COFFEE 150g POUCH,66.24,Dairy,Beverages,
COFFEE XTRA 100g JAR INSTANT SOUTH BLEND CONTINENTAL,66.24,Breakfast,Beverages,
BUFFALO GHEE 500ml JIVIKA ORGANICS,66.24,Dairy,Beverages,
BUFFALO GHEE 250g  VELLANKI FOODS,66.24,Breakfast,Beverages,
BUFFALO CURD 400g SIDS FARM,66.24,Beverages,Snacks,
BARNYARD MILLET UDALU 500G,66.24,Beverages,Snacks,
Apple Milk Shake,66.24,Beverages,Snacks,
Akshayakalpa Organic Ghee 490ml,66.24,Personal Care,Beverages,
ARTISANAL ORGANIC SET CURD 400g AKSHAYAKALPA,66.24,Beverages,Snacks,
ARTISANAL CURD 400g EPIGAMIA,66.24,Beverages,Snacks,
APPLE MILKSHAKES,66.24,Beverages,Snacks,
APPLE JUICE,66.24,Breakfast,Beverages,
APPLE BARE,66.24,Snacks,Beverages,
AMRUTHA - A2 ORGANIC CURD. 500g AKSHAYAKALPA,66.24,Beverages,Snacks,
AMLA CANDY KG FLYBERRY,66.24,Personal Care,Beverages,
ALMOND MILK 1Lt UNSWEETENED EPIGAMIA,66.24,Dairy,Beverages,
AKSHYAKALPA ORGANIC TONED MILK UHT 1Lt. TETRA,66.24,Snacks,Beverages,
AKSHAYAKALPA UNSALTED TABLE BUTTER 100g TUB ORGANIC,66.24,Snacks,Beverages,
AKSHAYAKALPA TABLE BUTTER SALTED 100g TUB ORGANIC,66.24,Snacks,Beverages,
AKSHAYA KALPA ORGANIC COW GHEE 195ml,66.24,Dairy,Beverages,
AK ORGANIC HIGH PROTEIN PANEER 200g,66.24,Breakfast,Beverages,
A2 BUFFALO MILK 500ml SIDS FARM,66.24,Beverages,Snacks,
WHITE ROUND BRINJAL,65.77,Home Care,Beverages,
WHEELS PAPAD 200g EVR,65.77,Home Care,Beverages,
VANILLA FLAVOURED MIILK 180ML HERITAGE,65.77,Dairy,Beverages,
TAMARIND SEEDLESS 500g SRI SIVA RUDRA EVR,65.77,Home Care,Beverages,
TAMARIND PICKLE250G VELLANKI FOODS,65.77,Home Care,Beverages,
TAMARIND PICKLE 500g AHA,65.77,Home Care,Beverages,
TAMARIND PICKLE 250g AHA,65.77,Home Care,Beverages,
TAMARIND 500g,65.77,Home Care,Beverages,
ROSE LONG BRINJAL,65.77,Home Care,Beverages,
NARINJAAKAYA KG LOOSE,65.77,Home Care,Beverages,
GULABI ROUND BRINJAL,65.77,Home Care,Beverages,
DOODH PEDA 200g HERITAGE,65.77,Dairy,Beverages,
CALIFORINA RED GRAPES,65.77,Home Care,Beverages,
BLACK ROUND BRINJAL,65.77,Home Care,Beverages,
BIG BRINJAL BLUE,65.77,Home Care,Beverages,
AMUL INDIA TWILIGHT TRYST 125g,65.77,Dairy,Beverages,
TOTAL CURD 120GMS HERITAGE,63.06,Dairy,Beverages,
TONED MILK 500ml HERITAGE,63.06,Dairy,Beverages,
TABLE BUTTER 500G HERITAGE,63.06,Dairy,Beverages,
TABLE BUTTER 100g HERITAGE,63.06,Dairy,Beverages,
STRAWBERRY FLAVOURED MILK 180ML HERITAGE,63.06,Dairy,Beverages,
SPECIAL LONG LIFE COW MILK 180ML HERITAGE,63.06,Dairy,Beverages,
SPECIAL  LONG LIFE MILK 500ML HERITAGE,63.06,Dairy,Beverages,
SHRIKAND MANGO 100g MILKY MIST,63.06,Dairy,Beverages,
SHRIKAND ELAICHI 100g MILKY MIST,63.06,Dairy,Beverages,
PISTA FLAVOURED MILK 200ML HERITAGE,63.06,Dairy,Beverages,
PASTEURISED BUTTER 100g AMUL,63.06,Dairy,Beverages,
MILK SHAKE VANILLA 180ML MILKY MIST,63.06,Dairy,Beverages,
MILK SHAKE STRAWBERRY 180ML MILKY MIST,63.06,Dairy,Beverages,
MILK SHAKE STRAWBERRY 180ML HERITAGE,63.06,Dairy,Beverages,
GULAB JAM MIX 200g MILKY MIST,63.06,Dairy,Beverages,
GREEK YOGHURT 100g MILKY MIST,63.06,Dairy,Beverages,
GREEK HONEY AND FIG YOGHURT 100g MILKY MIST,63.06,Dairy,Beverages,
CURD TUB 1KG HERITAGE,63.06,Dairy,Beverages,
CURD CUP 400GHERITAGE,63.06,Dairy,Beverages,
CURD CUP 200G HERITAGE,63.06,Dairy,Beverages,
CURD 500g POUCH HERITAGE,63.06,Dairy,Beverages,
COW MILK 500ml GOLDEN HERITAGE,63.06,Dairy,Beverages,
COW GHEE 200ml JAR AMUL HIGH AROMA,63.06,Dairy,Beverages,
COOKING BUTTER 200G HERITAGE,63.06,Dairy,Beverages,
COOKING BUTTER 100g AMUL UNSALTED,63.06,Dairy,Beverages,
CHEESE SPREAD GARLIC200G AMUL,63.06,Dairy,Beverages,
CHEESE SPREAD 200g AMUL,63.06,Dairy,Beverages,
CHEESE SLICES 200g HERITAGE,63.06,Dairy,Beverages,
CHEESE SLICES 200g AMUL 10PC PACK,63.06,Dairy,Beverages,
CHEESE SLICES 100g HERITAGE,63.06,Dairy,Beverages,
CHEESE SLICES 100g AMUL 5PC PACK,63.06,Dairy,Beverages,
CHEESE EASY OPEN CHIPLET CUBES 60X8X25g AMUL,63.06,Dairy,Beverages,
CHEESE CUBES 120g HERITAGE,63.06,Dairy,Beverages,
CHEESE BLOCK 200G HERITAGE,63.06,Dairy,Beverages,
BUTTER SCHOOL PACK 100g AMUL,63.06,Dairy,Beverages,
BUTTER GARLIC N HERBS 100g AMUL,63.06,Dairy,Beverages,
BRITANNIA MILK BIKIS 71GM,63.06,Dairy,Beverages,
BADAM FLAVOURED MILK 180ML  PP BOTTLE HERITAGE,63.06,Dairy,Beverages,
AMUL PROCESSED CHEESE BLOCK200g,63.06,Dairy,Beverages,
AMUL CHEESE SPREAD PLAIN 200g,63.06,Dairy,Beverages,
VITAMIN D3  WITH IMMUNITY BOOSTERS - 6 EGGS PACK  ABHI EGGS,60.96,Beverages,Snacks,
TOFU PANEER 200g SAI RATNA FOODS,60.96,Beverages,Snacks,
THIS CREAMY CARAMEL 18G CONTINENTAL,60.96,Beverages,Snacks,
SID FARMS MALAI PANEER 200g,60.96,Snacks,Beverages,
ROASTED CHANA 200G,60.96,Beverages,Snacks,
PURE O FRESH EGGS 6 PACK,60.96,Beverages,Snacks,
PURE O FRESH EGGS 30 pack,60.96,Breakfast,Beverages,
PANEER 200G ID FRESH,60.96,Snacks,Beverages,
NUTRI+ WITH IMMUNITY BOOSTERS - 6 EGGS PACK ABHI EGGS,60.96,Beverages,Snacks,
NANDA CREAM BUN VANILLA 60g,60.96,Beverages,Snacks,
FRESH LOOSE PANEER,60.96,Personal Care,Beverages,
EGGS 6PC UPF HEALTHY WHITE U N V,60.96,Beverages,Snacks,
EGGS 6PC JUST LAID VN POULTRY,60.96,Beverages,Snacks,
EGGS 6PC FARM MADE FREE RANGE U N V,60.96,Snacks,Beverages,
EGGS 12PS FARM MADE FREE RANGE U N V,60.96,Breakfast,Beverages,
DR GOOD EGGS CAROTENOID 12 PACK,60.96,Snacks,Beverages,
DOSE WITH IMMUNITY BOOSTERS - 6 EGGS PACK ABHI EGGS,60.96,Snacks,Beverages,
BROWN EGGS 6PC UPF HEALTHY U N V,60.96,Beverages,Snacks,
BAMBINO ROASTED VERMICELI 500G,60.96,Beverages,Snacks,
AK COUNTRY EGGS 6PC PACK AKSHAYA KALPA,60.96,Snacks,Beverages,
WORKOUT TRAIL MIX KG FLYBERRY,60.0,Snacks,Beverages,
ROASTED SALTED PISTA KG FLYBERRY,60.0,Snacks,Beverages,
ROASTED SALTED ALMOND  KGS FLYBERRY,60.0,Snacks,Beverages,
FlyberryAlmondRoastedSalted,60.0,Snacks,Beverages,
MILK SHAKE CHOCOLATE 220ML MILKY MIST,58.32,Dairy,Beverages,
CHOCOLATE MILK SHAKE 180ML HERITAGE,58.32,Dairy,Beverages,
PANEER 500G HERITAGE,57.5,Dairy,Beverages,
PANEER 200G HERITAGE,57.5,Dairy,Beverages,
FRESH PANEER BLOCK 200g AMUL,57.5,Dairy,Beverages,
SUGAR FREE DARK CHOCOLATE 150g AMUL,55.68,Dairy,Beverages,
RAISIN N ALMOND 150G CHOCOLATE AMUL,55.68,Dairy,Beverages,
GREEK CEREALS YOGHURT 100g MILKY MIST,55.68,Dairy,Beverages,
FRUIT N NUT 150g DARK CHOCOLATE AMUL,55.68,Dairy,Beverages,
DARK CHOCOLATE 150g BEST WISHES AMUL,55.68,Dairy,Beverages,
DARK CHOCOLATE 150g AMUL,55.68,Dairy,Beverages,
CHOCOLATE 150G HBD PACK AMUL,55.68,Dairy,Beverages,
BITTER CHOCOLATE 150g AMUL,55.68,Dairy,Beverages,
BITTER CHOCOLATE 150g 90% BITTER AMUL,55.68,Dairy,Beverages,
BELGIAN CHOCOLATE 125g AMUL,55.68,Dairy,Beverages,
AMUL FRUIT N NUT CHOCOLATE ILU 150g,55.68,Dairy,Beverages,
AMUL DARK CHOCOLATE 125G,55.68,Dairy,Beverages,
ALMONDO 200g CHOCOLATE AMUL,55.68,Dairy,Beverages,
FRESH CREAM 250ML AMUL,50.4,Dairy,Beverages,
FRESH CREAM 200ML HERITAGE,50.4,Dairy,Beverages,
BRINTAN TOFU PANEER 200G,50.4,Home Care,Beverages,
