product,unit_price,estimated_margin,total_revenue,quantity_sold,revenue_weight
A2 BUFFALO MILK 500ml SIDS FARM,59.912950819672126,0.3,174094.0,2913.0,0.00685576072145172
AA KAKARAKAI,203.38463917525775,0.30000000000000004,69293.99,334.16,0.0027287730471737587
AASHIRVAAD ATTA 1KG,72.46428571428571,0.3000000000000001,12058.0,167.0,0.00047483981515310605
AASHIRVAAD CRYSTAL SALT 1KG,22.0,0.30000000000000004,1474.0,67.0,5.8045603544176344e-05
AASHIRVAAD SALT 1KG,30.0,0.3,2160.0,73.0,8.506004318549586e-05
AASHIRVAD ATTA 2KG,110.0,0.3,4290.0,39.0,0.0001689386968823043
AASHIRVAD CHILLI PWD 100G,50.0,0.3,200.0,4.0,7.87592992458295e-06
AASHIRVAD CHILLI PWD 200G,100.0,0.3,1500.0,15.0,5.9069474434372126e-05
AASHIRVAD CHILLI PWD 500G,250.0,0.3,1250.0,5.0,4.9224562028643435e-05
AASHIRVAD CORIANDER PWD 100G,45.981219512195125,0.3000000000000001,2205.7,48.0,8.685969317326305e-05
AASHIRVAD CORIANDER PWD 200G,92.0,0.3000000000000001,460.0,5.0,1.8114638826540786e-05
AASHIRVAD MULITGRAIN ATTA 1KG,83.0,0.30000000000000004,6391.0,77.0,0.0002516753407400482
AASHIRVAD SELECT ATTA 1KG,83.0,0.30000000000000004,5976.0,72.0,0.00023533278614653854
AASHIRVAD TURMERIC PWD 100G,40.0,0.3,1400.0,35.0,5.513150947208065e-05
ABC CANE JUICE,100.0,0.3,20000.0,200.0,0.000787592992458295
AFGHANI RAISINS KGS FLYBERRY,689.9996153846155,0.3000000000000001,6628.14,9.61,0.0002610138308516262
AGMARK GHEE 500 ML HERITAGE,374.5945945945946,0.3,16110.0,43.0,0.0006344061554251566
AJWA DATES KGS FLYBERRY LOOSE KGS,1999.0,0.30000000000000004,915.55,0.45,3.60540382122596e-05
AJWAIN 100g,70.0,0.3,4270.0,61.0,0.00016815110388984598
AK COUNTRY EGGS 6PC PACK AKSHAYA KALPA,142.10526315789474,0.3,3000.0,21.0,0.00011813894886874425
AK ORGANIC HIGH PROTEIN PANEER 200g,169.7560975609756,0.30000000000000004,11520.0,68.0,0.00045365356365597795
AKSHAYA KALPA ORGANIC COW GHEE 195ml,321.46153846153845,0.30000000000000004,4498.0,14.0,0.00017712966400387054
AKSHAYA MULTI FLORAL RAW HOENY 250g,193.02325581395348,0.3,8880.0,46.0,0.000349691288651483
AKSHAYAKALPA TABLE BUTTER SALTED 100g TUB ORGANIC,125.0,0.3,125.0,1.0,4.922456202864344e-06
AKSHAYAKALPA UNSALTED TABLE BUTTER 100g TUB ORGANIC,120.0,0.3,960.0,8.0,3.780446363799816e-05
AKSHYAKALPA ORGANIC TONED MILK UHT 1Lt. TETRA,125.0,0.3,250.0,2.0,9.844912405728688e-06
ALMOND DRAGES KG LOOSE FLYBERRY,2099.0,0.30000000000000004,4235.78,2.02,0.00016680353227974983
ALMOND MILK 1Lt UNSWEETENED EPIGAMIA,325.0,0.3000000000000001,975.0,3.0,3.839515838234188e-05
ALMOND REGULAR  250 GM,300.0,0.3,900.0,3.0,3.5441684660623275e-05
ALMONDO 200g CHOCOLATE AMUL,230.0,0.3,2070.0,9.0,8.151587471943353e-05
ALMONDO BAR 35g CHOCOLATE AMUL,35.0,0.3,2660.0,76.0,0.00010474986799695324
ALPHONSO LOCAL KG LOOSE,214.6941758241758,0.30000000000000004,98534.95,463.04,0.0038802718066114237
ALPHONSO MANGO PC RATNAGIRI,142.625,0.30000000000000004,14541.0,105.0,0.0005726194851668033
AMERI DATES KG FLYBERRY,1440.0,0.3000000000000001,745.92,0.52,2.937406824672457e-05
AMLA,138.86642857142857,0.30000000000000004,92474.63,667.47,0.003641618528408681
AMLA CANDY KG FLYBERRY,630.0,0.3,1111.32,1.79,4.376339221893762e-05
AMLA PICKLE  250g AHA,90.0,0.3000000000000001,900.0,10.0,3.5441684660623275e-05
AMLA PICKLE  500g AHA,175.0,0.3000000000000001,700.0,4.0,2.7565754736040325e-05
AMLA PICKLE 250GMS VELLANKI FOODS,124.54545454545455,0.3,1740.0,14.0,6.852059034387166e-05
AMRUTHA - A2 ORGANIC CURD. 500g AKSHAYAKALPA,70.0,0.29999999999999993,13300.0,190.0,0.0005237493399847661
AMUL BUTTER 500G SALTED,305.0,0.3,3050.0,10.0,0.00012010793134988999
AMUL CHEESE SPREAD PLAIN 200g,110.8,0.3,554.0,5.0,2.1816325891094773e-05
AMUL DARK CHOCOLATE 125G,168.15833333333333,0.3000000000000001,3037.9,18.0,0.00011963143758945272
AMUL FRUIT N NUT CHOCOLATE ILU 150g,200.0,0.3,2800.0,14.0,0.0001102630189441613
AMUL INDIA TWILIGHT TRYST 125g,200.0,0.3,200.0,1.0,7.87592992458295e-06
AMUL PROCESSED CHEESE BLOCK200g,128.9888888888889,0.30000000000000004,1160.9,9.0,4.571583524724174e-05
ANAR,300.0179781420765,0.30000000000000004,1298240.47,4289.82,0.051124254834888166
ANJEER BOX PACK ANAND,72.0,0.30000000000000004,144.0,2.0,5.670669545699724e-06
ANJUR JUICE,60.0,0.3,180.0,3.0,7.088336932124655e-06
APPLE BARE,96.75,0.30000000000000004,413.30999999999995,3.5900000000000003,1.6276002985646894e-05
APPLE JUICE,180.0,0.3000000000000001,1980.0,11.0,7.79717062533712e-05
APPLE MILKSHAKES,54.285714285714285,0.3,440.0,8.0,1.732704583408249e-05
APPLE ROYAL GALA,387.7026923076923,0.30000000000000004,1037085.41,2680.05,0.04084006007483689
APRICOTS ORANGE TURKISH KG FLYBERRY,1598.7179487179487,0.3,8816.85,5.54,0.00034720446377779594
ARTISANAL CURD 400g EPIGAMIA,100.0,0.3,300.0,3.0,1.1813894886874425e-05
ARTISANAL ORGANIC SET CURD 400g AKSHAYAKALPA,80.0,0.3,3760.0,47.0,0.00014806748258215947
ASH GOURD,39.6838418079096,0.30000000000000004,59776.4,1520.11,0.0023539736877192016
ASH GOURD JUICE,40.0,0.3,80.0,2.0,3.15037196983318e-06
ASL  IDLY & DOSA BATTER  1KG,95.0,0.3,95.0,1.0,3.7410667141769014e-06
ASPARAGUS KG SAMBERRY,311.5,0.30000000000000004,249.2,1.3800000000000001,9.813408686030355e-06
AVOCADO IMP SAMBERRY,397.0155801104973,0.30000000000000004,132425.83,334.06,0.005214882786423672
AVOCADO JUICE,100.0,0.3,200.0,2.0,7.87592992458295e-06
AVOCADO LOCAL,231.9487142857143,0.3000000000000001,13517.87,59.01,0.0005323289842481106
Akshayakalpa Organic Ghee 490ml,792.3333333333334,0.30000000000000004,10307.0,13.0,0.00040588604866338235
Alubukhar LOOSE KG FLYBERRY,788.0,0.3,2653.4,3.35,0.000104489962309442
Apple Milk Shake,100.0,0.3,700.0,7.0,2.7565754736040325e-05
BABY CORN PEELED,39.0,0.3000000000000001,22932.0,588.0,0.000903054125152681
BABY CORN PEELED SAMBERRY,190.0,0.3,506.91999999999996,2.67,1.9962331986847944e-05
BABY ORANGE,271.00879781420764,0.30000000000000004,357851.54,1302.95,0.014092068262220462
BABY POTATO,51.185878378378376,0.30000000000000004,25345.3,499.22,0.0009980890335876613
BACHALAKURA,67.72224719101123,0.30000000000000004,27139.46,398.01,0.00106874242575511
BADAM FLAVOURED MILK 180ML  PP BOTTLE HERITAGE,30.0,0.3,18420.0,614.0,0.0007253731460540897
BAILLEY  WATER 1LTR,19.902439024390244,0.3,1234.0,62.0,4.85944876346768e-05
BAILLEY WATER  500ML,9.875833333333333,0.3,1746.1,176.0,6.876080620657144e-05
BAJRA FLOUR 500G,46.241379310344826,0.30000000000000004,1843.0,40.0,7.257669425503189e-05
BAMBINO ROASTED VERMICELI 500G,70.0,0.3,420.0,6.0,1.6539452841624197e-05
BAMBINO ROASTED VERMICELLI 800G,117.0,0.3000000000000001,702.0,6.0,2.7644514035286154e-05
BAMBINO VERMICELLI 500GM,53.0,0.3000000000000001,318.0,6.0,1.252272858008689e-05
BANANA CASHEWNUT LOAF 350g KALSAN FOODS,150.0,0.3,3750.0,25.0,0.0001476736860859303
BANANA CHOCOCHIP LOAF 350g KALSAN FOODS,150.0,0.3,115200.0,768.0,0.004536535636559779
BANANA FLOWER,26.0,0.30000000000000004,3042.0,117.0,0.00011979289415290667
BANANA LEAF,5.0,0.3,500.0,100.0,1.9689824811457375e-05
BANANA TREE,59.0,0.30000000000000004,472.0,8.0,1.8587194622015762e-05
BANANAJUICE,50.0,0.3,1150.0,23.0,4.528659706635196e-05
BANANAS 30g FLYBERRY GOURMET,49.0,0.30000000000000004,2548.0,52.0,0.00010033934723918679
BANDARU HALWA 250g VELLANKI FOODS,170.90277777777777,0.3000000000000001,14355.0,84.0,0.0005652948703369412
BANGINAPALLI MANGO LOOSE KGS,157.6916535433071,0.30000000000000004,670243.84,4545.75,0.026393967581116933
BARNYARD MILLET UDALU 500G,81.11111111111111,0.3,1700.0,21.0,6.694540435895507e-05
BASIL LEAF KG ENGLISH ITEM SAMBERRY,295.34375,0.30000000000000004,788.98,2.69,3.106975595948728e-05
BASMATHI RICE 1KG,140.0,0.3,16940.0,121.0,0.0006670912646121759
BAT PAPAD 200G EVR,49.68888888888889,0.30000000000000004,478.4,10.0,1.8839224379602416e-05
BEAUTY PEARS,375.0475824175824,0.30000000000000004,273667.21,715.84,0.010776918843080633
BEET ROOT,39.98530054644809,0.30000000000000004,104431.36,2606.34,0.004112470366444475
BELGIAN CHOCOLATE 125g AMUL,178.2,0.3000000000000001,2142.0,12.0,8.435120949228339e-05
BELLAM KOMMULU 250g VELLANKI FOODS,137.06349206349208,0.3,10845.0,79.0,0.00042707230016051045
BELLAM SUNNIVUNDALU 250g VELLANKI FOODS,171.28571428571428,0.3000000000000001,14550.0,85.0,0.0005729739020134097
BESAN 500g,69.98118279569893,0.3,11336.5,163.0,0.0004464273979501731
BIG BRINJAL BLUE,56.461357142857146,0.30000000000000004,20074.45,353.14,0.000790524807372721
BIRYANI LEAFS 50G,25.0,0.3,2075.0,83.0,8.17127729675481e-05
BITTER CHOCOLATE 150g 90% BITTER AMUL,200.0,0.3,2000.0,10.0,7.87592992458295e-05
BITTER CHOCOLATE 150g AMUL,198.33333333333334,0.3,2380.0,12.0,9.37235661025371e-05
BITTER GAURD KARAM PODI 100g VELLANKI FOODS,64.66666666666667,0.30000000000000004,388.0,6.0,1.5279304053690924e-05
BITTER GOURD,58.36898876404494,0.30000000000000004,42064.89,721.89,0.0016565006296264504
BITTER GUARD PICKLE 250G VELLANKI FOODS,115.0,0.3,230.0,2.0,9.057319413270393e-06
BLACK GRAPES,132.47209523809522,0.30000000000000004,24874.17,185.14,0.0009795360992608173
BLACK PEPPER WHOLE 50G,75.0,0.3,6600.0,88.0,0.00025990568751123734
BLACK ROUND BRINJAL,50.59836065573771,0.30000000000000004,43584.51,858.6,0.0017163427327864242
BLACK SEEDED GRAPES,244.77678571428572,0.3000000000000001,36073.39,158.4,0.0014205574589107566
BLUE BERRY,304.16511494252876,0.30000000000000004,229863.0,768.0,0.009051924401272053
BOMBAY RAWA 500g,37.5,0.3,3575.0,95.0,0.00014078224740192023
BOMBAY RAWA1Kg,64.96388888888889,0.3,9031.75,139.0,0.0003556671504817603
BOONDI 250g VELLANKI FOODS,145.5888888888889,0.3,32914.0,226.0,0.0012961417876886162
BOONDI LADDU 250g VELLANKI FOODS,155.97560975609755,0.3,39465.0,253.0,0.0015541178723683306
BOONDI MITAI ATCHU 250g VELLANKI FOODS,152.52336448598132,0.3,25870.0,170.0,0.0010187515357448047
BOORELU 250g VELLANKI FOODS,151.01190476190476,0.3,15735.0,104.0,0.0006196387868165636
BOTTLE GOURD,37.21841530054645,0.30000000000000004,242595.43,6567.0,0.009553323033520342
BRINTAN TOFU PANEER 200G,69.0,0.30000000000000004,69.0,1.0,2.7171958239811176e-06
BRITANNIA MILK BIKIS 71GM,10.0,0.3,10.0,1.0,3.937964962291475e-07
BROWN ANJEER BOX TURKEY,129.0,0.30000000000000004,41151.0,319.0,0.0016205119616325649
BROWN CHANA 500g,65.0,0.3,7020.0,108.0,0.00027644514035286155
BROWN EGGS 6PC UPF HEALTHY U N V,96.84782608695652,0.30000000000000004,5544.0,57.0,0.00021832077750943938
BROWN RICE 5kg,395.0,0.3,4740.0,12.0,0.00018665953921261593
BROWN RICE HMT 1kg,85.0,0.3000000000000001,4335.0,51.0,0.00017071078111533544
BUFFALO CURD 400g SIDS FARM,85.0,0.3000000000000001,28815.0,339.0,0.0011347246038842884
BUFFALO GHEE 250g  VELLANKI FOODS,225.0,0.3,44775.0,199.0,0.001763223811866008
BUFFALO GHEE 350g SIDS FARM,406.2162162162162,0.3,18230.0,45.0,0.0007178910126257359
BUFFALO GHEE 500ml JIVIKA ORGANICS,499.0,0.3000000000000001,998.0,2.0,3.930089032366892e-05
BUSH BEANS,114.64371584699452,0.30000000000000004,246068.31,2194.86,0.00969008383110277
BUTTER GARLIC N HERBS 100g AMUL,68.50185185185185,0.3,5209.1,76.0,0.00020513253285072523
BUTTER MILK 170ML HERITAGE SACHET,10.0,0.3,200.0,20.0,7.87592992458295e-06
BUTTER MILK PLAIN 200ml POUCH AKSHAYA KALPA,20.0,0.3,3520.0,176.0,0.00013861636667265992
BUTTER MILK SPICED 200ml POUCH AKSHAYA KALPA,20.0,0.3,3320.0,166.0,0.00013074043674807698
BUTTER SCHOOL PACK 100g AMUL,74.1891891891892,0.3,3710.0,50.0,0.0001460985001010137
BUTTER UNSALTED 500G AMUL,304.45454545454544,0.3,3349.0,11.0,0.0001318824465871415
BUTTON MUSHROOM,48.91469945355191,0.30000000000000004,168699.54,3457.0,0.006643328776746892
Banana Stem,29.0,0.30000000000000016,5916.0,204.0,0.00023297000716916366
Banana Yalakki,137.39494505494505,0.30000000000000004,224911.6,1637.34,0.008856940004129153
Beetroot Juice,70.0,0.3,980.0,14.0,3.8592056630456454e-05
Black Chilly,78.74098360655738,0.30000000000000004,253825.32,3193.21,0.009995552167024217
CABBAGE,24.739945355191256,0.30000000000000004,78451.57,3125.76,0.0030893953389675706
CALIFORINA RED GRAPES,439.6092948717949,0.3000000000000001,123298.41,288.99,0.004855448184862488
CALIFORNIA BLACK seedless GRAPES,349.0,0.30000000000000004,427.18,1.22,1.6822198725916723e-05
CALIFORNIAN ALMOND PREMIUM KG FLYBERRY,1797.6623376623377,0.3,39896.82,22.2,0.0015711227926684976
CALIFORNIAN ALMOND REGULAR KG  FLYBERRY,1050.0,0.3,19940.55,18.98,0.0007852518722882127
CAPSICUM,71.63469945355192,0.30000000000000004,137833.5,1889.74,0.0054278349363000205
CAPSICUM RED SAMBERRY,332.7814525139665,0.30000000000000004,58228.08,174.75,0.00229300138861505
CAPSICUM YELLOW SAMBERRY,337.52329608938544,0.30000000000000004,66726.47,197.74,0.0026276650091739324
CARROT,62.026721311475406,0.30000000000000004,410615.81,6576.82,0.016169906727429333
CARROT JUICE,70.0,0.3,4060.0,58.0,0.00015988137746903388
CARROT N BEETROOT JUICE,70.0,0.3,2940.0,42.0,0.00011577616989136936
CARRY BAG 8Kg HOLDING CAPACITY,11.99950819672131,0.3000000000000001,40185.6,3350.0,0.001582494847886603
CARRY BAG MEDIUM 5Kg HOLDING CAPACITY,6.0,0.3000000000000001,53298.0,8883.0,0.0020988565656021104
CARRY BAG SML 1Kg HOLDING CAPACITY,3.0,0.3000000000000001,12.0,4.0,4.72555795474977e-07
CASHEW 320 COUNT 250 GM,300.0,0.3,1500.0,5.0,5.9069474434372126e-05
CASHEW 320 KG FLYBERRY,1150.0,0.3,34506.9,29.98,0.001358869631572957
CASHEW BROKEN 2 PIECE  KGSFLYBERRY,1100.0,0.3,25410.0,23.09,0.001000636896918264
CASHEW TIKKA FLAVOUR FLYBERRY,1800.0,0.3,12682.8,7.05,0.0004994442202375032
CASHEW WITH CHOCO COATED FLYBERRY,1100.0,0.3,233.2,0.21000000000000002,9.18333429206372e-06
CAULIFLOWER,34.70950819672131,0.30000000000000004,127826.1,3671.0,0.005033747030663663
CDM CRACKLE 36G,50.0,0.3,50.0,1.0,1.9689824811457375e-06
CHAKKI ATTA GODHUMA PINDI 1Kg,65.0,0.3,520.0,8.0,2.047741780391567e-05
CHAMA DUMPA,45.53508196721312,0.30000000000000004,38453.09,859.72,0.0015142692111184068
CHAMANTHI FLOWERS POOLU KG LOOSE,436.0,0.30000000000000004,1308.87,3.0,5.154284200194443e-05
CHANA DAL 1Kg,128.25,0.3000000000000001,4113.0,32.0,0.00016196849889904837
CHANA DAL 250g VELLANKI FOODS,130.9090909090909,0.3,5250.0,40.0,0.00020674316052030244
CHANA DAL 500g,65.24096385542168,0.3,7445.0,115.0,0.0002931814914426003
CHAT MURMURA 500 GM,62.63636363636363,0.3,4680.0,74.0,0.00018429676023524102
CHEDDAR CHEESE 200g MILKY MIST,150.0,0.3,900.0,6.0,3.5441684660623275e-05
CHEESE BLOCK 200G HERITAGE,131.74074074074073,0.30000000000000004,4217.0,32.0,0.0001660639824598315
CHEESE BLOCK 200G MILKY MIST,143.0,0.3,1570.0,11.0,6.182604990797616e-05
CHEESE CUBES 120g HERITAGE,90.64230769230768,0.3000000000000001,1178.35,13.0,4.640301013316159e-05
CHEESE CUBES 120g MILKY MIST,114.41666666666667,0.3,1373.0,12.0,5.4068258932261955e-05
CHEESE CUBES 200g MILKY MIST,169.0,0.30000000000000004,845.0,5.0,3.3275803931362964e-05
CHEESE EASY OPEN CHIPLET CUBES 60X8X25g AMUL,135.0,0.3,2025.0,15.0,7.974379048640237e-05
CHEESE SLICE 100G MILKY MIST,78.74369047619048,0.30000000000000004,8664.47,110.0,0.00034120379276825614
CHEESE SLICES 100g AMUL 5PC PACK,85.57142857142857,0.30000000000000004,6415.0,75.0,0.00025262045233099813
CHEESE SLICES 100g HERITAGE,57.5,0.3,2070.0,36.0,8.151587471943353e-05
CHEESE SLICES 200g AMUL 10PC PACK,145.7225,0.3,10199.57,72.0,0.0004016554929043926
CHEESE SLICES 200g HERITAGE,215.0,0.3,1935.0,9.0,7.619962202034004e-05
CHEESE SLICES 200g MILKYMIST,149.47727272727272,0.30000000000000004,8514.0,57.0,0.00033527833688949617
CHEESE SPREAD 200g AMUL,110.0,0.3,550.0,5.0,2.1658807292603113e-05
CHEESE SPREAD GARLI 200g MILKY MIST,119.16666666666667,0.3,715.0,6.0,2.8156449480384048e-05
CHEESE SPREAD GARLIC200G AMUL,112.0,0.30000000000000004,224.0,2.0,8.821041515532905e-06
CHEESE SPREAD NATURAL OR PLAIN 200g MILKYMIST,118.33333333333333,0.3,355.0,3.0,1.3979775616134737e-05
CHEESE SPREAD PEPPER 200g MILKY MIST,120.0,0.3,240.0,2.0,9.45111590949954e-06
CHEGODI 250g VELLANKI FOODS,145.55339743589744,0.3,51264.0,352.0,0.0020187583582691017
CHEKKARAKELI BANANA,123.7339010989011,0.30000000000000004,105288.19,858.44,0.0041462120316308766
CHERRY LOCAL ANAND,214.72340425531914,0.30000000000000004,60574.0,298.0,0.0023853828962584383
CHERRY TOMATO KG RED SAMBERRY,262.56874999999997,0.30000000000000004,4324.5,16.31,0.00017029729479429485
CHERUKU GADDALU,32.0,0.30000000000000004,1920.0,60.0,7.560892727599632e-05
CHERUKU RASALU KG LOOSE,172.637,0.30000000000000004,76365.67,461.89,0.003007253327819132
CHIA SEEDS KGS FLYBERRY,850.0,0.3,9326.2,10.97,0.00036726248831322756
CHICKEN BONE LESS PICKLE 250g VELLANKI FOODS,354.1666666666667,0.3000000000000001,2125.0,6.0,8.368175544869385e-05
CHICKPEAS 50g FLYBERRY GOURMET,49.0,0.30000000000000004,147.0,3.0,5.7888084945684684e-06
CHICOOS SAPOTA JUICE,58.125,0.3,2640.0,45.0,0.00010396227500449494
CHICOOS(Sapota),83.0416091954023,0.30000000000000004,25203.0,308.55,0.0009924853094463205
CHIKKUDU SEED PACK,298.9984615384615,0.30000000000000004,2284.98,7.61,8.998171179536774e-05
CHIKKUDUKAI,108.23793333333333,0.30000000000000004,107260.2,1020.64,0.004223869094483761
CHIKKUDUKAYA PICKLE 250g AHA,90.0,0.3000000000000001,270.0,3.0,1.0632505398186982e-05
CHINNA RASALU KG LOOSE,141.61555555555555,0.30000000000000004,123437.86,889.21,0.004860939677002404
CHINTA CHIGURU,475.4939622641509,0.3000000000000001,27442.06,58.76,0.001080658707731004
CHOCOLATE 150G HBD PACK AMUL,200.0,0.3,3000.0,15.0,0.00011813894886874425
CHOCOLATE MILK SHAKE 180ML HERITAGE,27.142857142857142,0.30000000000000004,6424.0,247.0,0.00025297486917760434
CHOUSA MANGO KG LOOSE,229.1764705882353,0.3000000000000001,13006.95,57.57,0.0005122091336627711
CHOWCHOW,46.0625,0.30000000000000004,1141.94,24.41,4.496919709039127e-05
CINNAMON DALCHINI KG FLYBERRY,950.0,0.3,927.1999999999999,0.98,3.6512811130366553e-05
CLOVES 50g,90.0,0.30000000000000016,6210.0,69.0,0.0002445476241583006
CLUSTER BEANS,59.190164835164836,0.30000000000000004,63949.94,1067.93,0.002518326230606421
COCONUT,43.886448087431695,0.30000000000000004,162488.22,3696.0,0.006398729171451089
COCONUT KARAM 100G  VELLANKI FOODS,64.36363636363636,0.30000000000000004,772.0,12.0,3.0401089508890187e-05
COCONUT MANGO,189.4829508196721,0.30000000000000004,59162.729999999996,310.07,0.002329807578135107
COCONUT MILK YOGURT-BLUEBERRY EPIGAMIA,70.0,0.3,70.0,1.0,2.7565754736040326e-06
COCONUT SLICE KGS FLYBERRY,470.0,0.3,657.06,1.4000000000000001,2.5874792581232365e-05
COFFEE XTRA 100g JAR INSTANT SOUTH BLEND CONTINENTAL,241.55555555555554,0.30000000000000004,2174.0,9.0,8.561135828021667e-05
COKE 250ML,20.0,0.3,340.0,17.0,1.3389080871791014e-05
COLD PRESSED SUN DRIED COCONUT OIL 1LT MESMARA,599.0,0.3000000000000001,2396.0,4.0,9.435364049650374e-05
COLD PRESSED WHITE SESAME OIL 500ML MESMARA,350.0,0.3000000000000001,1400.0,4.0,5.513150947208065e-05
COLOUR CUCUMBER,36.42377049180328,0.30000000000000004,95482.76,2629.25,0.0037600776338288593
CONTINENTAL XTRA 50g JAR PLUS 25g JAR FREE SOUTH BLEND,147.2375,0.3000000000000001,1193.7,10.0,4.700748775487334e-05
CONTINENTAL XTRA INSTANT SOUTH BLEND COFFEE 150g POUCH,355.0,0.30000000000000004,4258.0,12.0,0.000167678548094371
COOKING BUTTER 100G MILKY MIST,74.85267857142857,0.3,6141.75,82.0,0.00024185996307153667
COOKING BUTTER 100g AMUL UNSALTED,64.07692307692308,0.3,2558.0,40.0,0.00010073314373541593
COOKING BUTTER 200G HERITAGE,129.79166666666666,0.3,3630.0,28.0,0.00014294812813118055
COOKING BUTTER 500g HERITAGE,301.1764705882353,0.3,5120.0,17.0,0.00020162380606932352
COOKING BUTTER UNSALTED 200g MILKY MIST,145.14285714285714,0.30000000000000004,3334.0,23.0,0.00013129175184279778
COOKING UNSALTED BUTTER 500g MILKY MIST,355.0,0.3000000000000001,5680.0,16.0,0.0002236764098581558
COPRA POWDER 100G EVR,52.02272727272727,0.3,2136.75,41.0,8.41444663317631e-05
CORIANDER,93.54021978021977,0.30000000000000004,188619.91,1980.48,0.007427785967705714
CORIANDER 200g,67.5,0.3,6945.0,103.0,0.0002734916666311429
CORN FLAKES 200G EVR,49.0,0.30000000000000004,490.0,10.0,1.9296028315228227e-05
CORN FLAKES MIXTURE250g VELLANKI FOODS,136.9035714285714,0.3,28884.7,211.0,0.0011374693654630057
CORN FLOUR 200g EVR,38.0,0.30000000000000004,342.0,9.0,1.3467840171036844e-05
COW GHEE 200ml JAR AMUL HIGH AROMA,145.83225806451614,0.30000000000000004,5432.8,37.0,0.00021394176047137125
COW GHEE 250G VELLANKI FOODS,225.0,0.3,16650.0,74.0,0.0006556711662215306
COW GHEE 350g SIDS FARM,502.7027027027027,0.3,22100.0,44.0,0.000870290256666416
COW GHEE 500ml PET JAR MILKYMIST,423.0,0.30000000000000004,1692.0,4.0,6.663036716197176e-05
COW MILK 500ML POUCH SIDS FARM,41.86049180327869,0.30000000000000004,83589.86,2010.0,0.003291739398828497
COW MILK 500ml GOLDEN HERITAGE,31.0,0.30000000000000004,31.0,1.0,1.2207691383103572e-06
CREAMY COFFEE HAZELNUT 22g CONTINENTAL,30.0,0.3,300.0,10.0,1.1813894886874425e-05
CRUNCHY BANANA CHIPS 100g FLYBERRY,125.0,0.3,1125.0,9.0,4.430210582577909e-05
CRUNCHY BANANA CHIPS 250g FLYBERRY,299.0,0.30000000000000004,1196.0,4.0,4.7098060949006044e-05
CRUNCHY BANANA CHIPS 65g FLYBERRY,99.0,0.30000000000000004,396.0,4.0,1.559434125067424e-05
CUCUMBER,39.53939890710382,0.30000000000000004,218653.87,5548.36,0.008610512789294351
CUCUMBER WHITE,69.0,0.30000000000000004,90.8,1.32,3.575672185760659e-06
CUMIN JEERA KG FLYBERRY,950.0,0.3,528.2,0.56,2.0800330930823574e-05
CURD 135g POUCH MILKY MIST,10.0,0.3,17530.0,1753.0,0.0006903252578896956
CURD 500g POUCH HERITAGE,49.856263736263735,0.3,155741.25,3133.0,0.006133035856834772
CURD CUP 200G HERITAGE,25.0,0.3,6525.0,262.0,0.00025695221378951876
CURD CUP 400GHERITAGE,46.06587209302325,0.3000000000000001,20063.0,438.0,0.0007900739103845387
CURD POUCH 400g MILKY MIST,41.93760233918129,0.30000000000000004,38764.0,929.0,0.0015265127379826674
CURD TUB 1KG HERITAGE,108.83446927374301,0.30000000000000004,98142.23,904.0,0.0038648066306115124
CURRY LEAVES,94.00524590163934,0.30000000000000004,59596.840000000004,635.03,0.002346902677832911
CUSTARD APPLE ANAND,272.8720930232558,0.3000000000000001,195140.17,725.49,0.0076845515219560205
DABBAKAI,50.06896551724138,0.30000000000000004,2415.0,48.0,9.510185383933913e-05
DALCHINI 50g,60.0,0.3,7080.0,118.0,0.00027880791933023645
DALMOTI 250g VELLANKI FOODS,151.91489361702128,0.3,20920.0,138.0,0.0008238222701113766
DAMPUDU BIYYAM 1Kg AISHWARYA,74.0,0.3,445.0,6.0,1.7523944082197064e-05
DARK CHOCOLATE 150g AMUL,200.0,0.3,2000.0,10.0,7.87592992458295e-05
DARK CHOCOLATE 150g BEST WISHES AMUL,192.25,0.3,3736.0,19.0,0.0001471223709912095
DASHERI MANGO KG LOOSE,214.0463,0.3000000000000001,173487.08,812.64,0.006831860424502581
DATE BITES 160g FLYBERRY,298.6785483870968,0.30000000000000004,46823.4,157.0,0.0018438890861535867
DATES POWDER 180g FLYBERRY,399.0,0.3000000000000001,1596.0,4.0,6.284992079817194e-05
DEHYDRATED GINGER  KGS FLYBERRY,1035.0,0.3,126.27,0.12,4.972468357885446e-06
DEHYDRATED KIWI KG FLYBERRY,870.0,0.3,1214.52,1.3800000000000001,4.782737206002242e-05
DEHYDRATED MANGO KG FLYBERRY,1250.0,0.3,3502.5,2.81,0.0001379272228042589
DEHYDRATED PAPAYA  KGS FLYBERRY,809.98,0.30000000000000004,173.34,0.21000000000000002,6.826068465636043e-06
DEHYDRATED PINEAPPLE KG FLYBERRY,1200.0,0.3,1922.4,1.59,7.570343843509132e-05
DERI DATES KG FLYBERRY,895.0,0.3,2215.8,2.4899999999999998,8.725742763445451e-05
DESI COW GHEE 500ml JIVIKA ORGANICS,999.0,0.30000000000000004,9990.0,10.0,0.00039340269973291836
DIAMOND MISRI 200G,37.407407407407405,0.3,2520.0,67.0,9.923671704974517e-05
DILKUSH GRAPES KG LOOSE,147.41287878787878,0.30000000000000004,21595.82,146.14,0.0008504358249195348
DISCO PUMPKIN,37.86448275862069,0.30000000000000004,7251.85,184.34,0.00028557531211793435
DONDAKAI,45.979562841530054,0.30000000000000004,178902.06,3939.51,0.007045100439617672
DOODH PEDA 200g HERITAGE,124.64179104477611,0.30000000000000004,29419.0,236.0,0.001158509912256529
DOSA BATTER MIX 900g DSL,80.0,0.3,41680.0,522.0,0.0016413437962830867
DOSE WITH IMMUNITY BOOSTERS - 6 EGGS PACK ABHI EGGS,125.0,0.3,6000.0,48.0,0.0002362778977374885
DOUBLE BEANS,119.0,0.30000000000000004,85.44,0.72,3.3645972637818363e-06
DOUBLE HORSE URAD ROUND 1KG,189.4805194805195,0.3,24720.0,130.0,0.0009734649386784526
DR GOOD EGGS CAROTENOID 12 PACK,155.8237762237762,0.3,42003.6,272.0,0.0016540870509010618
DR GOOD EGGS CAROTENOID 30 PACK,373.0120481927711,0.3000000000000001,38904.0,105.0,0.0015320258889298755
DRAGAN FRUIT JUICE,100.0,0.3,300.0,3.0,1.1813894886874425e-05
DRAGON Â FRUIT,170.2914207650273,0.30000000000000004,126788.39,752.93,0.004992882374453468
DRIED BLACKBERRY KG FLYBERRY,3250.0,0.3,598.0,0.19,2.3549030474503022e-05
DRIED BLUEBERRY KG FLYBERRY,2599.056603773585,0.3000000000000001,18805.4,7.21,0.0007405500630187611
DRIED CRANBERRY WHOLE KG FLYBERRY,1100.0,0.3,12562.0,11.43,0.0004946871585630551
DRIED DATES YELLOW250 GM,125.0,0.3,250.0,2.0,9.844912405728688e-06
DRUMSTICK,8.155355191256831,0.30000000000000004,106917.69,13157.0,0.004210381170691416
DRY CHURRA KG FLYBERRY,745.0704347826087,0.3,3309.9,4.51,0.00013034270228688553
DRY COCONUT 250G EVR,138.47826086956522,0.3,7820.0,56.0,0.00030794886005119335
DRY COCONUT KG FLYBERRY,600.0,0.3,1162.8,1.9500000000000002,4.579065658152527e-05
EGGS 12PS FARM MADE FREE RANGE U N V,289.0,0.30000000000000004,37859.0,131.0,0.0014908741550739295
EGGS 6PC FARM MADE FREE RANGE U N V,149.0,0.30000000000000004,31290.0,210.0,0.0012321892367010026
EGGS 6PC JUST LAID VN POULTRY,80.0,0.3,79920.0,999.0,0.003147221597863347
EGGS 6PC UPF HEALTHY WHITE U N V,89.0,0.30000000000000004,2225.0,25.0,8.761972041098532e-05
ELEPHANT FOREST HONEY 250G 1+1,81.12,0.3000000000000001,574.6,7.0,2.2627546673326817e-05
ELEPHANT FOREST HONEY 500G 1+1,159.5,0.30000000000000004,159.5,1.0,6.281054114854903e-06
ELEPHANT SEEDED DATES 400G(CUPS) (1+1 OFFER),115.0,0.3,920.0,8.0,3.622927765308157e-05
ELEPHANT SEEDLESS HONEY DATES400G+10,199.0,0.3000000000000001,1990.0,10.0,7.836550274960036e-05
ELEPHANT YAM,97.46782608695652,0.30000000000000004,37894.58,405.08,0.001492275283007513
ENG ITEM BROCOLI SAMBERRY,380.84885245901637,0.30000000000000004,166019.06,461.8,0.0065377724135256615
ENG ITEM CELERY SAMBERRRY,221.06451612903226,0.30000000000000004,1257.3,5.71,4.9512033470890715e-05
ENG ITEM CHINESE CABBAGE SAMBERRY,209.00714285714284,0.30000000000000004,5339.01,25.79,0.0002102483431332381
ENG ITEM COLOUR CABBAGE SAMBERRY,207.45624999999998,0.30000000000000004,14381.61,69.23,0.000566342762813407
ENG ITEM GREEN LETTUCE SAMBERRY,256.41289940828403,0.30000000000000004,14676.64,56.96,0.0005779609408416555
ENG ITEM PARSLEY SAMBERRY,312.44444444444446,0.30000000000000004,320.46,1.03,1.261960251815926e-05
EUROPEN CUCUMBER,63.641366120218585,0.30000000000000004,156041.7,2483.53,0.006144867472563977
FIGS AFGHANI NORMAL KG FLYBERRY,1896.7880681818183,0.3,47772.840000000004,25.32,0.0018812777006915668
FILTER COFFE STRONG 5 10ml ID FRESH,55.0,0.3,55.0,1.0,2.165880729260311e-06
FILTER COFFEE 150ML ID FRESH,140.0,0.3,700.0,5.0,2.7565754736040325e-05
FILTER COFFEE 150ML NEW BOLD ID FRESH,135.0,0.3,540.0,4.0,2.1265010796373965e-05
FINGER CHIPS PAPAD 200G EVR,49.028571428571425,0.3,478.4,10.0,1.8839224379602416e-05
FLAX SEED OIL 1L MESMARA,599.0,0.3000000000000001,2396.0,4.0,9.435364049650374e-05
FLAX SEEDS KGS FLYBERRY,280.0,0.3,2814.56,10.02,0.00011083638664267093
FLY BERRY DERI DATES 255g,199.0,0.3000000000000001,84575.0,427.0,0.003330533866858015
FLYBERRY CASHEW 4 PIECE,998.6658333333334,0.30000000000000004,1566.01,1.55,6.166892510598073e-05
FLYBERRY CRISPY SWEET CORN 12g,49.0,0.30000000000000004,147.0,3.0,5.7888084945684684e-06
FLYBERRY CRUNCHY BANANA CHIPS 25g,49.5,0.30000000000000004,297.0,6.0,1.1695755938005681e-05
FLYBERRY DREAMY DERI DATES 220g,399.0,0.3000000000000001,27930.0,70.0,0.001099873613968009
FLYBERRY DREAMY DERI DATES 400G,698.9998333333333,0.30000000000000004,54521.99,78.0,0.0021470568629440617
FLYBERRY KNOCKOUT KALMI DATES 200g,249.0,0.30000000000000004,2988.0,12.0,0.00011766639307326927
FLYBERRY KNOCKOUT KALMI DATES 400g,449.0,0.3000000000000001,4939.0,11.0,0.00019449608948757596
FLYBERRY MEDJOUL MAJESTIC DATES 400g BOX,999.0,0.30000000000000004,36963.0,37.0,0.001455589989011798
FLYBERRY MINI MEDJOUL DATES 200g BOX,412.04347826086956,0.3000000000000001,9876.0,24.0,0.00038891341967590607
FLYBERRY SHAHJEERA CARAWAY SEEDS,990.0,0.3,104.94,0.11,4.1325004314286734e-06
FLYBERRY SPICE OKRA CHIPS 25g,49.5,0.30000000000000004,1782.0,36.0,7.017453562803408e-05
FLYBERRY SPICED CHICKPEAS CRISP 31g,49.5,0.30000000000000004,99.0,2.0,3.89858531266856e-06
FLYBERRY STRAWBERRY DEHYDRATED REGULAR,1600.0,0.3,11113.6,6.96,0.00043764967404922537
FOXTAIL MILLET KORRALU BIYYAM 500g,80.0,0.3,720.0,9.0,2.835334772849862e-05
FREEDOM GROUNDNUTOIL 1LT,163.22535211267606,0.3000000000000001,16962.0,104.0,0.00066795761690388
FREEDOM MUSTARD OIL 1 Lt,178.0,0.30000000000000004,178.0,1.0,7.0095776328788254e-06
FREEDOM RF SUNFLOWER OIL 1LT POUCH,158.95364238410596,0.30000000000000004,64739.0,408.0,0.002549399136937878
FREEDOM RICE BRAN 1LTR,156.2183908045977,0.3000000000000001,22978.0,147.0,0.0009048655890353351
FREEDOM SUNFLOWER OIL 5LT,794.0347826086957,0.3000000000000001,18903.6,24.0,0.0007444171446117313
FREEDOM SUNFLOWER OIL PET 1LT,168.07692307692307,0.3,12080.0,72.0,0.0004757061674448102
FREEDOM SUNFLOWER OIL PET 2LT,352.88851851851854,0.30000000000000004,11375.99,32.0,0.000447982500313782
FRESH CREAM 200ML HERITAGE,65.0,0.3,65.0,1.0,2.559677225489459e-06
FRESH CREAM 250ML AMUL,69.58823529411765,0.3,3101.0,45.0,0.00012211629348065863
FRESH CREAM 250ml UHT MILKY MIST,80.0,0.3,4320.0,54.0,0.00017012008637099172
FRESH DATES YELLOW BOX ANAND,69.9,0.30000000000000004,489.30000000000007,7.0,1.926846256049219e-05
FRESH LOOSE PANEER,519.9998224852071,0.3,155474.76,299.39,0.006122541574006762
FRESH PANEER BLOCK 200g AMUL,95.0,0.3,2280.0,24.0,8.978560114024564e-05
FRIED GRAM PUTANA 250g,44.97794117647059,0.3000000000000001,7827.75,174.0,0.0003082540523357709
FRUIT BASKET 120 SADGURU,120.0,0.3,600.0,5.0,2.362778977374885e-05
FRUIT BASKET 170 SADGURU,170.0,0.3000000000000001,850.0,5.0,3.3472702179477534e-05
FRUIT BASKET 200,225.0,0.3,675.0,3.0,2.6581263495467455e-05
FRUIT BASKET 200 SADGURU,200.0,0.3,2000.0,10.0,7.87592992458295e-05
FRUIT BASKET 240 SADGURU,240.0,0.3,240.0,1.0,9.45111590949954e-06
FRUIT BASKET 250 RAJU,263.3333333333333,0.3,1330.0,5.0,5.237493399847662e-05
FRUIT BASKET 300 SADGURU,300.0,0.3,900.0,3.0,3.5441684660623275e-05
FRUIT BASKET 350 RAJU,350.0,0.3000000000000001,3150.0,9.0,0.00012404589631218147
FRUIT BASKET 450 SADGURU,160.0,0.3,320.0,2.0,1.260148787933272e-05
FRUIT BOWL NRG,45.0,0.3000000000000001,1260.0,28.0,4.961835852487258e-05
FRUIT BREAD 200g SML SPENCERS AKSHAYA NANDA,30.0,0.3,1980.0,66.0,7.79717062533712e-05
FRUIT N NUT 150g DARK CHOCOLATE AMUL,199.2,0.3,5980.0,30.0,0.00023549030474503022
FRUIT YOGHURT BB 100g MILKYMIST,30.0,0.3,4830.0,161.0,0.00019020370767867825
FRUIT YOGURT 75g ALPHONSO MANGO EPIGAMIA,35.0,0.3,3605.0,103.0,0.00014196363689060769
FRUIT YOGURT 75g STRAWBERRY EPIGAMIA,35.0,0.3,4515.0,129.0,0.0001777991180474601
FULL CREAM MILK 500ml HERITAGE,41.33170731707317,0.30000000000000004,211274.0,5117.0,0.00831989609443169
FlyberryAlmondRoastedSalted,2000.0,0.3,236.0,0.12,9.293597311007881e-06
FlyberryBrazilNut,3500.0,0.3,16905.0,4.82,0.0006657129768753738
FlyberryCashew180,2000.0,0.3,2204.0,1.1,8.679274776890411e-05
FlyberryHazelnut,1900.0,0.3,3176.8,1.68,0.0001251012709220756
FlyberryMacadamia,5500.0,0.3000000000000001,3729.0,0.67,0.0001468467134438491
FlyberryMelonSeeds,1000.0,0.3,9004.0,9.03,0.0003545743652047244
FlyberryPeriPeriAlmond,2000.0,0.3,132.0,0.07,5.198113750224747e-06
FlyberryPrunes,1784.2857142857142,0.3,1255.54,0.71,4.9442725287554386e-05
G ELAICHI 50g,235.0,0.3,29610.0,127.0,0.0011660314253345058
GAJANAN ORANGE PRM HMT RAW RICE 1Kg,85.0,0.3000000000000001,2890.0,34.0,0.00011380718741022363
GAJANAN ORANGE PRM HMT RAW RICE 5Kg,420.0,0.3,7140.0,17.0,0.0002811706983076113
GAJANAN ORANGE PRM HMT RICE 1Kg,80.0,0.3,1360.0,17.0,5.355632348716406e-05
GAJANAN ORANGE PRM HMT RICE 5Kg,385.0,0.3,8085.0,21.0,0.00031838446720126575
GAJANAN TELANGANA SONA RICE 1Kg,75.0,0.3,3075.0,41.0,0.00012109242259046285
GAJANAN TELANGANA SONA RICE 5Kg,336.6666666666667,0.3000000000000001,8820.0,26.0,0.0003473285096741081
GARAM MASALA 100g VELLANKI FOODS,70.88888888888889,0.30000000000000004,708.0,10.0,2.7880791933023642e-05
GARLIC,162.08524590163933,0.30000000000000004,181961.57,1121.55,0.007165582871435476
GARLIC PEELED BOX,64.22139072847682,0.30000000000000004,26630.8,415.0,0.001048711573177918
GARLIC PICKLE 250g AHA,100.0,0.3,400.0,4.0,1.57518598491659e-05
GAVVALU SWEET 250G VELLANKI FOODS,141.0897435897436,0.3,51995.0,369.0,0.0020475448821434526
GEMS KG FLYBERRY,600.0,0.3,3252.0,5.38,0.00012806262057371876
GHEE 200ML PET JAR MILKY MIST,183.125,0.30000000000000004,1650.0,9.0,6.497642187780933e-05
GHEE ARISELU 250g VELLANKI FOODS,171.14678899082568,0.3000000000000001,33515.0,196.0,0.0013198089571119878
GINGER,99.47765027322404,0.30000000000000004,162048.46,1604.11,0.006381411576732916
GINGER GARLIC PASTE 250G VELLANKI FOODS,116.42857142857143,0.3,8370.0,72.0,0.0003296076673437965
GINGER PICKLE 250G VELLANKI FOODS,116.35135135135135,0.3,6530.0,56.0,0.0002571491120376333
GINGER PICKLE 250g AHA,100.0,0.3,1600.0,16.0,6.30074393966636e-05
GINGER PICKLE 500g AHA,200.0,0.3,1000.0,5.0,3.937964962291475e-05
GOLD DROP SUNFLOWER OIL 1Lt pouch,158.46666666666667,0.3000000000000001,28504.2,180.0,0.0011224854087814866
GOLDEN COW GHEE 500 ML HERITAGE,375.0,0.3,19875.0,53.0,0.0007826705362554306
GOLDEN KIWI FRUIT BIG,79.0,0.30000000000000004,395.0,5.0,1.5554961601051326e-05
GOLDEN KIWI SMALL,66.44841726618705,0.30000000000000004,109152.55,1687.0,0.004298389174447683
GONGURA PANDU MIRAPAKAYA PICKLE  500g AHA,174.998,0.3000000000000001,874.99,5.0,3.4456799623554176e-05
GONGURA PANDU MIRAPAKAYA PICKLE 250g  AHA,90.0,0.3000000000000001,810.0,9.0,3.189751619456095e-05
GONGURA PICKLE 250g  AHA,90.0,0.3000000000000001,1440.0,16.0,5.670669545699724e-05
GONGURA PICKLE 250g VELLANKI FOODS,121.57894736842105,0.3,2915.0,24.0,0.0001147916786507965
GONGURA PICKLE 500g  AHA,175.0,0.3000000000000001,525.0,3.0,2.0674316052030242e-05
GONGURA(PUNTIKURA),67.78065934065934,0.3000000000000001,42112.0,622.68,0.0016583558049201859
GRAPE JUICE,54.0,0.3,370.0,7.0,1.4570470360478457e-05
GREEK CEREALS YOGHURT 100g MILKY MIST,40.0,0.3,1520.0,38.0,5.985706742683042e-05
GREEK HONEY AND FIG YOGHURT 100g MILKY MIST,40.0,0.3,640.0,16.0,2.520297575866544e-05
GREEK YOGHURT 100g MILKY MIST,40.0,0.3,2760.0,69.0,0.00010868783295924471
GREEK YOGURT 85g  ALPHONSO MANGO  EPIGAMIA,60.0,0.3,9660.0,161.0,0.0003804074153573565
GREEK YOGURT ALPHONSO MANGO SMOOTHIE 180ml EPIGAMIA,78.70967741935483,0.3,6880.0,87.0,0.00027093198940565346
GREEK YOGURT BLUEBERRY 90g EPIGAMIA,60.0,0.3,10620.0,177.0,0.0004182118789953546
GREEK YOGURT BLUEBERRY SMOOTHIE 180ml EPIGAMIA,80.0,0.3,6000.0,75.0,0.0002362778977374885
GREEK YOGURT MIXED BERRY ZERO ADDED SUGAR 120g EPIGAMIA,70.8,0.3,2340.0,33.0,9.214838011762051e-05
GREEK YOGURT NATURAL 90g EPIGAMIA,58.62068965517241,0.3,9975.0,170.0,0.00039281200498857464
GREEK YOGURT STRAWBERRY 85g EPIGAMIA,60.0,0.3,8340.0,139.0,0.00032842627785510903
GREEK YOGURT STRAWBERRY SMOOTHIE 180ml EPIGAMIA,80.0,0.3,5200.0,66.0,0.0002047741780391567
GREEK YOGURT STRAWBERRY ZERO ADD SUGAR 120g EPIGAMIA,70.0,0.3,2170.0,31.0,8.545383968172501e-05
GREEK YOGURT VANILLA BEAN 90g EPIGAMIA,60.0,0.3,4620.0,77.0,0.00018193398125786615
GREEK YOGURT WILD RASBERRY 85g EPIGAMIA,62.82341176470588,0.3,7409.99,119.0,0.0002918028099093021
GREEN APPLE,378.80737226277375,0.30000000000000004,57267.08,151.97,0.002255157545327429
GREEN CHILLY,75.35027322404372,0.30000000000000004,158356.02,2066.47,0.006236004583279281
GREEN PEAS,181.09258620689656,0.30000000000000004,58912.81,328.44,0.002319965816101348
GREEN PEAS BATANI 500G EVR,160.0,0.3000000000000001,5610.0,35.0,0.00022091983438455174
GREEN PEAS SEED PAC,446.84313725490193,0.3000000000000001,9988.7,22.36,0.0003933515061884086
GROUND NUT,113.17011976047904,0.30000000000000004,40331.22,355.66,0.001588229312464692
GROUND NUT OIL 1Lt. COLD PRESSED MESMARA,420.0,0.3,13440.0,32.0,0.0005292624909319743
GUAVA HYBRID BIG ANAND,131.23091549295776,0.30000000000000004,208875.02,1628.11,0.008225425102579311
GUAVA Local,129.0,0.30000000000000004,1940.93,15.05,7.643314334260393e-05
GULAB JAM MIX 200g MILKY MIST,122.5,0.3,1470.0,12.0,5.788808494568468e-05
GULABI ROUND BRINJAL,77.4477094972067,0.30000000000000004,64226.23,878.02,0.002529206434000736
Ginger Imbued Honey 250g BT,225.0,0.3,3600.0,16.0,0.0001417667386424931
Ginger Imbued Honey 500g BT,405.0,0.3,3240.0,8.0,0.0001275900647782438
Green Kiwi Small,39.28814207650273,0.30000000000000004,117932.0,3043.0,0.004644120839329582
HAZELNUT CHOCOLATE SPREAD 200g,499.0,0.3000000000000001,499.0,1.0,1.965044516183446e-05
HEKATPY BUCK WHEAT COOKIES 125g,125.0,0.3,500.0,4.0,1.9689824811457375e-05
HEKATPY PEARL MILLET COOKIE 125g,125.0,0.3,125.0,1.0,4.922456202864344e-06
HEKATPY QUINO COOKIES 125g,125.0,0.3,625.0,5.0,2.4612281014321717e-05
HEKTAPY HEALTHY DEL JOWAR 125G,125.0,0.3,375.0,3.0,1.4767368608593031e-05
HEKTAPY HEALTHY DEL RAGI 125G,125.0,0.3,625.0,5.0,2.4612281014321717e-05
HEKTAPY MULTI MILLET S.N,125.0,0.3,625.0,5.0,2.4612281014321717e-05
HEKTAPY OAT COOKIES  125g,125.0,0.3,125.0,1.0,4.922456202864344e-06
HEKTAPY RAJGIRI COOKIES 125g,125.0,0.3,375.0,3.0,1.4767368608593031e-05
HIMALAYAN HONEY 225g APIS,165.0,0.3000000000000001,495.0,3.0,1.94929265633428e-05
HIMALAYAN HONEY 500g APIS,325.0,0.3000000000000001,2275.0,7.0,8.958870289213105e-05
HIMAYATH MANGO KG LOOSE,317.78234567901234,0.30000000000000004,193772.48,617.9,0.007630692368963256
HOME DELIVERY CHARGES,1.0,0.30000000000000004,30.0,30.0,1.1813894886874424e-06
HULLED WHITE SESAME OIL 1Lt. MESMARA,700.0,0.3000000000000001,3500.0,5.0,0.00013782877368020163
I.Orange Pack of 4,106.57894736842105,0.30000000000000004,2407.0,23.0,9.47868166423558e-05
ICE BERG ENGLISH ITEM SAMBERRY,227.06798387096774,0.30000000000000004,15235.21,67.31,0.000599957231731527
IDLI KARAM 100g VELLANKI FOODS,58.77777777777778,0.30000000000000004,2584.0,44.0,0.00010175701462561171
IDLI POWDER AKA GUNDPOWDER AKA KARAM PODI PREMIUM KG LOOSE FLYBER,799.0,0.30000000000000004,73.51,0.09,2.8947980437804634e-06
IDLY . DOSA BATTER 1KG ID FRESH,95.0,0.3,61655.0,650.0,0.002427952297500809
IDLY BATTER 900g DSL,80.0,0.3,21280.0,266.0,0.0008379989439756259
IDLY KARAM FLYBERRY,500.0,0.3,631.0,1.28,2.484855891205921e-05
IDLY RAVA1KG,64.71875,0.3,10799.75,167.0,0.0004252903710150736
IDLY RAWA 500g,35.0,0.3,665.0,19.0,2.618746699923831e-05
IDLY RAWA ORANGE 1KG AISHWARYA,60.0,0.3,360.0,6.0,1.417667386424931e-05
IDLY RICE  1Kg,70.0,0.3,1610.0,23.0,6.340123589289274e-05
IGURU KARAM 100g VELLANKI FOODS,63.42857142857143,0.3,444.0,7.0,1.748456443257415e-05
IMLI POP KG FLYBERRY,480.0,0.3,620.16,1.3,2.442168351014681e-05
IMP ORANGE CANE,100.0,0.3,200.0,2.0,7.87592992458295e-06
IMP Orange Juices,150.0,0.3,7800.0,52.0,0.00030716126705873507
IMPORTED ORANGE,197.96363636363637,0.30000000000000004,100960.52,510.84,0.003975789903347278
IMPORTED PLUMS,330.65707182320443,0.30000000000000004,76389.38,231.75,0.003008187019311692
INDIAN RAISINS GREEN FLYBERRY,600.0,0.3,3633.6,6.04,0.00014308989486982304
INDIAN RAISINSGOLDEN KGS FLYBERRY,600.0,0.3,7728.0,12.86,0.0003043259322858852
INSIDE YELLOW MELON Kg,39.9,0.30000000000000004,4048.74,101.48,0.00015943796261427986
IODIZED SALT 1KG PON,20.0,0.3,80.0,4.0,3.15037196983318e-06
IRANIAN DATES 500g ORIGINAL AM ENTERPRISES,228.0,0.3000000000000001,2738.0,12.0,0.00010782148066754058
JACK FRUIT SEEDS ANAND,84.0,0.30000000000000004,12180.0,145.0,0.00047964413240710166
JAGGERY KESAR 450G,51.27835051546392,0.3,8600.0,169.0,0.00033866498675706687
JAGGERY KESAR 900G,95.58641791044776,0.30000000000000004,10681.0,112.0,0.0004206140376223524
JAGGERY MINI CUBES 500G EVR,115.0,0.3,3335.0,29.0,0.0001313311314924207
JAGGERY POWDER 500g JIVIKA ORGANICS,95.0,0.3,7220.0,76.0,0.0002843210702774445
JANTHIKALU 250g VELLANKI FOODS,150.6515436241611,0.3,42697.41,286.0,0.0016814090456059366
JAVATRI 50g,180.0,0.3000000000000001,9720.0,54.0,0.00038277019433473135
JEERA 100g,65.0,0.3,3380.0,52.0,0.00013310321572545185
JEERA 200g,125.0,0.3,20625.0,165.0,0.0008122052734726167
JEERA PAPAD 200G EVR,68.0,0.3000000000000001,748.0,11.0,2.9455977917940234e-05
JIVIKA COLD PRESSED SAFFLOWER OIL 1LTR,539.9966666666667,0.3,1619.99,3.0,6.379463859262567e-05
JIVIKA CORIANDER POWDER 100GMS,55.0,0.3,1100.0,20.0,4.3317614585206225e-05
JIVIKA FOREST HONEY250ml,280.0,0.3,3080.0,11.0,0.00012128932083857744
JIVIKA NATURALS PEANUT BUTTER500GMS,399.0,0.3000000000000001,1596.0,4.0,6.284992079817194e-05
JIVIKA RED CHILLI POWDER 200GMS,170.0,0.3000000000000001,6800.0,41.0,0.0002677816174358203
JIVIKA RED CHILLI POWDER 500GMS,399.0,0.3000000000000001,3192.0,8.0,0.0001256998415963439
JIVIKA TURMERIC POWDER 100GMS,60.0,0.3,2760.0,46.0,0.00010868783295924471
JOWAR FLOUR 500g,50.0,0.3,4450.0,89.0,0.00017523944082197064
JUBJUB GUAVA JUICE,70.0,0.3,140.0,2.0,5.513150947208065e-06
JUJUBIES FLYBERRY,597.8906024096385,0.3,7689.14,12.86,0.00030279563910153874
KABULI CHANA 500g,119.92405063291139,0.3,13794.0,115.0,0.0005432028868984861
KAJJIKAYALU 250g VELLANKI FOODS,146.16666666666666,0.3,19015.0,130.0,0.000748804037579724
KAJU PAKODI 250g VELLANKI FOODS,226.72413793103448,0.3,15420.0,68.0,0.0006072341971853454
KALA JAMUN BOX PACK ANAND,119.6686046511628,0.30000000000000004,67282.0,604.0,0.0026495415859289504
KANDI KARAM 100g  VELLANKI FOODS,58.470588235294116,0.3000000000000001,1056.0,18.0,4.1584910001797976e-05
KANDI KARAM 250GM AHA,120.0,0.3,240.0,2.0,9.45111590949954e-06
KARAM GAVVALU 250G VELLANKI FOODS,137.0,0.3,5335.0,39.0,0.0002100904307382502
KARAM SAKINALU 250g  VELLANKI FOODS,146.4814814814815,0.3,4245.0,29.0,0.00016716661264927311
KARAN PHOOL 50g,63.80952380952381,0.3,5610.0,88.0,0.00022091983438455174
KARIVEPAKU KARAM 100g VELLANKI FOODS,61.1764705882353,0.3,1224.0,20.0,4.820069113844765e-05
KARIVEPAKU KARAM 250g AHA,120.0,0.3,240.0,2.0,9.45111590949954e-06
KARPURAVALLI BANANA,78.40491712707183,0.30000000000000004,80638.42,1028.6,0.0031755127257454413
KASOORI METHI PAPAD 200G EVR,75.0,0.3,375.0,5.0,1.4767368608593031e-05
KASURIMETHI 50G,35.27272727272727,0.3,3056.0,86.0,0.00012034420924762748
KEERA JUICE,40.0,0.3,720.0,18.0,2.835334772849862e-05
KESARI MANGO KG LOOSE,235.12702702702705,0.3000000000000001,146626.91,628.36,0.005774116341090655
KHUS KHUS 50G,122.37704918032787,0.3,9565.0,78.0,0.0003766663486431796
KIMIA DATES PLASTIC BOX 400G ORIGINAL,251.76923076923077,0.30000000000000004,23985.0,95.0,0.0009445208962056103
KIMJO KIMIA DATES 400g ELEPHANT,211.30256410256408,0.30000000000000004,13392.79,66.0,0.0005274033776732765
KINELY WATER 500ml,10.0,0.3,2650.0,265.0,0.00010435607150072409
KINLEY SODA 750ML,20.0,0.3,3460.0,173.0,0.00013625358769528504
KINLEY WATER 1Lt,20.0,0.3,1780.0,89.0,7.009577632878825e-05
KIRAN MELON,33.03901098901099,0.30000000000000004,384004.46,13239.4,0.015121961088436582
KISMIS GREEN 250g,185.0,0.3,1110.0,6.0,4.3711411081435374e-05
KNOOL COOL,45.71037037037037,0.30000000000000004,1078.2,23.93,4.2459138223426684e-05
KOBBARI KARAM 250g AHA,120.0,0.3,240.0,2.0,9.45111590949954e-06
KOBBARI VUNDALU 250g VELLANKI FOODS,132.11111111111111,0.3,16120.0,123.0,0.0006347999519213858
KODO MILLET ARIKALU 500G,75.0,0.3,2100.0,28.0,8.269726420812097e-05
KOTHIMEERA CORIANDER KARAM 100g VELLANKI FOODS,60.285714285714285,0.3,844.0,14.0,3.323642428174005e-05
KOVA KAJJIKAYALU 250g VELLANKI FOODS,182.12765957446808,0.30000000000000004,10040.0,55.0,0.0003953716822140641
KP MALABAR  PAROTA 5PC ID FRESH,104.93333333333334,0.3,18682.0,178.0,0.0007356906142552933
KURA KARAM 100g VELLANKI FOODS,60.0,0.3,840.0,14.0,3.307890568324839e-05
KURNOOL MURMURA 500g,80.6896551724138,0.30000000000000004,10948.0,136.0,0.0004311284040716707
Kashmir Comb Honey 500g BT,1170.0,0.3,11700.0,10.0,0.0004607419005881026
L G HING 50g,95.32727272727273,0.30000000000000016,6603.0,69.0,0.0002600238264601061
LAB LAB,85.07715846994536,0.30000000000000004,57499.51,681.53,0.002264310557289283
LADIES FINGER,54.19573770491803,0.30000000000000004,308770.39,5703.03,0.012159269772130742
LAKSHMAN FRUIT ANAND,429.0,0.3000000000000001,5111.97,11.91,0.00020130758748285153
LAL MICHI WITHOUT STEM 200G EVR,114.12790697674419,0.3,13840.0,121.0,0.0005450143507811402
LAL MIRCHI WITH STEM 200G EVR,102.94805194805195,0.3,9712.0,94.0,0.00038245515713774804
LANGADA MANGO KG LOOSE,214.0,0.3000000000000001,20394.18,95.32000000000001,0.0008031156627466556
LASSI 200ml MILKY MIST UHT ROSE,35.0,0.3,1120.0,32.0,4.410520757766452e-05
LASSI BLUBERRY 180ml MILKYMIST,33.4,0.3,1355.0,41.0,5.335942523904949e-05
LEAF ONION,74.3593956043956,0.30000000000000004,17179.96,231.71,0.0006765408053356905
LEMON,164.72650273224045,0.30000000000000004,282952.05,1700.1,0.011142552589085456
LEMON JUICE,20.0,0.3,300.0,15.0,1.1813894886874425e-05
LEMON PICKLE  250g AHA,75.0,0.3,825.0,11.0,3.248821093890467e-05
LEMON PICKLE 500g  AHA,150.0,0.3,450.0,3.0,1.7720842330311638e-05
LETTUCE RED ENG ITEM SAMBERRY,290.2,0.30000000000000004,275.15000000000003,0.95,1.0835310593744995e-05
LETTUCE ROCKET ARUGULA KG ENGLISH ITEM SAMBERRY,316.0,0.30000000000000004,36.66,0.12,1.4436579551760546e-06
LIME PICKLE 250g VELLANKI FOODS,101.11111111111111,0.3,1210.0,12.0,4.764937604372685e-05
LITTLE MILLET SAMELU 500g,98.5,0.3,2470.0,25.0,9.726773456859943e-05
LOBIA,46.72910112359551,0.30000000000000004,18712.45,407.08,0.0007368897245863111
LONG CHILLIES,76.20972375690607,0.30000000000000004,24464.83,315.46,0.0009634164334841735
LOTUS ECLAIRS  250G,50.0,0.3,300.0,6.0,1.1813894886874425e-05
LOTUS KAJOOS 13.5 G,4.922222222222222,0.30000000000000004,591.5,122.0,2.3293062751954073e-05
LOTUS TANGO 20G,5.81391304347826,0.3,987.7,177.0,3.88952799325529e-05
LOW GI RICE 1Kg AISHWARYA,120.0,0.3,720.0,6.0,2.835334772849862e-05
LOW GI RICE 5KG AISHWARYA,600.0,0.3,3000.0,5.0,0.00011813894886874425
LYCHEE LOCAL ANAND,462.3793333333333,0.3000000000000001,49892.05,107.83,0.001964731447968944
Lotus Stem SAMBERRY,284.0,0.30000000000000004,2846.25,10.02,0.0001120843277392211
MAAZA 600ML,42.0,0.30000000000000004,504.0,12.0,1.9847343409949035e-05
MAGAYA PICKLE 250GMS VELLANKI FOODS,141.66666666666666,0.3,2270.0,16.0,8.939180464401648e-05
MAIDA 1 KG,65.0,0.3,2275.0,35.0,8.958870289213105e-05
MAIDA 500g,40.0,0.3,1200.0,30.0,4.72555795474977e-05
MALGUDI COFFEE 200g 60 DEGREES CONTINENTAL,160.99714285714285,0.3000000000000001,1126.98,7.0,4.438007753203247e-05
MALGUDI COFFEE 200g 80 DEGREES CONTINENTAL,200.0,0.3,1000.0,5.0,3.937964962291475e-05
MALGUDI COFFEE 500g 80 DEGREE CONTINENTAL,399.5,0.30000000000000004,1598.0,4.0,6.292868009741777e-05
MALGUDI FILTER COFFEE 500g 60 DEGREE CONTINENTAL,360.0,0.3000000000000001,1800.0,5.0,7.088336932124655e-05
MALLIKA MANGO Kg LOOSE,146.29580645161292,0.30000000000000004,40468.19,278.05,0.0015936231430735426
MANGO AVAKAYA 250g  AHA,86.25,0.3000000000000001,1470.0,17.0,5.788808494568468e-05
MANGO AVAKAYA pPICKLE 500g AHA,175.0,0.3000000000000001,1050.0,6.0,4.1348632104060484e-05
MANGO BELLAM AVAKAI 250g AHA,90.0,0.3000000000000001,180.0,2.0,7.088336932124655e-06
MANGO GINGER,136.62800000000001,0.30000000000000004,2403.42,18.18,9.464583749670577e-05
MANGO JELLY ROLLS 250g VELLANKI FOODS,152.0212765957447,0.3,22480.0,148.0,0.0008852545235231235
MANGO JUICE,70.0,0.3,1190.0,17.0,4.686178305126855e-05
MANGO MAGAYA  250g AHA,100.0,0.3,1700.0,17.0,6.694540435895507e-05
MANGO MAGAYA 500g AHA,200.0,0.3,1000.0,5.0,3.937964962291475e-05
MANGO PICKLE 250G VELLANKI FOODS,119.8936170212766,0.3,7555.0,63.0,0.00029751325290112095
MARATHI MOGGA 50gms EVR,42.0,0.30000000000000004,210.0,5.0,8.269726420812098e-06
MAREDUKAYA KG LOOSE,129.0,0.30000000000000004,1176.74,9.120000000000001,4.6339608897268704e-05
MASALA KARAM 250g AHA,140.0,0.3,140.0,1.0,5.513150947208065e-06
MASALA PALLI 250GMS VELLANKI FOODS,150.83333333333334,0.3,20220.0,134.0,0.0007962565153753362
MASOOR DAL 500g,73.69565217391305,0.3,4360.0,59.0,0.0001716952723559083
MASTI BUTTER MILK 1Lt AMUL,70.0,0.3,840.0,12.0,3.307890568324839e-05
MASTI BUTTER MILK 200ml AMUL tetra,15.0,0.3,2625.0,175.0,0.00010337158026015122
MEDJOUL DATES LARGE FLYBERRY loose kgs,1979.9117857142858,0.3,39455.28,20.02,0.001553735102173996
MENTI BIG,113.62267759562842,0.30000000000000004,70809.16,614.62,0.0027884399108929103
METHI 100G,32.27272727272727,0.3,3275.0,101.0,0.0001289683525150458
MILK BREAD 350g SPENCERS GOLDEN CRUST NANDA,55.0,0.3,55.0,1.0,2.165880729260311e-06
MILK CHOCOLATE SMOOTH N CREAMY 150g AMUL,198.94736842105263,0.3,4160.0,21.0,0.00016381934243132537
MILK SHAKE CHOCOLATE 220ML MILKY MIST,39.88979591836735,0.3,9691.2,243.0,0.0003816360604255915
MILK SHAKE STRAWBERRY 180ML HERITAGE,20.0,0.3,1200.0,60.0,4.72555795474977e-05
MILK SHAKE STRAWBERRY 180ML MILKY MIST,39.88732394366197,0.3,5788.0,145.0,0.00022792941201743057
MILK SHAKE STRAWBERRY 180ml EPIGAMIA,39.95,0.3,9866.0,247.0,0.0003885196231796769
MILK SHAKE VANILA 180ml EPIGAMIA,40.0,0.3,3280.0,82.0,0.0001291652507631604
MILK SHAKE VANILLA 180ML MILKY MIST,40.0,0.3,2320.0,58.0,9.136078712516222e-05
MILKSHAKE CHOCOLATE 180ml EPIGAMIA,39.967785234899324,0.3,18150.4,454.0,0.000714756392515752
MILLET DOSA BATTER 1Kg DSL,120.0,0.3,480.0,4.0,1.890223181899908e-05
MILLET IDLY RAWA 500GMS SRI AHARYA,89.0,0.30000000000000004,1068.0,12.0,4.205746579727295e-05
MILLET MOONG MIX 250g VELLANKI,154.16666666666666,0.30000000000000004,10650.0,69.0,0.0004193932684840421
MILLETS UPMA RAWA 500GMS SRI AHARYA,89.0,0.3000000000000001,623.0,7.0,2.453352171507589e-05
MINI MEDJOUL FLYBERRY loose kgs,1248.235294117647,0.3,6517.84,5.2299999999999995,0.0002566702554982187
MINUTE MAID PULPY 250 ML,25.0,0.3,2825.0,113.0,0.00011124751018473417
MISHTI DAHI 80g  EPIGAMIA,35.0,0.3,3920.0,113.0,0.00015436822652182582
MIXED SPROUTS ANAND,30.0,0.3,53400.0,1780.0,0.0021028732898636477
MIXTURE 250g VELLANKI FOODS,145.88518518518518,0.3,37369.5,257.0,0.0014715978165835127
MODERN  CRUST PIZZA BASE 150g,35.0,0.3,210.0,6.0,8.269726420812098e-06
MODERN 100% WHOLE WHEAT BREAD 400G,55.0,0.3,10450.0,191.0,0.00041151733855945914
MODERN BANANA PUDDING  CAKE 140g,60.0,0.3,1980.0,33.0,7.79717062533712e-05
MODERN BURGER BUN,45.0,0.3000000000000001,630.0,14.0,2.480917926243629e-05
MODERN CHOCO CHEER CAKE 120g,35.0,0.3,4375.0,125.0,0.00017228596710025203
MODERN FRUIT & NUT CAKE 140g,60.0,0.3,3660.0,61.0,0.00014412951761986798
MODERN HI FIBER  BROWN BREAD 400g,55.0,0.3,5335.0,98.0,0.0002100904307382502
MODERN MILK PLUS BREAD 450g,55.0,0.3,9790.0,178.0,0.0003855267698083354
MODERN SANDWICH SUPREME BREAD 400g,55.0,0.3,5830.0,106.0,0.000229583357301593
MODERN WOW PAV 200g,30.0,0.3,1890.0,63.0,7.442753778730888e-05
MODREN FRUITY BREAD 200G,30.0,0.3,3000.0,100.0,0.00011813894886874425
MOONG DAL 500G,80.0,0.3,8960.0,112.0,0.0003528416606213162
MOONG DAL1kg,160.0,0.3,11200.0,70.0,0.0004410520757766452
MOONG GREEN 500g,88.18855421686746,0.3000000000000001,11338.94,129.0,0.000446523484295253
MOONGDAL RICE RAWA 500G AISHWARYA,70.0,0.3,70.0,1.0,2.7565754736040326e-06
MOUSAMBI,82.82203296703297,0.30000000000000004,137279.59,1680.51,0.005406022154577392
MOUSAMBI JUICE,90.0,0.3000000000000001,9900.0,110.0,0.000389858531266856
MOZZARELLA CHEESE 200g MILKY MIST,168.0,0.3000000000000001,4370.0,26.0,0.00017208906885213745
MUKHWAS TINIMINI KG FLYBERRY,310.0,0.3,907.0600000000001,2.93,3.5719704986961056e-05
MULAGAKU KARAM 100g VELLANKI FOODS,68.36363636363636,0.30000000000000004,888.0,13.0,3.49691288651483e-05
MULBERY BOX PACK ANAND,84.0,0.30000000000000004,13020.0,155.0,0.0005127230380903501
MULTIGRAIN HEALTH MIX 500GMS SRI AHARYA,159.0,0.30000000000000004,954.0,6.0,3.756818574026067e-05
MUNAGAKU KARAM 250g AHA,120.0,0.3,240.0,2.0,9.45111590949954e-06
MURUKULU 250g VELLANKI FOODS,150.89175675675676,0.3,44517.89,299.0,0.0017530989101514603
MUSK MELON - H,45.93626373626373,0.30000000000000004,67430.56,1538.89,0.0026553918266769305
MUSK MELON - LOCAL,65.33045454545454,0.30000000000000004,5133.32,78.91,0.00020214834300230075
MUSK MELON JUICE,50.0,0.3,4000.0,80.0,0.000157518598491659
MUSTARD BIG 200g,42.083333333333336,0.3,2440.0,58.0,9.6086345079912e-05
MUSTARD OIL 1Lt. MESMARA,599.0,0.3000000000000001,4792.0,8.0,0.0001887072809930075
MUSTARD SMALL 200g,47.43636363636364,0.3,2916.0,62.0,0.00011483105830041941
MYSORE PAK 250g HARD VELLANKI FOODS,147.22222222222223,0.3,11625.0,79.0,0.00045778842686638397
Mango Juices,80.0,0.3,560.0,7.0,2.205260378883226e-05
Mango Milk Shake,60.0,0.3,60.0,1.0,2.362778977374885e-06
Moosambi Economy,49.0,0.30000000000000004,106.53,2.17,4.195114074329109e-06
NAGPUR ORANGE,142.528,0.30000000000000004,86418.26,598.51,0.0034031207998219486
NAGPUR ORANGE JUICE,88.94736842105263,0.3000000000000001,3090.0,36.0,0.00012168311733480658
NALLA KARAM 100g VELLANKI FOODS,62.0,0.30000000000000004,434.0,7.0,1.7090767936345e-05
NALLA KARAM 250g AHA,120.0,0.3,480.0,4.0,1.890223181899908e-05
NANDA CREAM BUN VANILLA 60g,15.0,0.3,2010.0,134.0,7.915309574205864e-05
NANDA CRM BUN CHOCOLATE 60g,15.0,0.3,1485.0,99.0,5.847877969002841e-05
NANDA CRM BUN PINEAPPLE 60g,15.0,0.3,1365.0,91.0,5.3753221735278635e-05
NANDA MUFFIN FRUIT 240g,73.67673913043478,0.3,6427.25,87.0,0.00025310285303887885
NANDA MUFFIN VANILLA 240g,73.6,0.3,7187.0,97.0,0.00028302154183988833
NANDA OSMANIA COOKIES 300g,70.80928571428572,0.3,10148.64,143.0,0.00039964988734909754
NANDAS Mr BREADRY ZERO MAIDA 450g,60.0,0.3,180.0,3.0,7.088336932124655e-06
NARINJAAKAYA KG LOOSE,114.0,0.30000000000000004,459.65,4.03,1.8100855949172763e-05
NATU DONDAKAI,54.05841530054645,0.30000000000000004,39005.01,743.5,0.0015360036273382861
NATURAL BROWN SUGAR 1Kg JIVIKA ORGANICS,155.0,0.3,4030.0,26.0,0.00015869998798034645
NATURAL COW GHEE 500ml JIVIKA ORGANICS,499.0,0.3000000000000001,2994.0,6.0,0.00011790267097100677
NATURAL CURD 450g SIDS FARM,50.090494505494505,0.3,53340.0,1067.0,0.002100510510886273
NATURAL ROCK SALT 1Kg JIVIKA ORGANICS,114.0625,0.3,9680.0,85.0,0.0003811950083498148
NATURAL THICK CURD  POUCH 400 GMS ID FRESH,48.32727272727273,0.3,4642.0,97.0,0.00018280033354957026
NATURAL THICK CURD CUP 400g ID FRESH,78.33333333333333,0.3,1100.0,14.0,4.3317614585206225e-05
NAVARATAN MIXTURE 250g VELLANKI FOODS,156.4,0.3,21785.0,139.0,0.0008578856670351979
NEELAM MANGO Kg LOOSE,144.61105263157896,0.30000000000000004,57965.95,382.65,0.0022826788010593953
NETHI BHERAKAI,58.45363095238095,0.30000000000000004,19950.29,341.48,0.00078563543007554
NUTMEG 50G,80.0,0.3,2480.0,31.0,9.766153106482859e-05
NUTRI+ WITH IMMUNITY BOOSTERS - 30 EGGS TRAY ABHI EGGS,395.0,0.3,22910.0,58.0,0.000902187772860977
NUTRI+ WITH IMMUNITY BOOSTERS - 6 EGGS PACK ABHI EGGS,84.0,0.30000000000000004,8064.0,96.0,0.00031755749455918456
NUVULA KARAM FLYBERRY,550.0,0.3,31.9,0.06,1.2562108229709806e-06
NUVVULA CHIKKI 250g VELLANKI FOODS,156.23595505617976,0.3,23915.0,153.0,0.0009417643207320063
NUVVUNDALU 250g VELLANKI FOODS,157.25352112676057,0.3,12280.0,78.0,0.0004835820973693931
OKRA CHIPS VACUUM FRIED 20g FLYBERRY,49.0,0.30000000000000004,196.0,4.0,7.718411326091292e-06
OLIVE OIL 1LTR MESMARA,999.0,0.30000000000000004,2997.0,3.0,0.00011802080991987551
OMANI SEEDLESS 250g FLYBERRY,148.8709677419355,0.30000000000000004,5211.0,35.0,0.00020520735418500877
ONION,33.289781420765024,0.30000000000000004,443523.94,13298.94,0.017465817356574664
ONION WHITE,45.54860465116279,0.3000000000000001,3798.56,84.43,0.00014958596187161904
ORANGE DRAGES KG LOOSE FLYBERRY,2599.0,0.30000000000000004,322.28,0.12,1.2691273480472964e-05
ORANGE JUICE,120.0,0.3,120.0,1.0,4.72555795474977e-06
ORGANIC CURD. 1KG TUB AKSHAYAKALPA,155.0,0.3,12555.0,81.0,0.0004944115010156947
ORGANIC GREEK YOGHURT NATURAL 100g AKSHAYAKALPA,60.0,0.3,2940.0,49.0,0.00011577616989136936
ORGANIC MALAI PANEER 200g AKSHAYAKALPA,139.85593220338984,0.3,32593.0,233.0,0.0012835009201596604
ORGANIC- CHEESE SLICES AKSHAYAKALPA,120.0,0.3,2160.0,18.0,8.506004318549586e-05
ORGANIC-PROBIOTIC CURD AKSHAYAKALPA,55.0,0.3,15675.0,285.0,0.0006172760078391888
OUTSIDE YELLOW MELON Kg,39.9,0.30000000000000004,6451.6,161.7,0.0002540617475071968
PALAK GREEN,89.54104395604395,0.30000000000000004,163396.09,1811.05,0.006434480773954245
PALLI GROUND NUT KARAM 100g VELLANKI FOODS,64.8695652173913,0.30000000000000004,1628.0,25.0,6.411006958610521e-05
PALLI PEANUT CHIKKI 250g VELLANKI FOODS,150.8843537414966,0.3,45715.0,303.0,0.0018002406825115478
PALLI PEANUT VUNDALU 250g VELLANKI FOODS,150.95238095238096,0.3,12400.0,82.0,0.0004883076553241429
PANASA POTTU,80.28169014084507,0.3,6240.0,97.6,0.00024572901364698803
PANDU MIRAPAKAI PICKLE 500g AHA,175.0,0.3000000000000001,525.0,3.0,2.0674316052030242e-05
PANDUMIRAPAKAYA 250g PICKLE AHA,90.0,0.3000000000000001,1170.0,13.0,4.6074190058810256e-05
PANEER 200G HERITAGE,116.47807909604519,0.3000000000000001,163385.4,1407.0,0.006434059805499775
PANEER 200G ID FRESH,133.1818181818182,0.3,39895.0,299.0,0.001571051121706184
PANEER 200g SINGLE BLOCK MILKY MIST,127.94406779661017,0.30000000000000004,35820.2,280.0,0.0014105869254227308
PANEER 500G HERITAGE,275.13815668202767,0.3,123009.96,447.0,0.0048440891249287585
PANEER 500g MILKY MIST,319.1304347826087,0.3,7660.0,24.0,0.000301648116111527
PAPPAYA,59.740109289617486,0.30000000000000004,223167.08,3768.19,0.008788241417768985
PAPPAYA JUICE,50.0,0.3,1550.0,31.0,6.103845691551787e-05
PARSLEY PACK,50.0,0.3,50.0,1.0,1.9689824811457375e-06
PARVAL,78.16464968152866,0.30000000000000004,26222.33,349.78,0.0010326261676964462
PASTEURISED BUTTER 100g AMUL,61.39622641509434,0.30000000000000004,5954.0,97.0,0.00023446643385483442
PASUPU KOMMULU,183.64474074074076,0.30000000000000004,6793.03,37.29,0.0002675071412779486
PEANUT OIL 1LT COLD PRESSED JIVIKA ORGANICS,490.0,0.3,9800.0,20.0,0.00038592056630456454
PERI PERI CASHEW FLYBERRY,1775.0,0.3,575.0999999999999,0.33,2.2647236498138268e-05
PERSIMMON FRUIT,746.5,0.30000000000000004,4298.29,5.8,0.00016926515417767823
PGB SOYA CHUNKS 200G MEDIUM,70.0,0.3,1260.0,18.0,4.961835852487258e-05
PGB SOYA CHUNKS SMALL 200G,70.0,0.3,1400.0,20.0,5.513150947208065e-05
PHOOL MAKHANA 250g,0.0,,0.0,1.0,0.0
PINE APPLE,93.65905027932962,0.30000000000000004,66681.0,706.0,0.0026258744165055786
PINE APPLE JUICE,100.0,0.3,6900.0,70.0,0.0002717195823981118
PINK LADY APPLE,367.50757763975156,0.30000000000000004,236727.24,648.13,0.009322235767399649
PISTA FLAVOURED MILK 200ML HERITAGE,30.0,0.3,7080.0,236.0,0.00027880791933023645
PISTA GREEN SHELLED KG FLYBERRY,3097.3214285714284,0.3,27287.05,10.14,0.0010745544682429558
PLAIN BUTTER MILK 200ML UHT AKSHAYA KALPA,29.680851063829788,0.3,6330.0,212.0,0.0002492731821130504
PLAIN CUP PAPAD 200G EVR,52.0,0.30000000000000004,468.0,9.0,1.8429676023524102e-05
PLUMS LOCAL BOX ANAND,70.9090909090909,0.30000000000000004,3554.0,50.0,0.00013995527475983902
POHA MEDIUM 500g,54.36184210526316,0.3,11552.25,212.0,0.00045492355735631695
POKCHOY LEAF SAMBERRY,229.28571428571428,0.30000000000000004,1061.06,4.66,4.178417102888992e-05
POMEGRANATE CANE,100.0,0.3,500.0,5.0,1.9689824811457375e-05
POMEGRANATE JUICE,180.0,0.3000000000000001,12420.0,69.0,0.0004890952483166012
POMEGRANATE SEEDS,99.0,0.30000000000000004,1089.0,11.0,4.288443843935416e-05
PONAGANTI KURA,70.63070921985816,0.30000000000000004,7518.32,107.18,0.0002960688073529524
POOJA GINGELLY OIL 1LTR,270.0,0.3,5940.0,22.0,0.00023391511876011363
POOJA OIL 500ML,139.0,0.30000000000000004,3892.0,28.0,0.00015326559633238422
POOJA PATRI PACK,33.0,0.30000000000000004,1947.0,59.0,7.667217781581502e-05
POPU SEEDS LOOSE,100.0,0.3,100.0,1.0,3.937964962291475e-06
POTATO,49.11601092896175,0.30000000000000004,487956.76,9951.98,0.019215566239932702
POTATO CHIPS 200G EVR,68.0,0.3000000000000001,680.0,10.0,2.677816174358203e-05
PREMIUM FREEZE DIRED COFFEE 50gm JAR CONTINENTAL,300.0,0.3,1200.0,4.0,4.72555795474977e-05
PREMIUM MILK BREAD 400g SPENCERS AKSHAYA  FOODS,55.0,0.3,43120.0,784.0,0.001698050491740084
PREMIUM SANDWICH BREAD 400g SPENCERS AKSHAYA FOODS ENGLISH RECIPE,55.0,0.3,5555.0,101.0,0.00021875395365529142
PRM BROWN BREAD 400g MR BREADY NANDAS,55.0,0.3,2145.0,39.0,8.446934844115215e-05
PRM CHITTIMUTYALU RICE 1KG GAJANAN,170.0,0.3000000000000001,850.0,5.0,3.3472702179477534e-05
PRM HMT RAW RICE 26KG BAG GAJANAN,1808.5454545454545,0.30000000000000004,43428.0,24.0,0.0017101794238239417
PRM HMT RICE 26KG BAG GAJANAN,1642.0,0.3,8210.0,5.0,0.0003233069234041301
PROSO MILLET VARIGALU 500g,150.0,0.3,3750.0,25.0,0.0001476736860859303
PUDHINA,63.56256830601093,0.30000000000000004,35355.33,556.6,0.0013922805077025266
PULIHORA PASTE 250G VELLANKI FOODS,115.88235294117646,0.3,2665.0,23.0,0.00010494676624506781
PUMPKIN,37.52895604395604,0.30000000000000004,47868.92,1242.06,0.0018850612974273362
PUMPKIN SEEDS KG FLYBERRY,1096.9522826086957,0.3,23855.56,21.79,0.0009394235943584202
PURE O FRESH EGGS 30 pack,249.64022346368714,0.3,196234.74,787.0,0.007727655305043774
PURE O FRESH EGGS 6 PACK,53.97362637362638,0.30000000000000004,100072.8,1855.0,0.003940831800784023
PUTNALU KOBBARIKARAM 250g AHA,120.0,0.3,360.0,3.0,1.417667386424931e-05
Pomogranate Pack of 4,229.69230769230768,0.30000000000000004,29393.0,127.0,0.0011574860413663332
QUINOA SEEDS KGS FLYBERRY,465.0,0.3,55.8,0.12,2.197384448958643e-06
RAGI FLOUR 500G,48.05102040816327,0.3,8124.0,169.0,0.0003199202735365594
RAGULU 500g,45.0,0.3000000000000001,3240.0,72.0,0.0001275900647782438
RAISIN N ALMOND 150G CHOCOLATE AMUL,250.0,0.3,2750.0,11.0,0.00010829403646301557
RASAM PODI 100g VELLANKI FOODS,60.4,0.3,728.0,12.0,2.8668384925481938e-05
RAW BANANA(GREEN PLANTIN),60.39715846994536,0.30000000000000004,128694.31999999999,2133.14,0.00506793723005927
RAW HONEY 500g BT ROYAL BEE PON,380.0,0.3,1140.0,3.0,4.489280057012282e-05
RAW HONEY 950G BT ROYAL BEE PON,720.0,0.3000000000000001,2160.0,3.0,8.506004318549586e-05
RAW MANGO,63.12169398907104,0.30000000000000004,61097.94,999.98,0.0024060154698818683
RAW PEANUT 1KG,169.80180180180182,0.3000000000000001,29674.0,175.0,0.0011685517229103723
RAW PEANUT500g,90.17553191489361,0.3000000000000001,24895.5,280.0,0.0009803760671872742
RED BANTHI POOLU KGS LOOSE,179.0,0.3,1451.33,8.11,5.7152866887224864e-05
RED BULL CAN 250ml,125.0,0.3,3000.0,24.0,0.00011813894886874425
RED CHERRY FLYBERRY,589.4242622950819,0.3,5771.13,9.78,0.000227265077328292
RED CHILLI PAPAD 200G EVR,68.0,0.3000000000000001,408.0,6.0,1.6066897046149217e-05
RED CHILLI PICKLE 250G VELLANKI FOODS,120.83333333333333,0.3,2295.0,19.0,9.037629588458935e-05
RED LOBIYA 500g,94.75,0.30000000000000004,4270.0,45.0,0.00016815110388984598
RED RAJMA 500g,100.0,0.3,4900.0,49.0,0.00019296028315228227
RED RICE 1KG,107.3,0.3,1183.0,11.0,4.6586125503908146e-05
RED SEEDLESS GRAPES,436.0,0.30000000000000004,122.95,0.28,4.841727921137369e-06
REDCHILLY,56.0,0.3000000000000001,33.49,0.6,1.318824465871415e-06
RIBBON PAKODI 250g VELLANKI FOODS,141.96850393700788,0.3,32950.0,232.0,0.001297559455075041
RICE FLOUR 500G,47.94871794871795,0.3,6495.0,135.0,0.0002557708243008313
RICE RAVA IDLY BATTER 1KG ID FRESH,93.13725490196079,0.3,6175.0,66.0,0.00024316933642149857
RICE RAWA 500g,40.0,0.3,3320.0,83.0,0.00013074043674807698
RIDGE GOURD,57.335464480874315,0.30000000000000004,368571.19,6459.72,0.014514204323300741
ROASTED CHANA 200G,50.0,0.3,500.0,10.0,1.9689824811457375e-05
ROASTED SALTED ALMOND  KGS FLYBERRY,1650.0,0.3,174.9,0.11,6.88750071904779e-06
ROASTED SALTED PISTA KG FLYBERRY,1899.6560273972605,0.3,27159.99,14.81,0.0010695508899618684
ROMAIN LETTUCE KG ENGISH ITEM SAMBERRY,254.0,0.30000000000000004,2468.75,9.71,9.721851000657079e-05
ROSE FLOWER POOLU KG LOOSE,436.0,0.30000000000000004,942.63,2.16,3.712043912404813e-05
ROSE LONG BRINJAL,62.16060109289617,0.30000000000000004,111942.42,1768.41,0.0044082532775411645
ROUND CHEKKALU 250g VELLANKI FOODS,160.0,0.3,160.0,1.0,6.30074393966636e-06
RUBUSTA BANANA,46.84483516483517,0.30000000000000004,204084.65,4351.04,0.008036782010415189
RUMANI MANGO KG LOOSE,89.39076923076922,0.30000000000000004,1788.97,20.04,7.04490117859058e-05
Raw Forest Honey 1000g BT,693.0,0.3000000000000001,5544.0,8.0,0.00021832077750943938
Raw Forest Honey 500g BT,369.0,0.3,8118.0,22.0,0.00031968399563882195
Raw Jamun Honey 1000g BT,756.0,0.3000000000000001,3780.0,5.0,0.00014885507557461775
Raw Jamun Honey 500g BT,396.0,0.30000000000000004,3168.0,8.0,0.00012475473000539392
Raw Neem Honey 1000g BT,756.0,0.3000000000000001,3024.0,4.0,0.0001190840604596942
Raw Neem Honey 500g BT,396.0,0.30000000000000004,3960.0,10.0,0.0001559434125067424
Raw Pappaya,48.70214285714286,0.3000000000000001,1678.86,34.45,6.611291856592666e-05
Red Banana,123.74572368421052,0.30000000000000004,23570.56,190.12,0.0009282003942158895
Royalaga Pack of 4,148.05042016806723,0.3000000000000001,27061.0,182.0,0.001065652698445696
SABJA SEEDS KG FLYBERRY,530.0,0.3,3184.2400000000002,6.0,0.00012539425551527007
SABUDANA 250g,42.121212121212125,0.30000000000000004,4110.0,98.0,0.0001618503599501796
SAFFLOWER OIL 1Lt. COLD PRESSED MESMARA,540.0,0.3,3240.0,6.0,0.0001275900647782438
SAMBAR ONION CHENNAI,96.0,0.3000000000000001,846.72,8.82,3.3343536928714376e-05
SAMBAR PODI 100g VELLANKI FOODS,60.53333333333333,0.3,1392.0,23.0,5.481647227509733e-05
SAMBAR Â ONION,39.22586666666667,0.30000000000000004,14163.039999999999,362.21999999999997,0.0005577355527953265
SANNAPOOSA 250g VELLANKI FOODS,141.9387755102041,0.3,20310.0,143.0,0.0007998006838413986
SAUNF 100gm EVR,45.0,0.3000000000000001,225.0,5.0,8.860421165155819e-06
SESAME OIL 1Lt COLD PRESSED JIVIKA ORGANICS,525.0,0.3,9450.0,18.0,0.0003721376889365444
SET CURD 1kg BUCKET MILKY MIST,120.0,0.3,24120.0,201.0,0.0009498371489047038
SET CURD 200g MILKY MIST,33.0,0.30000000000000004,2178.0,66.0,8.576887687870833e-05
SET CURD 400g MILKY MIST,65.0,0.3,4355.0,67.0,0.00017149837410779372
SHAH JEERA 50g,84.0506329113924,0.30000000000000004,9960.0,119.0,0.0003922213102442309
SHRIKAND ELAICHI 100g MILKY MIST,45.0,0.3000000000000001,630.0,14.0,2.480917926243629e-05
SHRIKAND MANGO 100g MILKY MIST,45.0,0.3000000000000001,855.0,19.0,3.366960042759211e-05
SID FARMS MALAI PANEER 200g,121.44273885350317,0.3,47993.0,395.0,0.0018899475243525476
SIMLA APPLE,210.63451612903225,0.3000000000000001,29255.1,142.4,0.0011520555876833333
SINGLE POLISH RICE 1Kg,80.0,0.3,3840.0,48.0,0.00015121785455199263
SINGLE POLISH RICE 5Kg,395.0,0.3,15405.0,39.0,0.0006066435024410017
SKYR YOGHURT 100g MILKYMIST,60.0,0.3,2280.0,38.0,8.978560114024564e-05
SMALL AMLA,118.72,0.3,354.14,3.13,1.3945909117459029e-05
SMALL CAPSICUM,88.33684684684684,0.30000000000000004,21541.67,250.42,0.000848303416892454
SNAKE GOURD,70.84314285714285,0.30000000000000004,30806.8,433.94,0.00121316099000321
SOAN PATTI 250g VELLANKI FOODS,176.95652173913044,0.3000000000000001,4245.0,24.0,0.00016716661264927311
SONA MASURI TELANGANA STEAM RICE 26KG GAJANAN,1550.0,0.3,7750.0,5.0,0.00030519228457758933
SOYA CHUNKS MEDIUM 200G EVR,56.91011235955056,0.3,6485.0,115.0,0.00025537702780460214
SOYA CHUNKS SMALL 200G EVR,41.99125,0.30000000000000004,5247.9,125.0,0.0002066604632560943
SOYAKURA,69.36206896551724,0.30000000000000004,1401.56,20.21,5.5192941725492397e-05
SPECIAL  LONG LIFE MILK 500ML HERITAGE,34.130434782608695,0.30000000000000004,25423.0,747.0,0.0010011488323633617
SPECIAL LONG LIFE COW MILK 180ML HERITAGE,12.488867924528302,0.30000000000000004,7878.39,634.0,0.00031024823779267536
SPECIALE COFFEE 200g JAR CONTINENTAL,749.0,0.30000000000000004,749.0,1.0,2.949535756756315e-05
SPICE ALMOND DRAGEE KG LOOSE FLYBERRY,2199.0,0.30000000000000004,373.83,0.17,1.472129441853422e-05
SPICE BUTTER MILK 200ml UHT AKSHAYA KALPA,30.0,0.3,8430.0,281.0,0.00033197044632117133
SPICED TARO CHIPS 30g FLYBERRY GOURMET,99.0,0.30000000000000004,99.0,1.0,3.89858531266856e-06
SPICY ALOO CHIPS 100g VELLANKI FOODS,63.771929824561404,0.3,14325.0,227.0,0.0005641134808482538
SPRITE 600ML,40.0,0.3,480.0,12.0,1.890223181899908e-05
SPRITE PET  250ML,20.0,0.3,2360.0,119.0,9.293597311007881e-05
SPROUTED RAGI FLOUR 500GMS SRI AHARYA,69.0,0.3000000000000001,552.0,8.0,2.173756659184894e-05
SRI DIVYA DEEPARDHANA OIL 910 ML,190.0,0.3,380.0,2.0,1.4964266856707605e-05
SRI LALITHA BROWN RICE 5KG SONAMASOORI,415.0,0.3,830.0,2.0,3.2685109187019245e-05
SRI LALITHA HMT RICE 10KG,890.0,0.3,3560.0,4.0,0.0001401915526575765
SRI LALITHA HMT RICE 26KG,1670.0,0.3,1670.0,1.0,6.576401487026763e-05
SRI LALITHA IDLY RAVA 1KG,60.0,0.3,600.0,10.0,2.362778977374885e-05
STAR FRUIT,89.0,0.30000000000000004,1068.0,12.0,4.205746579727295e-05
STAR PAPAD 200G EVR,48.0,0.3000000000000001,384.0,8.0,1.5121785455199264e-05
STRAWBERRY FLAVOURED MILK 180ML HERITAGE,28.978070175438596,0.30000000000000004,7336.0,254.0,0.00028888910963370263
STRAWBERRY LOCAL ANAND BOX,74.0,0.30000000000000004,518.0,7.0,2.039865850466984e-05
SUGAR 1 KG,52.962406015037594,0.30000000000000004,11764.0,223.0,0.0004632621981639691
SUGAR 2 KG,99.0,0.30000000000000004,3960.0,40.0,0.0001559434125067424
SUGAR CANE PACK,28.0,0.3000000000000001,2632.0,94.0,0.00010364723780751162
SUGAR FREE DARK CHOCOLATE 150g AMUL,200.0,0.3,4000.0,20.0,0.000157518598491659
SUN MELON YELLOW,36.0,0.30000000000000004,46.73,1.3,1.8402110268788062e-06
SUNFLOWER OIL 1LT COLD PRESSED MESMARA,542.5714285714286,0.3,8145.0,15.0,0.00032074724617864065
SUNFLOWER OIL 1Lt COLD PRESSED JIVIKA ORGANICS,460.0,0.3,11040.0,24.0,0.00043475133183697883
SUNFLOWER OIL COLDPRESSED 5L MESMARA,2690.0,0.3000000000000001,2690.0,1.0,0.00010593125748564068
SUNFLOWER SEEDS KG FLYBERRY,950.0,0.3,12082.1,12.73,0.0004757888647090183
SWEET ALMOND OIL100ML MESMARA,449.0,0.3000000000000001,1347.0,3.0,5.304438804206617e-05
SWEET CORN,14.774699453551912,0.30000000000000004,102729.3,7012.0,0.0040454438400072965
SWEET CORN SEED,50.0,0.3,20500.0,410.0,0.0008072828172697524
SWEET POTATO,58.00601092896175,0.30000000000000004,130210.12,2245.13,0.005127628902957684
Small Bitter Gourd,66.33224489795919,0.30000000000000004,26423.58,414.24,0.0010405513221830578
Snake Gourd Small,40.25,0.3000000000000001,79.6,2.01,3.134620109984014e-06
TABLE BUTTER 100g HERITAGE,60.25974025974026,0.30000000000000004,7228.0,120.0,0.0002846361074744278
TABLE BUTTER 500G HERITAGE,261.875,0.3,2095.0,8.0,8.25003659600064e-05
TABLE BUTTER CHIPLITE MILKY MIST,77.83411764705882,0.3000000000000001,4437.54,57.0,0.00017474877038766912
TABLE BUTTER SALTED 100g MILKY MIST,74.61111111111111,0.30000000000000004,1718.0,23.0,6.765423805216754e-05
TABLE BUTTER SALTED 200G MILKY MIST,145.5,0.30000000000000004,1895.0,13.0,7.462443603542345e-05
TAMARIND 500g,115.96774193548387,0.3,11245.0,97.0,0.0004428241600096764
TAMARIND PICKLE 250g AHA,90.0,0.3000000000000001,810.0,9.0,3.189751619456095e-05
TAMARIND PICKLE 500g AHA,175.0,0.3000000000000001,175.0,1.0,6.891438684010081e-06
TAMARIND PICKLE250G VELLANKI FOODS,110.0,0.3,220.0,2.0,8.663522917041245e-06
TAMARIND SEEDLESS 500g SRI SIVA RUDRA EVR,157.636,0.30000000000000004,17571.75,112.0,0.0006919693582614523
TAPESWARAM KAJA 250g VELLANKI FOODS,142.0,0.3,14340.0,101.0,0.0005647041755925975
TATA IODISED CRYSTAL SALT 1KG,22.0,0.30000000000000004,440.0,20.0,1.732704583408249e-05
TATA SALT 1KG,29.98469387755102,0.3,4378.5,146.0,0.00017242379587393224
TEENDA,95.3157894736842,0.30000000000000004,1501.77,16.04,5.913917641420469e-05
TELANGANA CHEKKALU 250g  VELLANKI FOODS,131.4875,0.3,55106.0,419.0,0.00217005497212034
THADKA MIX POPU DINUSULU 200G,48.0,0.3000000000000001,48.0,1.0,1.890223181899908e-06
THAI RED CHILLI KG ENGLISH ITEM SAMBERRY,930.0,0.3,561.72,0.61,2.2120336786183673e-05
THAMALAPAKULU,1.0,0.30000000000000004,155.0,155.0,6.103845691551787e-06
THIS CREAMY CARAMEL 18G CONTINENTAL,10.0,0.3,150.0,15.0,5.9069474434372126e-06
THIS CREAMY COFFEE MOCHA 22g CONTINENETAL,36.666666666666664,0.3,950.0,25.0,3.741066714176901e-05
THIS IS CAPPUCCINO 22g CONTINENTAL,30.0,0.3,150.0,5.0,5.9069474434372126e-06
THIS IS CARAMEL CREAMY COFFEE22g CONTINENTAL,30.0,0.3,300.0,10.0,1.1813894886874425e-05
THOTAPURI MANGO,81.54019230769231,0.3000000000000001,34772.34,502.01,0.0013693225657688633
THREE MANGO MIRCHI  PWD 500G,374.4,0.3000000000000001,5232.0,14.0,0.00020603432682708998
THREE MANGO MIRCHI PWD 200G,145.0,0.3,290.0,2.0,1.1420098390645277e-05
THREE MANGO RAI PWD 200G,42.0,0.30000000000000004,126.0,3.0,4.961835852487259e-06
THREE MANGO RAI PWD 500G,68.66666666666667,0.30000000000000004,309.0,4.0,1.2168311733480657e-05
THUMMIKURA,99.0,0.30000000000000004,279.97,2.83,1.1025120504927443e-05
THUMS UP  600ml PET BOTTLE,40.0,0.3,360.0,9.0,1.417667386424931e-05
THUMS UP 1.25L,68.0,0.3000000000000001,68.0,1.0,2.677816174358203e-06
THUMS UP 1Lt PET BOTTLE,50.0,0.3,600.0,12.0,2.362778977374885e-05
THUMS UP 250ML,20.0,0.3,4220.0,211.0,0.00016618212140870025
TIL 100G,39.30555555555556,0.30000000000000004,4755.0,121.0,0.00018725023395695962
TNS DATES 200g,90.0,0.3000000000000001,450.0,5.0,1.7720842330311638e-05
TOFU PANEER 200g SAI RATNA FOODS,43.88833333333333,0.30000000000000004,750.5,17.0,2.955442704199752e-05
TOMATO (APPLE) hybrid,58.73517857142857,0.30000000000000004,29094.51,520.95,0.0011457316097503894
TOMATO LOCAL,41.222131147540985,0.30000000000000004,815238.32,19317.54,0.03210379940077365
TOMATO PICKLE  250g AHA,90.0,0.3000000000000001,1440.0,16.0,5.670669545699724e-05
TOMATO PICKLE  500g AHA,175.0,0.3000000000000001,525.0,3.0,2.0674316052030242e-05
TOMATO PICKLE 250G VELLANKI FOODS,119.0,0.3,1190.0,10.0,4.686178305126855e-05
TONED MILK 500ml HERITAGE,31.302039800995026,0.30000000000000004,401154.05,14652.0,0.015797305933813226
TOOR  DAL FATKA POLISHED 1kg,160.8804347826087,0.3,23307.0,145.0,0.000917821493761274
TOOR DAL PRM UNPOLISHED FATKA 1KG,164.89361702127658,0.3000000000000001,24365.0,147.0,0.0009594851630623179
TOP MILLET ANDU KORRALU 500G,150.0,0.3,3600.0,24.0,0.0001417667386424931
TOTAL CURD 120GMS HERITAGE,10.0,0.3,19790.0,1979.0,0.0007793232660374829
TRIANGLE PAPAD 200G EVR,48.0,0.3000000000000001,432.0,9.0,1.7012008637099173e-05
TURNIPS KG ENGLISH ITEM SAMBERRY,0.0,,0.0,0.35,0.0
TUTTI FRUITY KG FLYBERRY,330.0,0.3000000000000001,467.94,1.42,1.8427313244546728e-05
Thotakura,63.87945355191257,0.30000000000000004,50208.8,782.36,0.001977204951987002
Tulsi Infused Honey 250g BT,288.0,0.30000000000000004,5184.0,18.0,0.00020414410364519008
Tulsi Infused Honey 500g BT,540.0,0.3,1080.0,2.0,4.253002159274793e-05
UHT BUTTER MILK 180ML MILKY MIST,20.0,0.3,3260.0,163.0,0.00012837765777070208
ULAVACHARU 250g HASSTA,102.87919463087249,0.30000000000000004,38286.0,372.0,0.0015076892654629142
URAD BLACK SPLIT 500g,85.0,0.3000000000000001,935.0,11.0,3.681997239742529e-05
URAD BLACK WHOLE 500G,85.0,0.3000000000000001,1020.0,12.0,4.016724261537305e-05
URAD DAL UNPOLISHED 500g,90.0,0.3000000000000001,4950.0,55.0,0.000194929265633428
URAD ROUND UN POLISHED 1kg,163.20192307692307,0.3000000000000001,17019.75,104.0,0.0006702317916696033
USA FUJI APPLE,419.00348066298346,0.30000000000000004,305790.4,731.18,0.012041918810050952
VAAKKAI,95.93319444444444,0.30000000000000004,3978.69,41.28,0.00015667941815819468
VAMPOOSA 250g VELLANKI FOODS,141.89788732394365,0.3,42759.0,301.0,0.0016838344382262118
VANILLA FLAVOURED MIILK 180ML HERITAGE,30.0,0.3,510.0,17.0,2.0083621307686523e-05
VARI NUKA AISHWARYA 500G,30.0,0.3,60.0,2.0,2.362778977374885e-06
VELLANIKI BITTER GOURD PAKODA 150G,102.0,0.3000000000000001,1938.0,19.0,7.631776096920878e-05
VELLANKI  PESARA MURKULU 250G,152.5,0.3,8670.0,59.0,0.0003414215622306709
VELLANKI AVISELA  CHIKKI 250G,148.1578947368421,0.3,6240.0,42.0,0.00024572901364698803
VELLANKI HEALTHY LADDU 250G,177.12765957446808,0.30000000000000004,12010.0,68.0,0.00047294959197120617
VELLANKI JONNA MURKULU 250G,154.66666666666666,0.3,13975.0,91.0,0.0005503306034802336
VELLANKI JOWARI FLAKES 250G,154.30522388059703,0.30000000000000004,15528.45,101.0,0.0006115049201869506
VELLANKI KAKARAKAYA CHIPS 150G,96.0,0.3000000000000001,2880.0,30.0,0.00011341339091399449
VELLANKI MILLET BOONDI ACTHU 250g,152.1875,0.3,6530.0,43.0,0.0002571491120376333
VELLANKI MILLET MIXTURE 250g,139.92605633802816,0.3,13769.5,98.0,0.0005422380854827246
VELLANKI MILLET MURKULU 250g,129.19354838709677,0.3,11585.0,91.0,0.0004562132408814674
VELLANKI MULTI SEEDS CHIKI 250g,238.94736842105263,0.3,12880.0,54.0,0.0005072098871431419
VELLANKI VAM MURKULU 250g,152.79333333333335,0.3,12057.6,79.0,0.0004748240632932569
VELLANLI RAGI RIBBON PAKODI 150G,90.0,0.3000000000000001,1530.0,17.0,6.025086392305957e-05
VENNA VUNDALU 250GMS VELLANKI FOODS,146.34259259259258,0.3,22545.0,154.0,0.000887814200748613
VINAYAKA VIGRAHAM 12 INCH,118.0,0.30000000000000004,590.0,5.0,2.3233993277519702e-05
VINAYAKA VIGRAHAM 8 INCH,89.0,0.30000000000000004,801.0,9.0,3.1543099347954714e-05
VIRGIN COCONUT OIL 200ml AKSHAYA KALPA,289.0,0.30000000000000004,2890.0,10.0,0.00011380718741022363
VITAMIN D3  WITH IMMUNITY BOOSTERS - 6 EGGS PACK  ABHI EGGS,94.0,0.30000000000000004,10152.0,108.0,0.00039978220297183053
VITAMIN D3 IMMUNITY BOOSTER 30PC PACK ABHI EGGS,450.0,0.3,18900.0,42.0,0.0007442753778730888
Vakai Box,50.0,0.3,3200.0,64.0,0.0001260148787933272
WALNUT PREMIUM KGS FLYBERRY,2399.9998765432097,0.3,47750.4,20.08,0.0018803940213540286
WALNUT REGULAR  KGS FLYBERRY,1797.01,0.3,32957.28,18.41,0.0012978461389242957
WASHINGTON APPLE,342.6552258064516,0.30000000000000004,164479.34,483.27,0.0064771387794082666
WATER APPLE BOX,93.0,0.30000000000000004,2139.0,23.0,8.423307054341465e-05
WATER MELON PLATE,30.0,0.3,60.0,2.0,2.362778977374885e-06
WATERMELON JUICE,50.0,0.3,8250.0,165.0,0.0003248821093890467
WHEAT CHAPATI 390G 10PC ID FRESH,78.99130434782609,0.30000000000000004,14929.0,189.0,0.0005878987892204943
WHEAT GRASS,39.0,0.3000000000000001,78.0,2.0,3.0716126705873504e-06
WHEAT PAROTA 5PC 400G ID FRESH,109.87974683544304,0.3,13287.5,121.0,0.0005232570943644797
WHEAT RAWA MEDIUM 500g,45.0,0.3000000000000001,9720.0,216.0,0.00038277019433473135
WHEELS PAPAD 200g EVR,48.0,0.3000000000000001,480.0,10.0,1.890223181899908e-05
WHITE JOWAR 500g,48.4375,0.3,2700.0,55.0,0.00010632505398186982
WHITE JOWAR RAWA 500g,50.0,0.3,200.0,4.0,7.87592992458295e-06
WHITE JOWAR SORGHUM RAWA 500GMS SRI AHARYA,69.0,0.30000000000000004,483.0,7.0,1.9020370767867825e-05
WHITE LOBIYA 500g,88.04347826086956,0.3000000000000001,5035.0,57.0,0.00019827653585137577
WHITE PAV 200g SPENCERS AKSHAYA FOODS,30.0,0.3,2220.0,74.0,8.742282216287075e-05
WHITE RADISH,61.390109289617484,0.30000000000000004,32145.68,571.17,0.0012658856152903382
WHITE RAJMA 500g,100.0,0.3,2730.0,27.0,0.00010750644347055727
WHITE ROUND BRINJAL,66.18340659340659,0.30000000000000004,93133.33,1381.32,0.003667557903615295
WHITE SEEDLESS GRAPES,192.21333333333334,0.30000000000000004,66994.76,477.94,0.002638230175371264
WHOLE MEAL BROWN BREAD 400g SPENCERS AKSHAYA FOODS,55.0,0.3,27445.0,499.0,0.0010807744839008953
WHOLE WHEAT BREAD 400g  SPENCERS AKSHAYA FOODS,55.0,0.3,21065.0,383.0,0.0008295323193066993
WHOLE WHEAT BREAD 400g MR BREADY NANDAS,55.0,0.3,275.0,5.0,1.0829403646301556e-05
WOOD APPLE,99.0,0.30000000000000004,2634.79,26.61,0.00010375710702995955
WORKOUT TRAIL MIX KG FLYBERRY,1600.0,0.3,11347.2,7.08,0.0004468487602011383
XTRA 200g JAR CONTINENTAL,550.0,0.3,2200.0,4.0,8.663522917041245e-05
XTRA 50gm POUCH  CONTINENTAL,174.04285714285714,0.3,3064.8,18.0,0.00012069075016430913
XTRA SACHET 2.3G CONTINENTAL,2.0,0.30000000000000004,2112.0,1056.0,8.316982000359595e-05
YELLOW BANTHI POOLU KGS LOOSE,144.0,0.3,1449.43,8.24,5.707804555294133e-05
YELLOW CAULIFLOWER PC,45.0,0.3000000000000001,45.0,1.0,1.7720842330311639e-06
YELLOW DRAGON KG LOOSE,264.0,0.30000000000000004,1206.48,4.57,4.751075967705419e-05
YELLOW JOWAR 500g,60.0,0.3,1920.0,32.0,7.560892727599632e-05
YELLOW JOWAR SORGHUM RAWA 500G SRI AHARYA,95.0,0.3,760.0,8.0,2.992853371341521e-05
YELLOW MELON,39.0,0.3000000000000001,1210.02,31.02,4.765016363671931e-05
YOGHURT  MANGO MILKYMIST,30.0,0.3,3990.0,133.0,0.00015712480199542986
YOGHURT PEACH 100GM MILKYMIST,35.45454545454545,0.3,3030.0,92.0,0.00011932033835743169
YOGHURT STRAWBERRY MILKYMIST,29.571428571428573,0.3,4230.0,142.0,0.0001665759179049294
YOGURT MANGO 90g AKSHAYA KALPA,60.0,0.3,2580.0,43.0,0.00010159949602712005
ZUCCHIINI GREEN ENGLISH ITEM SAMBERRY,214.17845360824742,0.30000000000000004,8914.9,41.15,0.0003510656384233227
ZUCCHINI YELLOW ENGLISH ITEM SAMBERRY,243.2155670103093,0.30000000000000004,9121.460000000001,37.13,0.000359199898849432
chinna menthi,88.53488372093024,0.30000000000000004,11743.22,132.79,0.00046244388904480494
chintakayalu,87.3754054054054,0.30000000000000004,2862.24,32.6,0.0001127140083366915
chukkakura,88.11357142857143,0.30000000000000004,46275.08,527.98,0.00182229643667235
gangavyalukura,69.0,0.30000000000000004,1272.93,18.43,5.012753739449687e-05
koyakura,59.0,0.30000000000000004,75.06,1.26,2.955836500695981e-06
mulagaku,129.0,0.30000000000000004,18.06,0.14,7.111964721898404e-07
pink Dragon Fruit,187.46694915254236,0.30000000000000004,39459.03,211.0,0.0015538827758600818
red thotakura,73.28571428571429,0.3000000000000001,311.15,4.17,1.2252977980169923e-05
simla mirchi bajji,93.66227272727274,0.30000000000000004,1610.96,17.25,6.343904035653075e-05
