product,avg_daily_units,std_daily_units,cv_percent
A2 BUFFALO MILK 500ml SIDS FARM,15.918032786885245,5.415571003654408,34.02160980668578
AA KAKARAKAI,3.4449484536082475,1.534567069588453,44.54542906095282
AASHIRVAAD ATTA 1KG,2.0120481927710845,1.3112456924397562,65.16969609131722
AASHIRVAAD CRYSTAL SALT 1KG,1.2641509433962264,0.5244390188289262,41.48547462378073
AASHIRVAAD SALT 1KG,1.3773584905660377,0.7397092748646285,53.70491995592508
AASHIRVAD ATTA 2KG,1.625,0.9237212077056678,56.84438201265648
AASHIRVAD CHILLI PWD 100G,1.0,0.0,0.0
AASHIRVAD CHILLI PWD 200G,1.5,1.0801234497346435,72.00822998230957
AASHIRVAD CHILLI PWD 500G,1.0,0.0,0.0
AASHIRVAD CORIANDER PWD 100G,1.170731707317073,0.4417261042993862,37.73077140890591
AASHIRVAD CORIANDER PWD 200G,1.25,0.5,40.0
AASHIRVAD MULITGRAIN ATTA 1KG,1.5098039215686274,0.7034926870865921,46.594970183657395
AASHIRVAD SELECT ATTA 1KG,1.3584905660377358,0.6820314571653825,50.20509337467399
AASHIRVAD TURMERIC PWD 100G,1.5217391304347827,0.897955517089759,59.00850540875558
ABC CANE JUICE,2.0833333333333335,1.3585337813568417,65.2096215051284
AFGHANI RAISINS KGS FLYBERRY,0.18480769230769228,0.10173958268425427,55.051595208961736
AGMARK GHEE 500 ML HERITAGE,1.162162162162162,0.37368387661182223,32.15419403404052
AJWA DATES KGS FLYBERRY LOOSE KGS,0.15,0.07810249675906653,52.06833117271103
AJWAIN 100g,1.297872340425532,0.6565686035555144,50.58807273296586
AK COUNTRY EGGS 6PC PACK AKSHAYA KALPA,1.105263157894737,0.3153017676423058,28.527302786684807
AK ORGANIC HIGH PROTEIN PANEER 200g,1.6585365853658536,1.2963363008409694,78.16145343305845
AKSHAYA KALPA ORGANIC COW GHEE 195ml,1.0769230769230769,0.2773500981126146,25.753937681885642
AKSHAYA MULTI FLORAL RAW HOENY 250g,1.069767441860465,0.25776963111323353,24.095856821454444
AKSHAYAKALPA TABLE BUTTER SALTED 100g TUB ORGANIC,1.0,,
AKSHAYAKALPA UNSALTED TABLE BUTTER 100g TUB ORGANIC,1.0,0.0,0.0
AKSHYAKALPA ORGANIC TONED MILK UHT 1Lt. TETRA,1.0,0.0,0.0
ALMOND DRAGES KG LOOSE FLYBERRY,0.16833333333333333,0.06886526150697639,40.91005634077805
ALMOND MILK 1Lt UNSWEETENED EPIGAMIA,1.0,0.0,0.0
ALMOND REGULAR  250 GM,1.25,0.5,40.0
ALMONDO 200g CHOCOLATE AMUL,1.0,0.0,0.0
ALMONDO BAR 35g CHOCOLATE AMUL,3.4545454545454546,2.364967989862356,68.45959970654188
ALPHONSO LOCAL KG LOOSE,5.088351648351648,2.617175858624994,51.434649951380976
ALPHONSO MANGO PC RATNAGIRI,6.5625,7.957962469543738,121.26419001209506
AMERI DATES KG FLYBERRY,0.17333333333333334,0.055075705472861024,31.774445465112127
AMLA,3.6674175824175825,1.4323038781093773,39.05483479645627
AMLA CANDY KG FLYBERRY,0.111875,0.0462195845935465,41.31359516741586
AMLA PICKLE  250g AHA,1.1111111111111112,0.3333333333333333,30.0
AMLA PICKLE  500g AHA,1.0,0.0,0.0
AMLA PICKLE 250GMS VELLANKI FOODS,1.2727272727272727,0.46709936649691375,36.700664510471796
AMRUTHA - A2 ORGANIC CURD. 500g AKSHAYAKALPA,1.7431192660550459,0.9756637790335227,55.97229048139683
AMUL BUTTER 500G SALTED,1.0,0.0,0.0
AMUL CHEESE SPREAD PLAIN 200g,1.0,0.0,0.0
AMUL DARK CHOCOLATE 125G,1.5,0.674199862463242,44.94665749754947
AMUL FRUIT N NUT CHOCOLATE ILU 150g,1.1666666666666667,0.38924947208076155,33.364240464065276
AMUL INDIA TWILIGHT TRYST 125g,1.0,,
AMUL PROCESSED CHEESE BLOCK200g,1.0,0.0,0.0
ANAR,23.441639344262292,8.303228588331883,35.420852895103636
ANJEER BOX PACK ANAND,1.0,0.0,0.0
ANJUR JUICE,3.0,,
APPLE BARE,0.8975000000000001,0.4121791681619374,45.92525550550834
APPLE JUICE,1.375,0.7440238091428449,54.110822483115996
APPLE MILKSHAKES,1.1428571428571428,0.3779644730092272,33.071891388307385
APPLE ROYAL GALA,14.728306010928963,6.553182422448404,44.49379594357758
APRICOTS ORANGE TURKISH KG FLYBERRY,0.14205128205128206,0.07262664029054379,51.12705724424562
ARTISANAL CURD 400g EPIGAMIA,1.0,0.0,0.0
ARTISANAL ORGANIC SET CURD 400g AKSHAYAKALPA,1.175,0.38480764425479275,32.74958674508874
ASH GOURD,8.588192090395479,5.60481571622936,65.26188116469181
ASH GOURD JUICE,2.0,,
ASL  IDLY & DOSA BATTER  1KG,1.0,,
ASPARAGUS KG SAMBERRY,0.6900000000000001,0.4949747468305833,71.735470555157
AVOCADO IMP SAMBERRY,1.8456353591160222,1.0419470340923753,56.45465280809433
AVOCADO JUICE,1.0,0.0,0.0
AVOCADO LOCAL,0.843,0.6168347205400877,73.17137847450626
Akshayakalpa Organic Ghee 490ml,1.0833333333333333,0.28867513459481287,26.646935501059648
Alubukhar LOOSE KG FLYBERRY,0.134,0.09691061173404421,72.3213520403315
Apple Milk Shake,1.4,0.8944271909999159,63.887656499993994
BABY CORN PEELED,3.4186046511627906,1.9283366542546407,56.40712662105412
BABY CORN PEELED SAMBERRY,0.89,0.4975942121849893,55.90946204325722
BABY ORANGE,7.119945355191257,2.8503553850657557,40.03338850048223
BABY POTATO,3.3731081081081085,2.2760620161055156,67.47669932767442
BACHALAKURA,2.236011235955056,1.1891559651608195,53.182021004152126
BADAM FLAVOURED MILK 180ML  PP BOTTLE HERITAGE,4.323943661971831,3.002479579948745,69.43845282617619
BAILLEY  WATER 1LTR,1.5121951219512195,1.0030441470721068,66.33033875799416
BAILLEY WATER  500ML,2.918032786885246,6.936125436118768,237.69868067598026
BAJRA FLOUR 500G,1.3793103448275863,0.6768515929047769,49.07174048559632
BAMBINO ROASTED VERMICELI 500G,1.0,0.0,0.0
BAMBINO ROASTED VERMICELLI 800G,1.2,0.4472135954999579,37.26779962499649
BAMBINO VERMICELLI 500GM,1.2,0.4472135954999579,37.26779962499649
BANANA CASHEWNUT LOAF 350g KALSAN FOODS,1.5625,0.727438428093173,46.556059397963075
BANANA CHOCOCHIP LOAF 350g KALSAN FOODS,4.8,2.4283441572215314,50.590503275448576
BANANA FLOWER,1.3764705882352941,0.5971454036105622,43.38235838196392
BANANA LEAF,20.0,21.20141504711419,106.00707523557094
BANANA TREE,4.0,2.8284271247461903,70.71067811865476
BANANAJUICE,1.2777777777777777,0.5745131499601416,44.96189869253282
BANANAS 30g FLYBERRY GOURMET,1.4054054054054055,0.5507297915523576,39.18654286045621
BANDARU HALWA 250g VELLANKI FOODS,1.1666666666666667,0.3752933125204008,32.167998216034356
BANGINAPALLI MANGO LOOSE KGS,35.79330708661417,15.637137574251257,43.68732270648209
BARNYARD MILLET UDALU 500G,1.1666666666666667,0.3834824944236852,32.869928093458725
BASIL LEAF KG ENGLISH ITEM SAMBERRY,0.0840625,0.060153533401165735,71.5581066482269
BASMATHI RICE 1KG,1.475609756097561,0.6889894148176762,46.691844640536736
BAT PAPAD 200G EVR,1.1111111111111112,0.3333333333333333,30.0
BEAUTY PEARS,3.928415300546448,2.1686465121613665,55.20410512248297
BEET ROOT,14.242295081967214,3.9604030736599016,27.80733758756578
BELGIAN CHOCOLATE 125g AMUL,1.2,0.4216370213557839,35.136418446315325
BELLAM KOMMULU 250g VELLANKI FOODS,1.253968253968254,0.5670595908906715,45.22120788115481
BELLAM SUNNIVUNDALU 250g VELLANKI FOODS,1.2142857142857142,0.507704614077201,41.81096821812244
BESAN 500g,1.7765957446808511,1.0385500160780297,58.457306294212444
BIG BRINJAL BLUE,2.5224285714285712,1.5417218587752082,61.12053582956594
BIRYANI LEAFS 50G,1.3387096774193548,0.510337348636183,38.1215850788474
BITTER CHOCOLATE 150g 90% BITTER AMUL,1.1111111111111112,0.3333333333333333,30.0
BITTER CHOCOLATE 150g AMUL,1.0769230769230769,0.2773500981126146,25.753937681885642
BITTER GAURD KARAM PODI 100g VELLANKI FOODS,1.0,0.0,0.0
BITTER GOURD,4.055561797752809,1.838082693375052,45.32251720078673
BITTER GUARD PICKLE 250G VELLANKI FOODS,1.0,0.0,0.0
BLACK GRAPES,1.763238095238095,1.1908493213782783,67.53763570526047
BLACK PEPPER WHOLE 50G,1.4915254237288136,0.8783385836031218,58.88860958248203
BLACK ROUND BRINJAL,4.691803278688525,1.9424085888204004,41.40004329770944
BLACK SEEDED GRAPES,5.6571428571428575,4.004365078578585,70.7842311869952
BLUE BERRY,4.413793103448276,2.296273553913608,52.02494770585518
BOMBAY RAWA 500g,1.484375,0.8355624946942525,56.29052595834963
BOMBAY RAWA1Kg,1.5617977528089888,0.8112148042480835,51.94109178279095
BOONDI 250g VELLANKI FOODS,1.6865671641791045,0.9128811734330153,54.12658284956816
BOONDI LADDU 250g VELLANKI FOODS,2.0725806451612905,1.1837201046389343,57.11334357012756
BOONDI MITAI ATCHU 250g VELLANKI FOODS,1.6346153846153846,0.8011847090486954,49.013652788861364
BOORELU 250g VELLANKI FOODS,1.2380952380952381,0.5058464841423925,40.856831411500934
BOTTLE GOURD,35.885245901639344,10.239062823039287,28.53279270010948
BRINTAN TOFU PANEER 200G,1.0,,
BRITANNIA MILK BIKIS 71GM,1.0,,
BROWN ANJEER BOX TURKEY,5.907407407407407,3.0298422558011886,51.28886577218314
BROWN CHANA 500g,1.4794520547945205,0.973390252917547,65.79397079905642
BROWN EGGS 6PC UPF HEALTHY U N V,1.2391304347826086,0.48003623051671385,38.73976597152428
BROWN RICE 5kg,1.0,0.0,0.0
BROWN RICE HMT 1kg,1.3421052631578947,0.7081119086039195,52.76127946460577
BUFFALO CURD 400g SIDS FARM,2.2450331125827816,1.232703735248761,54.90804248453184
BUFFALO GHEE 250g  VELLANKI FOODS,2.1868131868131866,1.4369109452965638,65.7079879507474
BUFFALO GHEE 350g SIDS FARM,1.2162162162162162,0.583815759328952,48.0026291003805
BUFFALO GHEE 500ml JIVIKA ORGANICS,1.0,0.0,0.0
BUSH BEANS,11.993770491803279,4.123429370222364,34.379758834308
BUTTER GARLIC N HERBS 100g AMUL,1.4074074074074074,0.5993241010148871,42.58355454579461
BUTTER MILK 170ML HERITAGE SACHET,10.0,12.727922061357855,127.27922061357854
BUTTER MILK PLAIN 200ml POUCH AKSHAYA KALPA,4.0,2.909487288006216,72.7371822001554
BUTTER MILK SPICED 200ml POUCH AKSHAYA KALPA,3.9523809523809526,2.7933054198223344,70.6739925497217
BUTTER SCHOOL PACK 100g AMUL,1.4705882352941178,0.7876045045674722,53.55710631058811
BUTTER UNSALTED 500G AMUL,1.0,0.0,0.0
BUTTON MUSHROOM,18.89071038251366,6.290501389741694,33.299443283851026
Banana Stem,1.6721311475409837,0.8375744491475297,50.0902366647052
Banana Yalakki,8.996373626373625,3.0036213930673337,33.38702368098592
Beetroot Juice,1.1666666666666667,0.3892494720807615,33.36424046406527
Black Chilly,17.449234972677594,4.898087703153262,28.07050114702907
CABBAGE,17.08065573770492,6.769195222716647,39.630769021202724
CALIFORINA RED GRAPES,1.8525,1.2522478498361875,67.59772468751349
CALIFORNIA BLACK seedless GRAPES,1.22,,
CALIFORNIAN ALMOND PREMIUM KG FLYBERRY,0.2883116883116883,0.21974508315799038,76.21788920344711
CALIFORNIAN ALMOND REGULAR KG  FLYBERRY,0.25306666666666666,0.20482011444015769,80.93524016339214
CAPSICUM,10.326448087431695,3.7128285115739197,35.95455552711099
CAPSICUM RED SAMBERRY,0.9762569832402235,0.5426029244195066,55.57992759433
CAPSICUM YELLOW SAMBERRY,1.1046927374301676,0.6441607121183706,58.311301440876065
CARROT,35.93890710382514,9.088475791110882,25.288681608639003
CARROT JUICE,1.6111111111111112,1.535815795833002,95.32649767239323
CARROT N BEETROOT JUICE,1.5,0.7453559924999298,49.69039949999532
CARRY BAG 8Kg HOLDING CAPACITY,18.306010928961747,5.912764822486494,32.299580970597866
CARRY BAG MEDIUM 5Kg HOLDING CAPACITY,48.90163934426229,9.805871057070556,20.052233807619977
CARRY BAG SML 1Kg HOLDING CAPACITY,1.0,0.0,0.0
CASHEW 320 COUNT 250 GM,1.0,0.0,0.0
CASHEW 320 KG FLYBERRY,0.2828301886792453,0.24813496602792265,87.73284322534957
CASHEW BROKEN 2 PIECE  KGSFLYBERRY,0.26055555555555554,0.26729759164062605,102.58756182369444
CASHEW TIKKA FLAVOUR FLYBERRY,0.19583333333333333,0.15079550959589516,77.00196234684007
CASHEW WITH CHOCO COATED FLYBERRY,0.10500000000000001,0.007071067811865477,6.734350297014739
CAULIFLOWER,20.060109289617486,6.952878602932101,34.660222945698024
CDM CRACKLE 36G,1.0,,
CHAKKI ATTA GODHUMA PINDI 1Kg,1.3333333333333333,0.5163977794943222,38.72983346207416
CHAMA DUMPA,4.69792349726776,2.256598153168704,48.0339484983335
CHAMANTHI FLOWERS POOLU KG LOOSE,1.5,0.1555634918610406,10.370899457402706
CHANA DAL 1Kg,1.1428571428571428,0.35634832254989923,31.180478223116186
CHANA DAL 250g VELLANKI FOODS,1.2121212121212122,0.4846116845975598,39.98046397929868
CHANA DAL 500g,1.3855421686746987,0.6407184477582007,46.24315753385275
CHAT MURMURA 500 GM,1.3454545454545455,0.5843065474681431,43.428189338848476
CHEDDAR CHEESE 200g MILKY MIST,1.0,0.0,0.0
CHEESE BLOCK 200G HERITAGE,1.1851851851851851,0.48334070138798946,40.78187167961161
CHEESE BLOCK 200G MILKY MIST,1.1,0.31622776601683794,28.747978728803446
CHEESE CUBES 120g HERITAGE,1.0,0.0,0.0
CHEESE CUBES 120g MILKY MIST,1.0,0.0,0.0
CHEESE CUBES 200g MILKY MIST,1.0,0.0,0.0
CHEESE EASY OPEN CHIPLET CUBES 60X8X25g AMUL,1.0,0.0,0.0
CHEESE SLICE 100G MILKY MIST,1.3095238095238095,0.6007262768243458,45.87364295749549
CHEESE SLICES 100g AMUL 5PC PACK,1.530612244897959,0.7388628880563285,48.272375353013466
CHEESE SLICES 100g HERITAGE,1.5,0.7801894976054939,52.0126331736996
CHEESE SLICES 200g AMUL 10PC PACK,1.3846153846153846,0.7708881090154509,55.675252317782565
CHEESE SLICES 200g HERITAGE,1.125,0.3535533905932738,31.42696805273545
CHEESE SLICES 200g MILKYMIST,1.2954545454545454,0.5937482613749998,45.833199123684196
CHEESE SPREAD 200g AMUL,1.0,0.0,0.0
CHEESE SPREAD GARLI 200g MILKY MIST,1.0,0.0,0.0
CHEESE SPREAD GARLIC200G AMUL,1.0,0.0,0.0
CHEESE SPREAD NATURAL OR PLAIN 200g MILKYMIST,1.0,0.0,0.0
CHEESE SPREAD PEPPER 200g MILKY MIST,1.0,0.0,0.0
CHEGODI 250g VELLANKI FOODS,2.2857142857142856,1.2245542644537928,53.574249069853444
CHEKKARAKELI BANANA,4.716703296703297,1.9464868792646128,41.26795256816545
CHERRY LOCAL ANAND,6.340425531914893,2.776270533621623,43.78681714101218
CHERRY TOMATO KG RED SAMBERRY,0.33979166666666666,0.15947373002277174,46.93279608272866
CHERUKU GADDALU,30.0,18.384776310850235,61.282587702834114
CHERUKU RASALU KG LOOSE,6.598428571428571,4.094397952846462,62.05110669190768
CHIA SEEDS KGS FLYBERRY,0.15513888888888888,0.10049165133223974,64.77528107360126
CHICKEN BONE LESS PICKLE 250g VELLANKI FOODS,1.0,0.0,0.0
CHICKPEAS 50g FLYBERRY GOURMET,1.0,0.0,0.0
CHICOOS SAPOTA JUICE,1.40625,0.7120789644505047,50.636726360924776
CHICOOS(Sapota),1.7732758620689655,1.0962844045750946,61.82255271303402
CHIKKUDU SEED PACK,0.14634615384615385,0.08307872114137091,56.768639938913104
CHIKKUDUKAI,6.807682119205298,3.2725416103712837,48.07130463890267
CHIKKUDUKAYA PICKLE 250g AHA,1.0,0.0,0.0
CHINNA RASALU KG LOOSE,16.466851851851853,9.653577853514438,58.624307429041465
CHINTA CHIGURU,1.1086792452830188,0.7265911921586282,65.53664599116287
CHOCOLATE 150G HBD PACK AMUL,1.0714285714285714,0.2672612419124244,24.944382578492945
CHOCOLATE MILK SHAKE 180ML HERITAGE,2.9404761904761907,1.941004524902334,66.00987048250852
CHOUSA MANGO KG LOOSE,3.3864705882352943,2.8417181008512933,83.91385741614033
CHOWCHOW,1.525625,0.9195286383069678,60.27225814384059
CINNAMON DALCHINI KG FLYBERRY,0.098,0.05902918298980975,60.233860193683405
CLOVES 50g,1.2545454545454546,0.5170493857844406,41.21408147557135
CLUSTER BEANS,5.896010928961749,2.697425296583601,45.75000503024172
COCONUT,20.19672131147541,11.493648038594742,56.90848460667851
COCONUT KARAM 100G  VELLANKI FOODS,1.0909090909090908,0.30151134457776363,27.638539919628336
COCONUT MANGO,5.083114754098361,2.4357049225933247,47.91756709071913
COCONUT MILK YOGURT-BLUEBERRY EPIGAMIA,1.0,,
COCONUT SLICE KGS FLYBERRY,0.1272727272727273,0.06357529537342459,49.95201779340503
COFFEE XTRA 100g JAR INSTANT SOUTH BLEND CONTINENTAL,1.0,0.0,0.0
COKE 250ML,2.4285714285714284,1.1338934190276817,46.6897290187869
COLD PRESSED SUN DRIED COCONUT OIL 1LT MESMARA,1.0,0.0,0.0
COLD PRESSED WHITE SESAME OIL 500ML MESMARA,1.0,0.0,0.0
COLOUR CUCUMBER,14.367486338797814,4.634085281265669,32.25397381274575
CONTINENTAL XTRA 50g JAR PLUS 25g JAR FREE SOUTH BLEND,1.25,0.7071067811865476,56.568542494923804
CONTINENTAL XTRA INSTANT SOUTH BLEND COFFEE 150g POUCH,1.2,0.4216370213557839,35.136418446315325
COOKING BUTTER 100G MILKY MIST,1.4642857142857142,0.8304278352815432,56.71214484849564
COOKING BUTTER 100g AMUL UNSALTED,1.6,0.9128709291752768,57.05443307345479
COOKING BUTTER 200G HERITAGE,1.1666666666666667,0.38069349381344053,32.6308708982949
COOKING BUTTER 500g HERITAGE,1.0,0.0,0.0
COOKING BUTTER UNSALTED 200g MILKY MIST,1.0952380952380953,0.3007926037591192,27.463672517136967
COOKING UNSALTED BUTTER 500g MILKY MIST,1.0666666666666667,0.2581988897471611,24.206145913796355
COPRA POWDER 100G EVR,1.2424242424242424,0.6139168831315355,49.4128223008309
CORIANDER,10.894863387978143,3.715145843043146,34.09997639018215
CORIANDER 200g,1.4305555555555556,0.6884640772055605,48.12564423184501
CORN FLAKES 200G EVR,1.1111111111111112,0.3333333333333333,30.0
CORN FLAKES MIXTURE250g VELLANKI FOODS,1.688,0.874513689743269,51.807683041662855
CORN FLOUR 200g EVR,1.125,0.3535533905932738,31.42696805273545
COW GHEE 200ml JAR AMUL HIGH AROMA,1.1935483870967742,0.4774484152736417,40.002434793197004
COW GHEE 250G VELLANKI FOODS,1.608695652173913,1.0215078369104982,63.499135807949884
COW GHEE 350g SIDS FARM,1.1891891891891893,0.39706127695565796,33.389243743998506
COW GHEE 500ml PET JAR MILKYMIST,1.0,0.0,0.0
COW MILK 500ML POUCH SIDS FARM,10.98360655737705,4.974081625805567,45.286414802110386
COW MILK 500ml GOLDEN HERITAGE,1.0,,
CREAMY COFFEE HAZELNUT 22g CONTINENTAL,5.0,0.0,0.0
CRUNCHY BANANA CHIPS 100g FLYBERRY,1.125,0.3535533905932738,31.42696805273545
CRUNCHY BANANA CHIPS 250g FLYBERRY,1.0,0.0,0.0
CRUNCHY BANANA CHIPS 65g FLYBERRY,1.3333333333333333,0.5773502691896257,43.30127018922193
CUCUMBER,30.318907103825136,8.151479465737117,26.885795842913808
CUCUMBER WHITE,1.32,,
CUMIN JEERA KG FLYBERRY,0.18666666666666668,0.11846237095944574,63.461984442560215
CURD 135g POUCH MILKY MIST,11.165605095541402,5.761106479548161,51.596903439193454
CURD 500g POUCH HERITAGE,17.214285714285715,6.146751761848182,35.7072716455911
CURD CUP 200G HERITAGE,2.046875,1.3272396018164623,64.8422400887432
CURD CUP 400GHERITAGE,2.591715976331361,1.540772074486375,59.44988141283045
CURD POUCH 400g MILKY MIST,5.432748538011696,3.925764525157251,72.26111235757696
CURD TUB 1KG HERITAGE,5.050279329608938,2.5796823753112874,51.079993935920406
CURRY LEAVES,3.4701092896174863,1.0617904167438377,30.59818374944842
CUSTARD APPLE ANAND,8.435930232558139,4.65605649296306,55.19316026338381
DABBAKAI,1.6551724137931034,0.8974512350049011,54.22101211487944
DALCHINI 50g,1.4390243902439024,0.8179704026703444,56.84201103302393
DALMOTI 250g VELLANKI FOODS,1.4838709677419355,0.7747777132241452,52.21328067380109
DAMPUDU BIYYAM 1Kg AISHWARYA,1.2,0.4472135954999579,37.26779962499649
DARK CHOCOLATE 150g AMUL,1.4285714285714286,0.7867957924694432,55.075705472861024
DARK CHOCOLATE 150g BEST WISHES AMUL,1.1875,0.5439056290693572,45.802579290051135
DASHERI MANGO KG LOOSE,8.1264,3.574449034325416,43.98563981991307
DATE BITES 160g FLYBERRY,2.532258064516129,2.2229631821872635,87.78580719465626
DATES POWDER 180g FLYBERRY,0.8,0.4472135954999579,55.901699437494734
DEHYDRATED GINGER  KGS FLYBERRY,0.12,,
DEHYDRATED KIWI KG FLYBERRY,0.1366666666666667,0.0800378698246062,58.56429499361428
DEHYDRATED MANGO KG FLYBERRY,0.13380952380952382,0.07742584778200305,57.862733217867046
DEHYDRATED PAPAYA  KGS FLYBERRY,0.10500000000000001,0.007071067811865467,6.734350297014729
DEHYDRATED PINEAPPLE KG FLYBERRY,0.1325,0.06877169079312691,51.90316286273728
DERI DATES KG FLYBERRY,0.2766666666666666,0.28084693339967237,101.51093978301414
DESI COW GHEE 500ml JIVIKA ORGANICS,1.0,0.0,0.0
DIAMOND MISRI 200G,1.2407407407407407,0.4732538983158396,38.14285150605274
DILKUSH GRAPES KG LOOSE,2.214242424242424,1.3414527837742074,60.5829230389337
DISCO PUMPKIN,1.5891379310344829,1.873740072440803,117.9092157985967
DONDAKAI,21.52737704918033,6.397252303791955,29.7168219294767
DOODH PEDA 200g HERITAGE,1.7611940298507462,0.9512880423473016,54.013812573956955
DOSA BATTER MIX 900g DSL,3.182926829268293,1.7972579576656045,56.46557568144811
DOSE WITH IMMUNITY BOOSTERS - 6 EGGS PACK ABHI EGGS,1.2307692307692308,0.5361430711223923,43.561624528694374
DOUBLE BEANS,0.72,,
DOUBLE HORSE URAD ROUND 1KG,1.6883116883116882,1.0669649560138261,63.19715508697278
DR GOOD EGGS CAROTENOID 12 PACK,1.9154929577464788,1.126678151016706,58.81922700160745
DR GOOD EGGS CAROTENOID 30 PACK,1.2650602409638554,0.5428995628577727,42.91491782590013
DRAGAN FRUIT JUICE,1.5,0.7071067811865476,47.14045207910317
DRAGON Â FRUIT,4.1143715846994535,2.335737997514766,56.77022479449645
DRIED BLACKBERRY KG FLYBERRY,0.095,0.021213203435596427,22.329687826943605
DRIED BLUEBERRY KG FLYBERRY,0.1360377358490566,0.06371027035432505,46.83279235477432
DRIED CRANBERRY WHOLE KG FLYBERRY,0.17859375,0.11272761365766767,63.1195737015812
DRIED DATES YELLOW250 GM,2.0,,
DRUMSTICK,71.89617486338798,21.132370269329083,29.39289928773445
DRY CHURRA KG FLYBERRY,0.19608695652173913,0.1279822122027753,65.26809048035105
DRY COCONUT 250G EVR,1.2444444444444445,0.5703091488416833,45.82841374620669
DRY COCONUT KG FLYBERRY,0.24375000000000002,0.14312207576551064,58.71674903200436
EGGS 12PS FARM MADE FREE RANGE U N V,1.4555555555555555,0.8501303417726584,58.40590134315974
EGGS 6PC FARM MADE FREE RANGE U N V,1.826086956521739,0.9666443091656882,52.93528359716865
EGGS 6PC JUST LAID VN POULTRY,5.982035928143713,3.706836819111501,61.96614102018224
EGGS 6PC UPF HEALTHY WHITE U N V,1.1904761904761905,0.4023739080814783,33.799408278844176
ELEPHANT FOREST HONEY 250G 1+1,1.4,0.5477225575051661,39.123039821797576
ELEPHANT FOREST HONEY 500G 1+1,1.0,,
ELEPHANT SEEDED DATES 400G(CUPS) (1+1 OFFER),1.3333333333333333,0.5163977794943223,38.729833462074176
ELEPHANT SEEDLESS HONEY DATES400G+10,1.0,0.0,0.0
ELEPHANT YAM,2.516024844720497,1.7008873711621477,67.60216914118341
ENG ITEM BROCOLI SAMBERRY,2.523497267759563,1.1464938471165083,45.432735821204204
ENG ITEM CELERY SAMBERRRY,0.18419354838709678,0.35680783057128834,193.71353323485005
ENG ITEM CHINESE CABBAGE SAMBERRY,0.6140476190476191,0.1983229630605584,32.297651991250305
ENG ITEM COLOUR CABBAGE SAMBERRY,0.7211458333333334,0.4514581516810813,62.60289262080572
ENG ITEM GREEN LETTUCE SAMBERRY,0.3370414201183432,0.20107924151786483,59.660097992484474
ENG ITEM PARSLEY SAMBERRY,0.05722222222222222,0.021089600324094945,36.855612216864955
EUROPEN CUCUMBER,13.57120218579235,4.931399248368396,36.33723218368276
FIGS AFGHANI NORMAL KG FLYBERRY,0.2877272727272727,0.2126068481759867,73.89179557459255
FILTER COFFE STRONG 5 10ml ID FRESH,1.0,,
FILTER COFFEE 150ML ID FRESH,1.0,0.0,0.0
FILTER COFFEE 150ML NEW BOLD ID FRESH,2.0,1.4142135623730951,70.71067811865476
FINGER CHIPS PAPAD 200G EVR,1.4285714285714286,0.5345224838248488,37.416573867739416
FLAX SEED OIL 1L MESMARA,1.0,0.0,0.0
FLAX SEEDS KGS FLYBERRY,0.19035714285714286,0.122726070220179,64.47148154155745
FLY BERRY DERI DATES 255g,3.6495726495726495,3.469860971368279,95.07581584311208
FLYBERRY CASHEW 4 PIECE,0.12916666666666668,0.09671498270065439,74.8761156392163
FLYBERRY CRISPY SWEET CORN 12g,1.5,0.7071067811865476,47.14045207910317
FLYBERRY CRUNCHY BANANA CHIPS 25g,1.0,0.0,0.0
FLYBERRY DREAMY DERI DATES 220g,1.2962962962962963,0.6333388502463011,48.8575684475718
FLYBERRY DREAMY DERI DATES 400G,1.3,0.5304299503265156,40.80230387127043
FLYBERRY KNOCKOUT KALMI DATES 200g,1.0,0.0,0.0
FLYBERRY KNOCKOUT KALMI DATES 400g,1.375,0.5175491695067657,37.63993960049205
FLYBERRY MEDJOUL MAJESTIC DATES 400g BOX,1.088235294117647,0.2879022412812366,26.45588163124877
FLYBERRY MINI MEDJOUL DATES 200g BOX,1.0434782608695652,0.20851441405707474,19.98263134713633
FLYBERRY SHAHJEERA CARAWAY SEEDS,0.11,,
FLYBERRY SPICE OKRA CHIPS 25g,1.565217391304348,0.66237087637185,42.31813932375708
FLYBERRY SPICED CHICKPEAS CRISP 31g,1.0,0.0,0.0
FLYBERRY STRAWBERRY DEHYDRATED REGULAR,0.12654545454545454,0.055551717039109307,43.898626970560514
FOXTAIL MILLET KORRALU BIYYAM 500g,1.2857142857142858,0.4879500364742666,37.951669503554065
FREEDOM GROUNDNUTOIL 1LT,1.5072463768115942,0.6778683805481515,44.973959863290816
FREEDOM MUSTARD OIL 1 Lt,1.0,,
FREEDOM RF SUNFLOWER OIL 1LT POUCH,2.738255033557047,1.7606662327559586,64.29884036290143
FREEDOM RICE BRAN 1LTR,1.7294117647058824,1.127452198269955,65.19281418567768
FREEDOM SUNFLOWER OIL 5LT,1.0434782608695652,0.20851441405707474,19.98263134713633
FREEDOM SUNFLOWER OIL PET 1LT,1.411764705882353,0.8043996665398436,56.978309713238914
FREEDOM SUNFLOWER OIL PET 2LT,1.1851851851851851,0.48334070138798946,40.78187167961161
FRESH CREAM 200ML HERITAGE,1.0,,
FRESH CREAM 250ML AMUL,1.3235294117647058,0.8060599359358184,60.902306270706276
FRESH CREAM 250ml UHT MILKY MIST,1.148936170212766,0.46525932012977733,40.494792677962096
FRESH DATES YELLOW BOX ANAND,1.1666666666666667,0.408248290463863,34.99271061118826
FRESH LOOSE PANEER,1.7929411764705883,0.9045235740032437,50.44914946868485
FRESH PANEER BLOCK 200g AMUL,1.7142857142857142,1.2043875831929896,70.2559423529244
FRIED GRAM PUTANA 250g,1.74,1.1247446399296623,64.64049654768175
FRUIT BASKET 120 SADGURU,5.0,,
FRUIT BASKET 170 SADGURU,1.25,0.5,40.0
FRUIT BASKET 200,1.5,0.7071067811865476,47.14045207910317
FRUIT BASKET 200 SADGURU,1.0,0.0,0.0
FRUIT BASKET 240 SADGURU,1.0,,
FRUIT BASKET 250 RAJU,1.6666666666666667,0.5773502691896258,34.64101615137755
FRUIT BASKET 300 SADGURU,1.0,0.0,0.0
FRUIT BASKET 350 RAJU,3.0,3.4641016151377544,115.47005383792515
FRUIT BASKET 450 SADGURU,1.0,0.0,0.0
FRUIT BOWL NRG,2.0,1.9215378456610455,96.07689228305227
FRUIT BREAD 200g SML SPENCERS AKSHAYA NANDA,1.375,0.7329625110148481,53.3063644374435
FRUIT N NUT 150g DARK CHOCOLATE AMUL,1.2,0.40824829046386313,34.0206908719886
FRUIT YOGHURT BB 100g MILKYMIST,2.267605633802817,1.3088462365094498,57.719306082093745
FRUIT YOGURT 75g ALPHONSO MANGO EPIGAMIA,1.5147058823529411,0.9382843514329681,61.94498630819595
FRUIT YOGURT 75g STRAWBERRY EPIGAMIA,1.6125,0.771218828227539,47.8275242311652
FULL CREAM MILK 500ml HERITAGE,27.961748633879782,3.708271301611846,13.26194348631948
FlyberryAlmondRoastedSalted,0.12,,
FlyberryBrazilNut,0.16620689655172416,0.10634894697253698,63.98588095858033
FlyberryCashew180,0.275,0.21687169786150823,78.86243558600299
FlyberryHazelnut,0.105,0.0196638416050035,18.72746819524143
FlyberryMacadamia,0.11166666666666668,0.05154286242213045,46.157787243698905
FlyberryMelonSeeds,0.17264150943396228,0.10190778152888684,59.02855104951915
FlyberryPeriPeriAlmond,0.07,,
FlyberryPrunes,0.10142857142857142,0.02794552524023088,27.551926293185375
G ELAICHI 50g,1.3956043956043955,0.8010981473940889,57.4015207975292
GAJANAN ORANGE PRM HMT RAW RICE 1Kg,1.2142857142857142,0.49867549436206365,41.06739365334642
GAJANAN ORANGE PRM HMT RAW RICE 5Kg,1.0,0.0,0.0
GAJANAN ORANGE PRM HMT RICE 1Kg,1.2142857142857142,0.42581531362632,35.06714347510871
GAJANAN ORANGE PRM HMT RICE 5Kg,1.2352941176470589,0.7524469885568252,60.91237526412394
GAJANAN TELANGANA SONA RICE 1Kg,1.3666666666666667,0.7648904962570575,55.96759728710177
GAJANAN TELANGANA SONA RICE 5Kg,1.2380952380952381,0.43643578047198467,35.250582268891065
GARAM MASALA 100g VELLANKI FOODS,1.1111111111111112,0.33333333333333337,30.000000000000004
GARLIC,6.128688524590164,2.1804857373534134,35.57834157511254
GARLIC PEELED BOX,2.748344370860927,1.6420253471302144,59.74598251003913
GARLIC PICKLE 250g AHA,1.3333333333333333,0.5773502691896257,43.30127018922193
GAVVALU SWEET 250G VELLANKI FOODS,2.3806451612903228,1.38765881385213,58.289191367772396
GEMS KG FLYBERRY,0.09275862068965517,0.04840592625195535,52.184827557870086
GHEE 200ML PET JAR MILKY MIST,1.125,0.3535533905932738,31.42696805273545
GHEE ARISELU 250g VELLANKI FOODS,1.798165137614679,0.9406441499958996,52.31133283140462
GINGER,8.765628415300545,3.206176647711569,36.576689038234115
GINGER GARLIC PASTE 250G VELLANKI FOODS,1.1428571428571428,0.35273781075132926,30.864558440741312
GINGER PICKLE 250G VELLANKI FOODS,1.5135135135135136,0.6507099380088055,42.9933351898675
GINGER PICKLE 250g AHA,1.1428571428571428,0.36313651960128146,31.774445465112127
GINGER PICKLE 500g AHA,1.0,0.0,0.0
GOLD DROP SUNFLOWER OIL 1Lt pouch,1.9148936170212767,1.5426521950888938,80.56072574353111
GOLDEN COW GHEE 500 ML HERITAGE,1.2325581395348837,0.4799409339811952,38.93860407771961
GOLDEN KIWI FRUIT BIG,1.6666666666666667,1.1547005383792517,69.2820323027551
GOLDEN KIWI SMALL,12.136690647482014,7.782553359592974,64.12418002272811
GONGURA PANDU MIRAPAKAYA PICKLE  500g AHA,1.0,0.0,0.0
GONGURA PANDU MIRAPAKAYA PICKLE 250g  AHA,1.0,0.0,0.0
GONGURA PICKLE 250g  AHA,1.0666666666666667,0.2581988897471611,24.206145913796355
GONGURA PICKLE 250g VELLANKI FOODS,1.263157894736842,0.7334928056269077,58.068180445463526
GONGURA PICKLE 500g  AHA,1.0,0.0,0.0
GONGURA(PUNTIKURA),3.4438797814207653,1.6153860923093049,46.905995413198795
GRAPE JUICE,1.4,0.5477225575051661,39.123039821797576
GREEK CEREALS YOGHURT 100g MILKY MIST,1.5833333333333333,0.8805466023105079,55.613469619611024
GREEK HONEY AND FIG YOGHURT 100g MILKY MIST,1.6,0.8432740427115678,52.704627669472984
GREEK YOGHURT 100g MILKY MIST,1.6046511627906976,0.8766694246848051,54.633022118038575
GREEK YOGURT 85g  ALPHONSO MANGO  EPIGAMIA,1.975609756097561,1.323814258689104,67.0078822299423
GREEK YOGURT ALPHONSO MANGO SMOOTHIE 180ml EPIGAMIA,1.403225806451613,0.7779687173818423,55.4414488249129
GREEK YOGURT BLUEBERRY 90g EPIGAMIA,1.82,1.0188129357147946,55.97873273158211
GREEK YOGURT BLUEBERRY SMOOTHIE 180ml EPIGAMIA,1.271186440677966,0.611118490530394,48.074654588391
GREEK YOGURT MIXED BERRY ZERO ADDED SUGAR 120g EPIGAMIA,1.32,0.47609522856952347,36.06782034617601
GREEK YOGURT NATURAL 90g EPIGAMIA,2.073170731707317,1.3588347205055182,65.5437924008544
GREEK YOGURT STRAWBERRY 85g EPIGAMIA,1.6951219512195121,1.0504440494351313,61.96864176523796
GREEK YOGURT STRAWBERRY SMOOTHIE 180ml EPIGAMIA,1.4666666666666666,0.7261354744623949,49.5092368951633
GREEK YOGURT STRAWBERRY ZERO ADD SUGAR 120g EPIGAMIA,1.1923076923076923,0.5670436151994497,47.55849675866352
GREEK YOGURT VANILLA BEAN 90g EPIGAMIA,1.4259259259259258,0.6616688977566956,46.40275386865138
GREEK YOGURT WILD RASBERRY 85g EPIGAMIA,1.5,0.7115680669648201,47.43787113098801
GREEN APPLE,1.1092700729927008,0.998119286632509,89.9798264582837
GREEN CHILLY,11.292185792349725,3.5375001461445685,31.32697434487102
GREEN PEAS,5.58,3.0697416492440293,55.013291205090134
GREEN PEAS BATANI 500G EVR,1.0606060606060606,0.24230584229878002,22.845979416742118
GREEN PEAS SEED PAC,0.4326923076923077,0.2853557489679855,65.94888420593442
GROUND NUT,2.1297005988023954,1.2345749110619963,57.96941183921537
GROUND NUT OIL 1Lt. COLD PRESSED MESMARA,1.1428571428571428,0.35634832254989923,31.180478223116186
GUAVA HYBRID BIG ANAND,11.46556338028169,4.809043272635639,41.94336652402238
GUAVA Local,1.88125,1.304841944451511,69.36036914027964
GULAB JAM MIX 200g MILKY MIST,1.0909090909090908,0.30151134457776363,27.638539919628336
GULABI ROUND BRINJAL,5.164823529411764,2.528542210112149,48.956991380499915
Ginger Imbued Honey 250g BT,1.3333333333333333,0.49236596391733095,36.92744729379982
Ginger Imbued Honey 500g BT,1.0,0.0,0.0
Green Kiwi Small,16.628415300546447,8.190295866208272,49.254819044236406
HAZELNUT CHOCOLATE SPREAD 200g,1.0,,
HEKATPY BUCK WHEAT COOKIES 125g,1.3333333333333333,0.5773502691896257,43.30127018922193
HEKATPY PEARL MILLET COOKIE 125g,1.0,,
HEKATPY QUINO COOKIES 125g,1.6666666666666667,1.1547005383792517,69.2820323027551
HEKTAPY HEALTHY DEL JOWAR 125G,1.0,0.0,0.0
HEKTAPY HEALTHY DEL RAGI 125G,1.6666666666666667,0.5773502691896258,34.64101615137755
HEKTAPY MULTI MILLET S.N,1.25,0.5,40.0
HEKTAPY OAT COOKIES  125g,1.0,,
HEKTAPY RAJGIRI COOKIES 125g,1.5,0.7071067811865476,47.14045207910317
HIMALAYAN HONEY 225g APIS,1.0,0.0,0.0
HIMALAYAN HONEY 500g APIS,1.75,0.9574271077563382,54.710120443219324
HIMAYATH MANGO KG LOOSE,7.628395061728395,4.1492545887153405,54.39223526233089
HOME DELIVERY CHARGES,30.0,,
HULLED WHITE SESAME OIL 1Lt. MESMARA,1.0,0.0,0.0
I.Orange Pack of 4,1.2105263157894737,0.5353033790313109,44.220713919977854
ICE BERG ENGLISH ITEM SAMBERRY,0.5428225806451613,0.29814483435101913,54.92491377139559
IDLI KARAM 100g VELLANKI FOODS,1.2222222222222223,0.4216370213557839,34.49757447456413
IDLI POWDER AKA GUNDPOWDER AKA KARAM PODI PREMIUM KG LOOSE FLYBER,0.09,,
IDLY . DOSA BATTER 1KG ID FRESH,3.735632183908046,2.0227593476190324,54.14771176703256
IDLY BATTER 900g DSL,2.062015503875969,1.1302097287706172,54.81092293662015
IDLY KARAM FLYBERRY,0.128,0.07083627444874398,55.340839413081234
IDLY RAVA1KG,1.6057692307692308,0.8967933081210322,55.848206014722955
IDLY RAWA 500g,1.3571428571428572,0.8418973861410954,62.03454424197545
IDLY RAWA ORANGE 1KG AISHWARYA,1.2,0.4472135954999579,37.26779962499649
IDLY RICE  1Kg,1.5333333333333334,0.9154754164341269,59.704918463095225
IGURU KARAM 100g VELLANKI FOODS,1.0,0.0,0.0
IMLI POP KG FLYBERRY,0.1,0.044347115652166896,44.3471156521669
IMP ORANGE CANE,1.0,0.0,0.0
IMP Orange Juices,1.4444444444444444,0.8765009801785554,60.6808370892846
IMPORTED ORANGE,2.9025,1.913653349710219,65.93120929234175
IMPORTED PLUMS,1.2803867403314917,0.6313410459233971,49.30862106240988
INDIAN RAISINS GREEN FLYBERRY,0.25166666666666665,0.1750941775573727,69.57384538703552
INDIAN RAISINSGOLDEN KGS FLYBERRY,0.23381818181818181,0.16632733132224886,71.13532832600067
INSIDE YELLOW MELON Kg,5.969411764705883,3.0618182314358475,51.29179142137308
IODIZED SALT 1KG PON,1.3333333333333333,0.5773502691896257,43.30127018922193
IRANIAN DATES 500g ORIGINAL AM ENTERPRISES,1.3333333333333333,0.7071067811865476,53.03300858899107
JACK FRUIT SEEDS ANAND,4.142857142857143,1.8010267846402495,43.47306031890257
JAGGERY KESAR 450G,1.7422680412371134,1.157208841309769,66.4196790574246
JAGGERY KESAR 900G,1.671641791044776,1.2955408336136611,77.50110343938866
JAGGERY MINI CUBES 500G EVR,1.380952380952381,0.5895922723535711,42.69461282560343
JAGGERY POWDER 500g JIVIKA ORGANICS,1.6888888888888889,1.2214414402332974,72.32219054012945
JANTHIKALU 250g VELLANKI FOODS,1.9724137931034482,1.0797686711244048,54.74351654302052
JAVATRI 50g,1.255813953488372,0.4414814484488266,35.15500422833249
JEERA 100g,1.3333333333333333,0.47756693294091923,35.817519970568945
JEERA 200g,1.6336633663366336,0.8333399339672581,51.010505048904896
JEERA PAPAD 200G EVR,1.2222222222222223,0.6666666666666666,54.54545454545454
JIVIKA COLD PRESSED SAFFLOWER OIL 1LTR,1.25,0.5,40.0
JIVIKA CORIANDER POWDER 100GMS,1.1764705882352942,0.39295262399668784,33.400973039718465
JIVIKA FOREST HONEY250ml,1.1,0.31622776601683794,28.747978728803446
JIVIKA NATURALS PEANUT BUTTER500GMS,1.0,0.0,0.0
JIVIKA RED CHILLI POWDER 200GMS,1.1081081081081081,0.3148000938676784,28.40878895879049
JIVIKA RED CHILLI POWDER 500GMS,1.6,0.5477225575051662,34.232659844072884
JIVIKA TURMERIC POWDER 100GMS,1.393939393939394,0.7474704818333103,53.62288239238965
JOWAR FLOUR 500g,1.5344827586206897,0.9590843081939333,62.50212345533498
JUBJUB GUAVA JUICE,1.0,0.0,0.0
JUJUBIES FLYBERRY,0.15535714285714286,0.09549423030033828,61.46755053814877
KABULI CHANA 500g,1.4556962025316456,0.7645590040189314,52.521879406517904
KAJJIKAYALU 250g VELLANKI FOODS,1.4444444444444444,0.637958667096737,44.166369260543334
KAJU PAKODI 250g VELLANKI FOODS,1.1724137931034482,0.4245919004310795,36.215191507356785
KALA JAMUN BOX PACK ANAND,7.023255813953488,3.8500626249636865,54.81877247464851
KANDI KARAM 100g  VELLANKI FOODS,1.0588235294117647,0.24253562503633297,22.90614236454256
KANDI KARAM 250GM AHA,1.0,0.0,0.0
KARAM GAVVALU 250G VELLANKI FOODS,1.1142857142857143,0.32280285109067564,28.969486636342683
KARAM SAKINALU 250g  VELLANKI FOODS,1.0740740740740742,0.2668802563418119,24.84747214216869
KARAN PHOOL 50g,1.3968253968253967,0.5547356981738862,39.71403293744867
KARIVEPAKU KARAM 100g VELLANKI FOODS,1.1764705882352942,0.3929526239966879,33.400973039718465
KARIVEPAKU KARAM 250g AHA,1.0,0.0,0.0
KARPURAVALLI BANANA,5.682872928176795,2.4620336062303227,43.323749049940545
KASOORI METHI PAPAD 200G EVR,1.6666666666666667,1.1547005383792517,69.2820323027551
KASURIMETHI 50G,1.303030303030303,0.6317179743110044,48.480681749449175
KEERA JUICE,1.5,0.5222329678670935,34.81553119113956
KESARI MANGO KG LOOSE,8.491351351351351,4.037618084052697,47.54977054871405
KHUS KHUS 50G,1.278688524590164,0.6863222649500161,53.67392072044998
KIMIA DATES PLASTIC BOX 400G ORIGINAL,1.4615384615384615,0.7920882817930375,54.195514017418354
KIMJO KIMIA DATES 400g ELEPHANT,1.6923076923076923,1.3008872711759818,76.87061147858074
KINELY WATER 500ml,3.0113636363636362,3.7462450723505483,124.40360994975406
KINLEY SODA 750ML,2.1097560975609757,1.714182651294604,81.25027595731649
KINLEY WATER 1Lt,2.022727272727273,1.4704632455278177,72.69705932946515
KIRAN MELON,72.74395604395605,54.15743670087337,74.44939709925642
KISMIS GREEN 250g,1.5,0.5773502691896257,38.49001794597505
KNOOL COOL,0.8862962962962962,0.6066816941878814,68.45134033879148
KOBBARI KARAM 250g AHA,1.0,0.0,0.0
KOBBARI VUNDALU 250g VELLANKI FOODS,1.3666666666666667,0.6079991129502695,44.48773997197094
KODO MILLET ARIKALU 500G,1.0769230769230769,0.271746488194703,25.233602475222423
KOTHIMEERA CORIANDER KARAM 100g VELLANKI FOODS,1.0,0.0,0.0
KOVA KAJJIKAYALU 250g VELLANKI FOODS,1.1702127659574468,0.43334637898719497,37.03141784072393
KP MALABAR  PAROTA 5PC ID FRESH,1.6952380952380952,0.9719509476761904,57.33418511573033
KURA KARAM 100g VELLANKI FOODS,1.75,0.7071067811865476,40.406101782088435
KURNOOL MURMURA 500g,1.5632183908045978,0.6938458615988463,44.38572791110267
Kashmir Comb Honey 500g BT,1.25,0.46291004988627577,37.03280399090206
L G HING 50g,1.2777777777777777,0.5290313921087084,41.402456773725014
LAB LAB,3.724207650273224,1.6363948919373754,43.93941062382283
LADIES FINGER,31.164098360655736,8.308790600503738,26.661418226665194
LAKSHMAN FRUIT ANAND,1.7014285714285715,0.4944164429381561,29.0589009283551
LAL MICHI WITHOUT STEM 200G EVR,1.4404761904761905,0.700278610237666,48.61438285947434
LAL MIRCHI WITH STEM 200G EVR,1.2467532467532467,0.5169710405165273,41.4653855414298
LANGADA MANGO KG LOOSE,3.8128,2.869704572483609,75.26501711297757
LASSI 200ml MILKY MIST UHT ROSE,1.6,1.0954451150103321,68.46531968814575
LASSI BLUBERRY 180ml MILKYMIST,1.8636363636363635,0.8335497554466649,44.72706004835763
LEAF ONION,1.2731318681318682,0.8935487472601549,70.18508998375046
LEMON,9.290163934426229,3.123011802768377,33.61632609297177
LEMON JUICE,1.0714285714285714,0.2672612419124244,24.944382578492945
LEMON PICKLE  250g AHA,1.0,0.0,0.0
LEMON PICKLE 500g  AHA,1.0,0.0,0.0
LETTUCE RED ENG ITEM SAMBERRY,0.095,0.02273030282830976,23.926634556115534
LETTUCE ROCKET ARUGULA KG ENGLISH ITEM SAMBERRY,0.12,,
LIME PICKLE 250g VELLANKI FOODS,1.3333333333333333,1.0,75.0
LITTLE MILLET SAMELU 500g,1.25,0.5501196042201808,44.00956833761446
LOBIA,2.2869662921348315,1.3290125508960708,58.11246783420964
LONG CHILLIES,1.7428729281767954,1.0103165237723717,57.96845584314946
LOTUS ECLAIRS  250G,1.2,0.4472135954999579,37.26779962499649
LOTUS KAJOOS 13.5 G,6.777777777777778,7.00046683784106,103.28557629601565
LOTUS TANGO 20G,7.695652173913044,6.160244849094109,80.0483793950082
LOW GI RICE 1Kg AISHWARYA,1.2,0.4472135954999579,37.26779962499649
LOW GI RICE 5KG AISHWARYA,0.8333333333333334,0.408248290463863,48.98979485566356
LYCHEE LOCAL ANAND,2.3962222222222223,1.0977524329467023,45.81179586627247
Lotus Stem SAMBERRY,0.2636842105263158,0.17938967177223186,68.03201125094621
MAAZA 600ML,1.3333333333333333,0.7071067811865476,53.03300858899107
MAGAYA PICKLE 250GMS VELLANKI FOODS,1.3333333333333333,0.6513389472789296,48.850421045919724
MAIDA 1 KG,1.1666666666666667,0.3790490217894517,32.48991615338157
MAIDA 500g,1.1111111111111112,0.32025630761017426,28.82306768491568
MALGUDI COFFEE 200g 60 DEGREES CONTINENTAL,1.0,0.0,0.0
MALGUDI COFFEE 200g 80 DEGREES CONTINENTAL,1.0,0.0,0.0
MALGUDI COFFEE 500g 80 DEGREE CONTINENTAL,1.0,0.0,0.0
MALGUDI FILTER COFFEE 500g 60 DEGREE CONTINENTAL,1.0,0.0,0.0
MALLIKA MANGO Kg LOOSE,4.484677419354839,3.089803281839374,68.89689029816262
MANGO AVAKAYA 250g  AHA,1.0625,0.24999999999999997,23.52941176470588
MANGO AVAKAYA pPICKLE 500g AHA,1.0,0.0,0.0
MANGO BELLAM AVAKAI 250g AHA,1.0,0.0,0.0
MANGO GINGER,0.4147826086956522,0.4482050083037884,108.05781122628022
MANGO JELLY ROLLS 250g VELLANKI FOODS,1.574468085106383,0.9445868608445519,59.994030350937756
MANGO JUICE,1.4166666666666667,0.90033663737852,63.55317440318964
MANGO MAGAYA  250g AHA,1.1333333333333333,0.3518657752744984,31.04698017127927
MANGO MAGAYA 500g AHA,1.25,0.5,40.0
MANGO PICKLE 250G VELLANKI FOODS,1.3695652173913044,0.7105145444495813,51.87883975346149
MARATHI MOGGA 50gms EVR,1.25,0.5,40.0
MAREDUKAYA KG LOOSE,3.0400000000000005,2.0787736769547567,68.38071305772225
MASALA KARAM 250g AHA,1.0,,
MASALA PALLI 250GMS VELLANKI FOODS,1.488888888888889,0.7070184976752244,47.48631700803746
MASOOR DAL 500g,1.2826086956521738,0.620503146317061,48.37821140777086
MASTI BUTTER MILK 1Lt AMUL,1.5,0.7559289460184544,50.395263067896956
MASTI BUTTER MILK 200ml AMUL tetra,4.375,4.004404626190566,91.52924859864152
MEDJOUL DATES LARGE FLYBERRY loose kgs,0.3575,0.21447822521391094,59.993909150744315
MENTI BIG,3.3585792349726775,1.4057234471602567,41.854705481488885
METHI 100G,1.5303030303030303,0.7690092921254537,50.25209235671282
MILK BREAD 350g SPENCERS GOLDEN CRUST NANDA,1.0,,
MILK CHOCOLATE SMOOTH N CREAMY 150g AMUL,1.105263157894737,0.3153017676423057,28.5273027866848
MILK SHAKE CHOCOLATE 220ML MILKY MIST,2.5051546391752577,1.5008588606486715,59.910826947704166
MILK SHAKE STRAWBERRY 180ML HERITAGE,2.142857142857143,1.1126972805283735,51.92587309132409
MILK SHAKE STRAWBERRY 180ML MILKY MIST,2.0422535211267605,1.4186172313540277,69.46332650078342
MILK SHAKE STRAWBERRY 180ml EPIGAMIA,2.058333333333333,1.367668895340869,66.44545240522442
MILK SHAKE VANILA 180ml EPIGAMIA,1.5471698113207548,0.9107485876136995,58.865457492104966
MILK SHAKE VANILLA 180ML MILKY MIST,1.5675675675675675,0.7652356405615106,48.816756380648094
MILKSHAKE CHOCOLATE 180ml EPIGAMIA,3.046979865771812,2.2340593596779934,73.32045035066542
MILLET DOSA BATTER 1Kg DSL,1.0,0.0,0.0
MILLET IDLY RAWA 500GMS SRI AHARYA,1.0909090909090908,0.30151134457776363,27.638539919628336
MILLET MOONG MIX 250g VELLANKI,1.2777777777777777,0.5290313921087083,41.402456773725
MILLETS UPMA RAWA 500GMS SRI AHARYA,1.0,0.0,0.0
MINI MEDJOUL FLYBERRY loose kgs,0.3076470588235294,0.2866515613895358,93.17545972508813
MINUTE MAID PULPY 250 ML,2.404255319148936,1.56954125765523,65.28180452194319
MISHTI DAHI 80g  EPIGAMIA,1.8225806451612903,1.04840540194734,57.52312824843813
MIXED SPROUTS ANAND,10.470588235294118,4.997249504528632,47.72654021179031
MIXTURE 250g VELLANKI FOODS,1.9618320610687023,0.9876512943705755,50.343315004881475
MODERN  CRUST PIZZA BASE 150g,3.0,2.8284271247461903,94.28090415820634
MODERN 100% WHOLE WHEAT BREAD 400G,1.9489795918367347,1.1786104782212943,60.47320778308212
MODERN BANANA PUDDING  CAKE 140g,1.1,0.4025778999364487,36.597990903313516
MODERN BURGER BUN,1.0,0.0,0.0
MODERN CHOCO CHEER CAKE 120g,1.7857142857142858,1.2145597060264701,68.01534353748232
MODERN FRUIT & NUT CAKE 140g,1.3863636363636365,0.5793303708998299,41.787764458348384
MODERN HI FIBER  BROWN BREAD 400g,1.4,0.6681143701449647,47.72245501035462
MODERN MILK PLUS BREAD 450g,1.816326530612245,1.0086935387743687,55.53481280892591
MODERN SANDWICH SUPREME BREAD 400g,1.5138888888888888,0.691865320191188,45.70119546217021
MODERN WOW PAV 200g,1.9090909090909092,1.0713203408538794,56.11677975901272
MODREN FRUITY BREAD 200G,1.4492753623188406,0.6759792871012693,46.64257080998758
MOONG DAL 500G,1.435897435897436,0.7133193596310905,49.67759826002238
MOONG DAL1kg,1.2962962962962963,0.6333388502463011,48.8575684475718
MOONG GREEN 500g,1.5542168674698795,0.7691143473009809,49.48565180308637
MOONGDAL RICE RAWA 500G AISHWARYA,1.0,,
MOUSAMBI,9.233571428571429,4.889628768615238,52.95490273119311
MOUSAMBI JUICE,1.8644067796610169,1.1057471669394514,59.3082571358433
MOZZARELLA CHEESE 200g MILKY MIST,1.04,0.19999999999999998,19.23076923076923
MUKHWAS TINIMINI KG FLYBERRY,0.12208333333333334,0.043437027549302225,35.57981778782435
MULAGAKU KARAM 100g VELLANKI FOODS,1.1818181818181819,0.40451991747794525,34.22860840197998
MULBERY BOX PACK ANAND,3.4444444444444446,1.056485502106686,30.6721597385812
MULTIGRAIN HEALTH MIX 500GMS SRI AHARYA,1.0,0.0,0.0
MUNAGAKU KARAM 250g AHA,1.0,0.0,0.0
MURUKULU 250g VELLANKI FOODS,2.0620689655172413,1.2921810247663765,62.664297187667096
MUSK MELON - H,8.455439560439562,4.632647128692063,54.78895680795608
MUSK MELON - LOCAL,3.5868181818181815,1.6679396653574514,46.501929587965954
MUSK MELON JUICE,1.8181818181818181,1.0404097420197682,57.22253581108725
MUSTARD BIG 200g,1.2340425531914894,0.5599986784707547,45.37920325538874
MUSTARD OIL 1Lt. MESMARA,1.1428571428571428,0.3779644730092272,33.071891388307385
MUSTARD SMALL 200g,1.1272727272727272,0.3875156128059232,34.37638500697706
MYSORE PAK 250g HARD VELLANKI FOODS,1.253968253968254,0.4741122083143489,37.80894825797972
Mango Juices,1.4,0.5477225575051661,39.123039821797576
Mango Milk Shake,1.0,,
Moosambi Economy,2.17,,
NAGPUR ORANGE,10.882,6.7604630566804165,62.12518890535211
NAGPUR ORANGE JUICE,1.894736842105263,0.9941348467724344,52.4682280241007
NALLA KARAM 100g VELLANKI FOODS,1.1666666666666667,0.408248290463863,34.99271061118826
NALLA KARAM 250g AHA,1.0,0.0,0.0
NANDA CREAM BUN VANILLA 60g,4.32258064516129,3.176865297471639,73.49464494150807
NANDA CRM BUN CHOCOLATE 60g,2.911764705882353,2.5150172848231085,86.37433099392494
NANDA CRM BUN PINEAPPLE 60g,2.84375,1.74336299035199,61.30507218820185
NANDA MUFFIN FRUIT 240g,1.891304347826087,1.0376953282167647,54.866649537897906
NANDA MUFFIN VANILLA 240g,2.425,1.7377778324261692,71.66094154334719
NANDA OSMANIA COOKIES 300g,2.5535714285714284,1.4883748655025522,58.286008718981066
NANDAS Mr BREADRY ZERO MAIDA 450g,1.5,0.7071067811865476,47.14045207910317
NARINJAAKAYA KG LOOSE,2.015,1.56270598642227,77.55364696884715
NATU DONDAKAI,4.062841530054645,2.012180658445415,49.526437188367304
NATURAL BROWN SUGAR 1Kg JIVIKA ORGANICS,1.1818181818181819,0.5010810823432184,42.39916850596463
NATURAL COW GHEE 500ml JIVIKA ORGANICS,1.0,0.0,0.0
NATURAL CURD 450g SIDS FARM,5.862637362637362,2.7082500660488833,46.19508078921245
NATURAL ROCK SALT 1Kg JIVIKA ORGANICS,1.3934426229508197,0.8016376680394154,57.52929147106393
NATURAL THICK CURD  POUCH 400 GMS ID FRESH,1.7636363636363637,1.2904727293979774,73.17113414112242
NATURAL THICK CURD CUP 400g ID FRESH,1.1666666666666667,0.38924947208076144,33.36424046406526
NAVARATAN MIXTURE 250g VELLANKI FOODS,1.404040404040404,0.6533929017560118,46.53661674377351
NEELAM MANGO Kg LOOSE,6.713157894736842,4.589327743290769,68.36317296944306
NETHI BHERAKAI,2.0326190476190478,1.1703130437935565,57.576605176677255
NUTMEG 50G,1.1071428571428572,0.314970394174356,28.44893882865151
NUTRI+ WITH IMMUNITY BOOSTERS - 30 EGGS TRAY ABHI EGGS,1.3181818181818181,0.5612580251760543,42.578195013355845
NUTRI+ WITH IMMUNITY BOOSTERS - 6 EGGS PACK ABHI EGGS,1.6271186440677967,0.848899999893285,52.17197916010814
NUVULA KARAM FLYBERRY,0.06,,
NUVVULA CHIKKI 250g VELLANKI FOODS,1.7191011235955056,1.0111735311569225,58.81989821762491
NUVVUNDALU 250g VELLANKI FOODS,1.0985915492957747,0.30023465001632055,27.32905147584456
OKRA CHIPS VACUUM FRIED 20g FLYBERRY,1.3333333333333333,0.5773502691896257,43.30127018922193
OLIVE OIL 1LTR MESMARA,1.0,0.0,0.0
OMANI SEEDLESS 250g FLYBERRY,1.1666666666666667,0.3790490217894517,32.48991615338157
ONION,72.67180327868853,23.809223845747525,32.762671038231595
ONION WHITE,1.9634883720930234,1.6637033900607607,84.73202152388097
ORANGE DRAGES KG LOOSE FLYBERRY,0.12,,
ORANGE JUICE,1.0,,
ORGANIC CURD. 1KG TUB AKSHAYAKALPA,1.208955223880597,0.5086319569803804,42.072026071216655
ORGANIC GREEK YOGHURT NATURAL 100g AKSHAYAKALPA,1.4848484848484849,0.712443511849015,47.980889573505095
ORGANIC MALAI PANEER 200g AKSHAYAKALPA,1.9914529914529915,1.1024715689173787,55.36016032761086
ORGANIC- CHEESE SLICES AKSHAYAKALPA,1.125,0.3415650255319866,30.361335602843255
ORGANIC-PROBIOTIC CURD AKSHAYAKALPA,2.1755725190839694,1.2918735114942672,59.38085263359615
OUTSIDE YELLOW MELON Kg,4.255263157894737,2.8565503073823106,67.1298155105305
PALAK GREEN,9.96153005464481,3.1243817600180535,31.364476570155336
PALLI GROUND NUT KARAM 100g VELLANKI FOODS,1.0869565217391304,0.2881040655200304,26.505574027842794
PALLI PEANUT CHIKKI 250g VELLANKI FOODS,2.0753424657534247,1.1631444683796395,56.045905077038725
PALLI PEANUT VUNDALU 250g VELLANKI FOODS,1.3015873015873016,0.5857149101441603,45.000047974490364
PANASA POTTU,1.3746478873239436,0.7956521691326385,57.880434434853825
PANDU MIRAPAKAI PICKLE 500g AHA,1.0,0.0,0.0
PANDUMIRAPAKAYA 250g PICKLE AHA,1.0833333333333333,0.28867513459481287,26.646935501059648
PANEER 200G HERITAGE,7.9491525423728815,4.45975843521398,56.10357093339549
PANEER 200G ID FRESH,2.2706766917293235,1.3207425571456528,58.16515235111649
PANEER 200g SINGLE BLOCK MILKY MIST,2.3728813559322033,1.551379921559174,65.37958240856518
PANEER 500G HERITAGE,2.8354430379746836,1.8780012396083052,66.23307943261435
PANEER 500g MILKY MIST,1.0434782608695652,0.20851441405707474,19.98263134713633
PAPPAYA,20.59120218579235,7.556093362211502,36.69573682018966
PAPPAYA JUICE,1.3478260869565217,0.5727680517510726,42.495694162176356
PARSLEY PACK,1.0,,
PARVAL,2.2278980891719744,1.2853952958023007,57.69542610811402
PASTEURISED BUTTER 100g AMUL,2.0638297872340425,1.292188156294332,62.61117870704496
PASUPU KOMMULU,0.2761764705882353,0.2090828608507284,75.70625419515193
PEANUT OIL 1LT COLD PRESSED JIVIKA ORGANICS,1.1111111111111112,0.3233808333817773,29.10427500435996
PERI PERI CASHEW FLYBERRY,0.165,0.07778174593052022,47.140452079103156
PERSIMMON FRUIT,0.725,0.6272843966541127,86.52198574539486
PGB SOYA CHUNKS 200G MEDIUM,1.2857142857142858,0.4688072309384954,36.46278462854964
PGB SOYA CHUNKS SMALL 200G,1.0,0.0,0.0
PHOOL MAKHANA 250g,1.0,,
PINE APPLE,3.9441340782122905,2.148217631702615,54.46614108707764
PINE APPLE JUICE,1.5555555555555556,0.9428090415820635,60.60915267313265
PINK LADY APPLE,4.025652173913043,2.5257555262259386,62.74152403412528
PISTA FLAVOURED MILK 200ML HERITAGE,2.3366336633663365,1.4985141155342667,64.1313244360004
PISTA GREEN SHELLED KG FLYBERRY,0.18107142857142858,0.21004483133091179,116.0010902813714
PLAIN BUTTER MILK 200ML UHT AKSHAYA KALPA,2.25531914893617,1.5584398747739003,69.10063595695595
PLAIN CUP PAPAD 200G EVR,1.0,0.0,0.0
PLUMS LOCAL BOX ANAND,2.272727272727273,1.202450600185906,52.90782640817986
POHA MEDIUM 500g,1.8928571428571428,1.0768417523425433,56.88975295394568
POKCHOY LEAF SAMBERRY,0.2219047619047619,0.06289825495346016,28.34470716786831
POMEGRANATE CANE,1.25,0.5,40.0
POMEGRANATE JUICE,1.3269230769230769,0.6174315504224038,46.53107336516667
POMEGRANATE SEEDS,1.375,0.7440238091428449,54.110822483115996
PONAGANTI KURA,0.7601418439716312,0.5303165979132558,69.7654789193591
POOJA GINGELLY OIL 1LTR,1.2222222222222223,0.4277926319464986,35.00121534107715
POOJA OIL 500ML,1.1666666666666667,0.3806934938134406,32.63087089829491
POOJA PATRI PACK,29.5,9.192388155425117,31.160637815000396
POPU SEEDS LOOSE,1.0,,
POTATO,54.3824043715847,16.08573167182652,29.5789269667368
POTATO CHIPS 200G EVR,1.1111111111111112,0.3333333333333333,30.0
PREMIUM FREEZE DIRED COFFEE 50gm JAR CONTINENTAL,1.0,0.0,0.0
PREMIUM MILK BREAD 400g SPENCERS AKSHAYA  FOODS,4.379888268156424,2.2637440372306994,51.68497227860909
PREMIUM SANDWICH BREAD 400g SPENCERS AKSHAYA FOODS ENGLISH RECIPE,1.6833333333333333,0.9476405430700275,56.29547780614025
PRM BROWN BREAD 400g MR BREADY NANDAS,1.3928571428571428,1.0306159867619522,73.99294263931965
PRM CHITTIMUTYALU RICE 1KG GAJANAN,1.25,0.5,40.0
PRM HMT RAW RICE 26KG BAG GAJANAN,1.0909090909090908,0.2942449431682499,26.97245312375624
PRM HMT RICE 26KG BAG GAJANAN,1.0,0.0,0.0
PROSO MILLET VARIGALU 500g,1.25,0.7163503994113789,57.30803195291031
PUDHINA,3.041530054644809,1.5928679842662883,52.37061464619668
PULIHORA PASTE 250G VELLANKI FOODS,1.3529411764705883,0.701888209634219,51.87869375557271
PUMPKIN,6.824505494505495,3.949873979033495,57.8778049517814
PUMPKIN SEEDS KG FLYBERRY,0.2343010752688172,0.1988903884788454,84.88667337555128
PURE O FRESH EGGS 30 pack,4.396648044692737,2.0998100353175553,47.75933879565977
PURE O FRESH EGGS 6 PACK,10.192307692307692,5.115391805049444,50.188749785390776
PUTNALU KOBBARIKARAM 250g AHA,1.0,0.0,0.0
Pomogranate Pack of 4,1.3956043956043955,0.6972823575874308,49.962751606658436
QUINOA SEEDS KGS FLYBERRY,0.12,,
RAGI FLOUR 500G,1.7422680412371134,1.0335854919029026,59.32413770093583
RAGULU 500g,1.3584905660377358,0.7096678427438243,52.239438424198184
RAISIN N ALMOND 150G CHOCOLATE AMUL,1.1,0.31622776601683794,28.747978728803446
RASAM PODI 100g VELLANKI FOODS,1.2,0.4216370213557839,35.136418446315325
RAW BANANA(GREEN PLANTIN),11.656502732240437,3.230833901938564,27.71700891900003
RAW HONEY 500g BT ROYAL BEE PON,1.0,0.0,0.0
RAW HONEY 950G BT ROYAL BEE PON,1.0,0.0,0.0
RAW MANGO,5.464371584699454,2.5707446463992363,47.04556794046483
RAW PEANUT 1KG,1.6666666666666667,0.8046340145904206,48.27804087542523
RAW PEANUT500g,1.9858156028368794,1.0953526216496736,55.158828447358566
RED BANTHI POOLU KGS LOOSE,4.055,1.4354267658086919,35.39893380539315
RED BULL CAN 250ml,1.3333333333333333,0.5940885257860045,44.55663943395034
RED CHERRY FLYBERRY,0.160327868852459,0.10028238816985353,62.548319819642806
RED CHILLI PAPAD 200G EVR,1.0,0.0,0.0
RED CHILLI PICKLE 250G VELLANKI FOODS,1.0555555555555556,0.2357022603955158,22.329687826943605
RED LOBIYA 500g,1.125,0.3349320635285418,29.771738980314826
RED RAJMA 500g,1.1136363636363635,0.3867520743564635,34.728757697315096
RED RICE 1KG,1.1,0.31622776601683794,28.747978728803446
RED SEEDLESS GRAPES,0.28,,
REDCHILLY,0.6,,
RIBBON PAKODI 250g VELLANKI FOODS,1.8267716535433072,1.1133710300787751,60.947465870691566
RICE FLOUR 500G,1.7532467532467533,1.1488649336106092,65.52785176890141
RICE RAVA IDLY BATTER 1KG ID FRESH,1.2941176470588236,0.501761602638497,38.772487476611126
RICE RAWA 500g,1.4821428571428572,1.2208949240554716,82.37363343024869
RIDGE GOURD,35.29901639344263,9.908676801181839,28.070688119860865
ROASTED CHANA 200G,2.5,1.0,40.0
ROASTED SALTED ALMOND  KGS FLYBERRY,0.11,,
ROASTED SALTED PISTA KG FLYBERRY,0.20287671232876714,0.13999483573862834,69.00488189682558
ROMAIN LETTUCE KG ENGISH ITEM SAMBERRY,0.15171875,0.0851619314218041,56.131448104999606
ROSE FLOWER POOLU KG LOOSE,1.08,0.0989949493661165,9.166199015381157
ROSE LONG BRINJAL,9.66344262295082,3.6096250536978456,37.353407005542024
ROUND CHEKKALU 250g VELLANKI FOODS,1.0,,
RUBUSTA BANANA,23.926939890710383,8.303861569047585,34.70507138387368
RUMANI MANGO KG LOOSE,1.5415384615384615,0.9478734633716162,61.48879752410684
Raw Forest Honey 1000g BT,1.1428571428571428,0.3779644730092272,33.071891388307385
Raw Forest Honey 500g BT,1.0909090909090908,0.29424494316824984,26.972453123756235
Raw Jamun Honey 1000g BT,1.0,0.0,0.0
Raw Jamun Honey 500g BT,1.0,0.0,0.0
Raw Neem Honey 1000g BT,1.0,0.0,0.0
Raw Neem Honey 500g BT,1.0,0.0,0.0
Raw Pappaya,1.230357142857143,0.5666240646917766,46.053624996719144
Red Banana,1.2507894736842105,0.9363657562925591,74.86197925334999
Royalaga Pack of 4,1.5294117647058822,0.6615791254131682,43.257096661630236
SABJA SEEDS KG FLYBERRY,0.14285714285714285,0.09074987641692088,63.524913491844615
SABUDANA 250g,1.4848484848484849,0.932200444645715,62.780846272058355
SAFFLOWER OIL 1Lt. COLD PRESSED MESMARA,1.0,0.0,0.0
SAMBAR ONION CHENNAI,1.47,1.6900532535988324,114.96960908835594
SAMBAR PODI 100g VELLANKI FOODS,1.5333333333333334,0.6399404734221844,41.7352482666642
SAMBAR Â ONION,2.4147999999999996,1.5987011170775376,66.20428677644267
SANNAPOOSA 250g VELLANKI FOODS,1.4591836734693877,0.6911572149758479,47.36601892841475
SAUNF 100gm EVR,2.5,0.7071067811865476,28.284271247461902
SESAME OIL 1Lt COLD PRESSED JIVIKA ORGANICS,1.2857142857142858,0.46880723093849547,36.46278462854964
SET CURD 1kg BUCKET MILKY MIST,1.8272727272727274,0.9564756686680335,52.3444395788476
SET CURD 200g MILKY MIST,1.2222222222222223,0.5378737547981207,44.00785266530078
SET CURD 400g MILKY MIST,1.1754385964912282,0.4676234373916635,39.78288944973853
SHAH JEERA 50g,1.5063291139240507,0.7315844715501467,48.56737248106016
SHRIKAND ELAICHI 100g MILKY MIST,1.0,0.0,0.0
SHRIKAND MANGO 100g MILKY MIST,1.2666666666666666,0.5936168397046636,46.86448734510502
SID FARMS MALAI PANEER 200g,2.5448717948717947,1.36944984818109,53.81213509225442
SIMLA APPLE,4.593548387096774,2.452929606799587,53.399450709822474
SINGLE POLISH RICE 1Kg,1.6,1.0034423509719619,62.71514693574761
SINGLE POLISH RICE 5Kg,1.3,0.651258728182957,50.09682524484285
SKYR YOGHURT 100g MILKYMIST,1.4615384615384615,0.9046886417224095,61.89974917048065
SMALL AMLA,0.626,0.6511758595034064,104.02170279607131
SMALL CAPSICUM,2.256036036036036,1.444525262864321,64.02935235921238
SNAKE GOURD,2.479657142857143,1.48902957565513,60.049816965397916
SOAN PATTI 250g VELLANKI FOODS,1.0434782608695652,0.20851441405707477,19.98263134713633
SONA MASURI TELANGANA STEAM RICE 26KG GAJANAN,1.0,0.0,0.0
SOYA CHUNKS MEDIUM 200G EVR,1.4556962025316456,0.6364458273405841,43.72106118252708
SOYA CHUNKS SMALL 200G EVR,1.5625,0.8395862452965385,53.73351969897846
SOYAKURA,0.1742241379310345,0.10955364667253381,62.88086597730788
SPECIAL  LONG LIFE MILK 500ML HERITAGE,4.727848101265823,3.922251943461818,82.96061674256589
SPECIAL LONG LIFE COW MILK 180ML HERITAGE,5.154471544715447,4.573681876450366,88.73231400684465
SPECIALE COFFEE 200g JAR CONTINENTAL,1.0,,
SPICE ALMOND DRAGEE KG LOOSE FLYBERRY,0.17,,
SPICE BUTTER MILK 200ml UHT AKSHAYA KALPA,2.650943396226415,2.0049579158637085,75.63186444183384
SPICED TARO CHIPS 30g FLYBERRY GOURMET,1.0,,
SPICY ALOO CHIPS 100g VELLANKI FOODS,2.0267857142857144,1.24089346936657,61.22469981015676
SPRITE 600ML,1.5,1.0690449676496976,71.26966450997983
SPRITE PET  250ML,2.1636363636363636,1.729521838903976,79.93588331068796
SPROUTED RAGI FLOUR 500GMS SRI AHARYA,1.1428571428571428,0.3779644730092272,33.071891388307385
SRI DIVYA DEEPARDHANA OIL 910 ML,2.0,,
SRI LALITHA BROWN RICE 5KG SONAMASOORI,1.0,0.0,0.0
SRI LALITHA HMT RICE 10KG,1.0,0.0,0.0
SRI LALITHA HMT RICE 26KG,1.0,,
SRI LALITHA IDLY RAVA 1KG,1.25,0.46291004988627577,37.03280399090206
STAR FRUIT,2.4,0.8944271909999159,37.26779962499649
STAR PAPAD 200G EVR,1.1428571428571428,0.37796447300922725,33.071891388307385
STRAWBERRY FLAVOURED MILK 180ML HERITAGE,2.2280701754385963,1.5966507407545905,71.66070253780445
STRAWBERRY LOCAL ANAND BOX,7.0,,
SUGAR 1 KG,1.8278688524590163,1.1185337432211389,61.1933258623224
SUGAR 2 KG,1.25,0.8032193289024989,64.2575463121999
SUGAR CANE PACK,1.8431372549019607,1.0074234267597284,54.65807953696399
SUGAR FREE DARK CHOCOLATE 150g AMUL,1.25,0.5773502691896256,46.18802153517005
SUN MELON YELLOW,1.3,,
SUNFLOWER OIL 1LT COLD PRESSED MESMARA,1.0714285714285714,0.2672612419124244,24.944382578492945
SUNFLOWER OIL 1Lt COLD PRESSED JIVIKA ORGANICS,1.1428571428571428,0.3585685828003181,31.37475099502784
SUNFLOWER OIL COLDPRESSED 5L MESMARA,1.0,,
SUNFLOWER SEEDS KG FLYBERRY,0.19584615384615386,0.11872884426936217,60.62352613910872
SWEET ALMOND OIL100ML MESMARA,1.0,0.0,0.0
SWEET CORN,38.31693989071038,14.19673725987902,37.05081173071678
SWEET CORN SEED,2.8472222222222223,1.7393811472609375,61.09045980623781
SWEET POTATO,12.268469945355191,4.642329234661502,37.839512631475905
Small Bitter Gourd,4.226938775510204,3.022235947096828,71.49940199292418
Snake Gourd Small,0.5025,0.29101832702884306,57.914094931113056
TABLE BUTTER 100g HERITAGE,1.5584415584415585,0.7162311170195085,45.95816334208512
TABLE BUTTER 500G HERITAGE,1.0,0.0,0.0
TABLE BUTTER CHIPLITE MILKY MIST,1.1176470588235294,0.32539568672798425,29.114350917767013
TABLE BUTTER SALTED 100g MILKY MIST,1.3529411764705883,0.6063390625908324,44.81636549584413
TABLE BUTTER SALTED 200G MILKY MIST,1.1818181818181819,0.4045199174779452,34.228608401979976
TAMARIND 500g,1.5901639344262295,0.9014257074273669,56.687596034092145
TAMARIND PICKLE 250g AHA,1.0,0.0,0.0
TAMARIND PICKLE 500g AHA,1.0,,
TAMARIND PICKLE250G VELLANKI FOODS,1.0,0.0,0.0
TAMARIND SEEDLESS 500g SRI SIVA RUDRA EVR,1.4320987654320987,0.7405786859770249,51.712822038050874
TAPESWARAM KAJA 250g VELLANKI FOODS,1.2625,0.47048991433788556,37.266527868347374
TATA IODISED CRYSTAL SALT 1KG,1.5384615384615385,0.9674179220468453,62.88216493304494
TATA SALT 1KG,1.489795918367347,0.9869759913016372,66.24907338874002
TEENDA,0.8442105263157894,0.5140937634914654,60.896393431033935
TELANGANA CHEKKALU 250g  VELLANKI FOODS,2.6352201257861636,1.3614092830769466,51.662070646595346
THADKA MIX POPU DINUSULU 200G,1.0,,
THAI RED CHILLI KG ENGLISH ITEM SAMBERRY,0.20333333333333334,0.03511884584284245,17.27156352926678
THAMALAPAKULU,38.75,30.445306151633073,78.56853200421439
THIS CREAMY CARAMEL 18G CONTINENTAL,7.5,3.5355339059327378,47.14045207910317
THIS CREAMY COFFEE MOCHA 22g CONTINENETAL,8.333333333333334,2.8867513459481287,34.64101615137754
THIS IS CAPPUCCINO 22g CONTINENTAL,5.0,,
THIS IS CARAMEL CREAMY COFFEE22g CONTINENTAL,5.0,0.0,0.0
THOTAPURI MANGO,3.2180128205128207,1.8019041612378246,55.99431269359189
THREE MANGO MIRCHI  PWD 500G,1.4,0.9660917830792959,69.00655593423542
THREE MANGO MIRCHI PWD 200G,2.0,,
THREE MANGO RAI PWD 200G,1.5,0.7071067811865476,47.14045207910317
THREE MANGO RAI PWD 500G,1.3333333333333333,0.5773502691896258,43.30127018922194
THUMMIKURA,2.83,,
THUMS UP  600ml PET BOTTLE,2.25,0.9574271077563381,42.5523159002817
THUMS UP 1.25L,1.0,,
THUMS UP 1Lt PET BOTTLE,1.7142857142857142,1.1126972805283737,64.90734136415513
THUMS UP 250ML,2.6506024096385543,1.8769054379272685,70.8105233399833
TIL 100G,1.6805555555555556,1.0854529643034652,64.58893671888387
TNS DATES 200g,1.6666666666666667,0.5773502691896258,34.64101615137755
TOFU PANEER 200g SAI RATNA FOODS,2.8333333333333335,1.1690451944500122,41.26041862764749
TOMATO (APPLE) hybrid,3.1008928571428576,4.929905056762369,158.98340522815585
TOMATO LOCAL,105.56032786885247,26.11070015394596,24.735334458591055
TOMATO PICKLE  250g AHA,1.1428571428571428,0.3631365196012815,31.774445465112134
TOMATO PICKLE  500g AHA,1.0,0.0,0.0
TOMATO PICKLE 250G VELLANKI FOODS,1.0,0.0,0.0
TONED MILK 500ml HERITAGE,80.06557377049181,136.32474183688836,170.26636470209235
TOOR  DAL FATKA POLISHED 1kg,1.576086956521739,0.8285257084112284,52.568527706091736
TOOR DAL PRM UNPOLISHED FATKA 1KG,1.5638297872340425,0.7698416348568672,49.22796848744593
TOP MILLET ANDU KORRALU 500G,1.0909090909090908,0.29424494316824984,26.972453123756235
TOTAL CURD 120GMS HERITAGE,11.439306358381502,4.933636752851514,43.12881042159232
TRIANGLE PAPAD 200G EVR,1.0,0.0,0.0
TURNIPS KG ENGLISH ITEM SAMBERRY,0.35,,
TUTTI FRUITY KG FLYBERRY,0.11833333333333333,0.06589707309451796,55.687667403818
Thotakura,4.275191256830601,2.009226203230316,46.99734076271127
Tulsi Infused Honey 250g BT,1.125,0.3415650255319867,30.361335602843265
Tulsi Infused Honey 500g BT,1.0,0.0,0.0
UHT BUTTER MILK 180ML MILKY MIST,3.975609756097561,3.045388356827818,76.6017930245034
ULAVACHARU 250g HASSTA,2.5306122448979593,1.5716064656467708,62.10380388442884
URAD BLACK SPLIT 500g,1.375,0.7440238091428449,54.110822483115996
URAD BLACK WHOLE 500G,1.5,1.0690449676496976,71.26966450997983
URAD DAL UNPOLISHED 500g,1.2222222222222223,0.4204374825912608,34.39943039383043
URAD ROUND UN POLISHED 1kg,1.3333333333333333,0.5958006000151014,44.68504500113261
USA FUJI APPLE,4.0260989010989015,2.514200915660517,62.44756965543692
VAAKKAI,0.5733333333333334,0.3730272051401182,65.06288461746249
VAMPOOSA 250g VELLANKI FOODS,2.15,1.2633460196904194,58.7602799856009
VANILLA FLAVOURED MIILK 180ML HERITAGE,1.8888888888888888,1.0540925533894598,55.804899885324346
VARI NUKA AISHWARYA 500G,2.0,,
VELLANIKI BITTER GOURD PAKODA 150G,1.1875,0.4031128874149275,33.946348413888636
VELLANKI  PESARA MURKULU 250G,1.372093023255814,0.8171744528426824,59.55678215633109
VELLANKI AVISELA  CHIKKI 250G,1.105263157894737,0.3110117477759048,28.139158132105667
VELLANKI HEALTHY LADDU 250G,1.4583333333333333,0.682870453847279,46.8254025495277
VELLANKI JONNA MURKULU 250G,1.5166666666666666,0.8334463200240204,54.952504616968376
VELLANKI JOWARI FLAKES 250G,1.507462686567164,0.7255746798303084,48.132181731317495
VELLANKI KAKARAKAYA CHIPS 150G,1.2,0.408248290463863,34.020690871988585
VELLANKI MILLET BOONDI ACTHU 250g,1.34375,0.6015772280350401,44.76853790028205
VELLANKI MILLET MIXTURE 250g,1.4,0.710174503968536,50.726750283466856
VELLANKI MILLET MURKULU 250g,1.467741935483871,0.7178689303510811,48.90975129864509
VELLANKI MULTI SEEDS CHIKI 250g,1.4210526315789473,0.6830606378593979,48.06723007158726
VELLANKI VAM MURKULU 250g,1.3166666666666667,0.6241378234003049,47.40287266331429
VELLANLI RAGI RIBBON PAKODI 150G,1.2142857142857142,0.42581531362631997,35.06714347510871
VENNA VUNDALU 250GMS VELLANKI FOODS,1.4259259259259258,0.6998491653741079,49.080331078184194
VINAYAKA VIGRAHAM 12 INCH,2.5,2.1213203435596424,84.85281374238569
VINAYAKA VIGRAHAM 8 INCH,3.0,2.0,66.66666666666666
VIRGIN COCONUT OIL 200ml AKSHAYA KALPA,1.0,0.0,0.0
VITAMIN D3  WITH IMMUNITY BOOSTERS - 6 EGGS PACK  ABHI EGGS,1.5,0.7872218936609645,52.48145957739764
VITAMIN D3 IMMUNITY BOOSTER 30PC PACK ABHI EGGS,1.135135135135135,0.4191368221424547,36.92395814112101
Vakai Box,3.2,2.142305693455191,66.94705292047472
WALNUT PREMIUM KGS FLYBERRY,0.24790123456790122,0.16728505648579847,67.48052577365377
WALNUT REGULAR  KGS FLYBERRY,0.24546666666666667,0.20823124706021492,84.83076333251559
WASHINGTON APPLE,3.1178709677419354,2.0375188588392694,65.34968508702936
WATER APPLE BOX,2.5555555555555554,1.4240006242195884,55.72176355641868
WATER MELON PLATE,2.0,,
WATERMELON JUICE,2.1153846153846154,1.3482144924611652,63.73377600725508
WHEAT CHAPATI 390G 10PC ID FRESH,1.6551724137931034,0.8557066571310935,51.6989438683369
WHEAT GRASS,2.0,,
WHEAT PAROTA 5PC 400G ID FRESH,1.5316455696202531,0.7482534028120844,48.8529081174832
WHEAT RAWA MEDIUM 500g,2.076923076923077,1.2823848209398179,61.744454341546785
WHEELS PAPAD 200g EVR,1.0,0.0,0.0
WHITE JOWAR 500g,1.71875,1.2504031607910022,72.75072935511285
WHITE JOWAR RAWA 500g,1.0,0.0,0.0
WHITE JOWAR SORGHUM RAWA 500GMS SRI AHARYA,1.4,0.5477225575051661,39.123039821797576
WHITE LOBIYA 500g,1.2391304347826086,0.6031319225028874,48.67380427216285
WHITE PAV 200g SPENCERS AKSHAYA FOODS,1.85,1.0753651735156091,58.127847217059944
WHITE RADISH,3.1211475409836065,1.8299568526355081,58.630898687308154
WHITE RAJMA 500g,1.2857142857142858,0.6436503043467892,50.0616903380836
WHITE ROUND BRINJAL,7.6179781420765025,2.71714069969466,35.6674782864896
WHITE SEEDLESS GRAPES,10.620888888888889,6.478065024731263,60.993623909467054
WHOLE MEAL BROWN BREAD 400g SPENCERS AKSHAYA FOODS,2.9702380952380953,1.4117793386556672,47.53084747377797
WHOLE WHEAT BREAD 400g  SPENCERS AKSHAYA FOODS,2.5533333333333332,1.4214873893954494,55.67182987188445
WHOLE WHEAT BREAD 400g MR BREADY NANDAS,1.0,0.0,0.0
WOOD APPLE,1.774,3.3691262114339713,189.91692285422613
WORKOUT TRAIL MIX KG FLYBERRY,0.19666666666666666,0.11666802720295123,59.32272569641588
XTRA 200g JAR CONTINENTAL,1.0,0.0,0.0
XTRA 50gm POUCH  CONTINENTAL,1.2857142857142858,0.6112498455021267,47.541654650165405
XTRA SACHET 2.3G CONTINENTAL,39.111111111111114,24.136364733822337,61.712296194432106
YELLOW BANTHI POOLU KGS LOOSE,2.7466666666666666,2.1857340490858745,79.57769596186436
YELLOW CAULIFLOWER PC,1.0,,
YELLOW DRAGON KG LOOSE,1.5233333333333334,0.8306824503583383,54.53057660995656
YELLOW JOWAR 500g,1.3333333333333333,0.7019641181630338,52.64730886222754
YELLOW JOWAR SORGHUM RAWA 500G SRI AHARYA,1.0,0.0,0.0
YELLOW MELON,3.8775,1.5248957809821437,39.326777072395714
YOGHURT  MANGO MILKYMIST,1.7733333333333334,1.0210399221002684,57.57743921618055
YOGHURT PEACH 100GM MILKYMIST,1.7692307692307692,1.2927457420330166,73.06823759317051
YOGHURT STRAWBERRY MILKYMIST,2.0285714285714285,1.2622894839143786,62.2255379394412
YOGURT MANGO 90g AKSHAYA KALPA,1.4333333333333333,0.7738543627276671,53.98983926006979
ZUCCHIINI GREEN ENGLISH ITEM SAMBERRY,0.42422680412371133,0.23069566465523725,54.38026603051765
ZUCCHINI YELLOW ENGLISH ITEM SAMBERRY,0.3827835051546392,0.2062550113938711,53.88294130138834
chinna menthi,0.7720348837209302,0.31223199305878324,40.442731234363066
chintakayalu,0.8810810810810811,0.6857185354866162,77.82695034664049
chukkakura,2.900989010989011,1.2339345997919244,42.53496290808937
gangavyalukura,0.4725641025641026,0.21476692321920018,45.447151413721144
koyakura,0.315,0.14888474289418197,47.26499774418475
mulagaku,0.14,,
pink Dragon Fruit,1.7881355932203389,1.1992946282665329,67.0695574101663
red thotakura,0.5957142857142858,0.42574864035238535,71.46859670183926
simla mirchi bajji,0.7840909090909091,0.626651411346046,79.92075970790151
