product,cost_proxy,avg_unit_price,total_revenue,total_quantity,margin_estimate_percent,gap_to_20_percent
A2 BUFFALO MILK 500ml SIDS FARM,60.0,59.912950819672126,174094.0,2913.0,-0.14529276080872272,20.145292760808722
AA KAKARAKAI,146.52800000000002,203.38463917525775,69293.99,334.16,27.955227791939596,0.0
AASHIRVAAD ATTA 1KG,73.0,72.46428571428571,12058.0,167.0,-0.7392804337111962,20.739280433711198
AASHIRVAAD CRYSTAL SALT 1KG,22.0,22.0,1474.0,67.0,0.0,20.0
AASHIRVAAD SALT 1KG,30.0,30.0,2160.0,73.0,0.0,20.0
AASHIRVAD ATTA 2KG,110.0,110.0,4290.0,39.0,0.0,20.0
AASHIRVAD CHILLI PWD 100G,50.0,50.0,200.0,4.0,0.0,20.0
AASHIRVAD CHILLI PWD 200G,100.0,100.0,1500.0,15.0,0.0,20.0
AASHIRVAD CHILLI PWD 500G,250.0,250.0,1250.0,5.0,0.0,20.0
AASHIRVAD CORIANDER PWD 100G,46.0,45.981219512195125,2205.7,48.0,-0.04084382276962929,20.04084382276963
AASHIRVAD CORIANDER PWD 200G,92.0,92.0,460.0,5.0,0.0,20.0
AASHIRVAD MULITGRAIN ATTA 1KG,83.0,83.0,6391.0,77.0,0.0,20.0
AASHIRVAD SELECT ATTA 1KG,83.0,83.0,5976.0,72.0,0.0,20.0
AASHIRVAD TURMERIC PWD 100G,40.0,40.0,1400.0,35.0,0.0,20.0
ABC CANE JUICE,100.0,100.0,20000.0,200.0,0.0,20.0
AFGHANI RAISINS KGS FLYBERRY,690.0,689.9996153846155,6628.14,9.61,-5.57413911462035e-05,20.000055741391147
AGMARK GHEE 500 ML HERITAGE,375.0,374.5945945945946,16110.0,43.0,-0.1082251082251115,20.10822510822511
AJWA DATES KGS FLYBERRY LOOSE KGS,1999.0,1999.0,915.55,0.45,0.0,20.0
AJWAIN 100g,70.0,70.0,4270.0,61.0,0.0,20.0
AK COUNTRY EGGS 6PC PACK AKSHAYA KALPA,150.0,142.10526315789474,3000.0,21.0,-5.555555555555554,25.555555555555554
AK ORGANIC HIGH PROTEIN PANEER 200g,160.0,169.7560975609756,11520.0,68.0,5.747126436781606,14.252873563218394
AKSHAYA KALPA ORGANIC COW GHEE 195ml,319.0,321.46153846153845,4498.0,14.0,0.7657334290500093,19.23426657094999
AKSHAYA MULTI FLORAL RAW HOENY 250g,184.0,193.02325581395348,8880.0,46.0,4.674698795180721,15.32530120481928
AKSHAYAKALPA TABLE BUTTER SALTED 100g TUB ORGANIC,125.0,125.0,125.0,1.0,0.0,20.0
AKSHAYAKALPA UNSALTED TABLE BUTTER 100g TUB ORGANIC,120.0,120.0,960.0,8.0,0.0,20.0
AKSHYAKALPA ORGANIC TONED MILK UHT 1Lt. TETRA,125.0,125.0,250.0,2.0,0.0,20.0
ALMOND DRAGES KG LOOSE FLYBERRY,2099.0,2099.0,4235.78,2.02,0.0,20.0
ALMOND MILK 1Lt UNSWEETENED EPIGAMIA,325.0,325.0,975.0,3.0,0.0,20.0
ALMOND REGULAR  250 GM,300.0,300.0,900.0,5.0,0.0,20.0
ALMONDO 200g CHOCOLATE AMUL,230.0,230.0,2070.0,9.0,0.0,20.0
ALMONDO BAR 35g CHOCOLATE AMUL,35.0,35.0,2660.0,76.0,0.0,20.0
ALPHONSO LOCAL KG LOOSE,149.0,214.6941758241758,98534.95,463.04,30.59895573412116,0.0
ALPHONSO MANGO PC RATNAGIRI,134.0,142.625,14541.0,105.0,6.047326906222612,13.952673093777388
AMERI DATES KG FLYBERRY,1440.0,1440.0,745.92,0.52,0.0,20.0
AMLA,117.528,138.86642857142857,92474.63,667.47,15.366153497965668,4.6338465020343325
AMLA CANDY KG FLYBERRY,630.0,630.0,1111.32,1.79,0.0,20.0
AMLA PICKLE  250g AHA,90.0,90.0,900.0,10.0,0.0,20.0
AMLA PICKLE  500g AHA,175.0,175.0,700.0,4.0,0.0,20.0
AMLA PICKLE 250GMS VELLANKI FOODS,120.0,124.54545454545455,1740.0,14.0,3.6496350364963517,16.350364963503647
AMRUTHA - A2 ORGANIC CURD. 500g AKSHAYAKALPA,70.0,70.0,13300.0,190.0,0.0,20.0
AMUL BUTTER 500G SALTED,305.0,305.0,3050.0,10.0,0.0,20.0
AMUL CHEESE SPREAD PLAIN 200g,110.0,110.8,554.0,5.0,0.7220216606498169,19.277978339350184
AMUL DARK CHOCOLATE 125G,170.0,168.15833333333333,3037.9,18.0,-1.0951979780960415,21.095197978096042
AMUL FRUIT N NUT CHOCOLATE ILU 150g,200.0,200.0,2800.0,14.0,0.0,20.0
AMUL INDIA TWILIGHT TRYST 125g,200.0,200.0,200.0,1.0,0.0,20.0
AMUL PROCESSED CHEESE BLOCK200g,130.0,128.9888888888889,1160.9,9.0,-0.783874580067174,20.783874580067174
ANAR,259.0,300.0179781420765,1298240.47,4289.82,13.671840066414967,6.328159933585033
ANJEER BOX PACK ANAND,72.0,72.0,144.0,2.0,0.0,20.0
ANJUR JUICE,60.0,60.0,180.0,3.0,0.0,20.0
APPLE BARE,77.4,96.75,413.30999999999995,3.5900000000000003,19.999999999999993,7.105427357601002e-15
APPLE JUICE,180.0,180.0,1980.0,11.0,0.0,20.0
APPLE MILKSHAKES,60.0,54.285714285714285,440.0,8.0,-10.526315789473687,30.526315789473685
APPLE ROYAL GALA,369.0,387.7026923076923,1037085.41,2695.28,4.82397792916261,15.17602207083739
APRICOTS ORANGE TURKISH KG FLYBERRY,1600.0,1598.7179487179487,8816.85,5.54,-0.08019246190857987,20.08019246190858
ARTISANAL CURD 400g EPIGAMIA,100.0,100.0,300.0,3.0,0.0,20.0
ARTISANAL ORGANIC SET CURD 400g AKSHAYAKALPA,80.0,80.0,3760.0,47.0,0.0,20.0
ASH GOURD,37.0,39.6838418079096,59776.4,1520.11,6.763059435880199,13.236940564119802
ASH GOURD JUICE,40.0,40.0,80.0,2.0,0.0,20.0
ASL  IDLY & DOSA BATTER  1KG,95.0,95.0,95.0,1.0,0.0,20.0
ASPARAGUS KG SAMBERRY,124.60000000000001,311.5,249.2,1.3800000000000001,60.0,0.0
AVOCADO IMP SAMBERRY,296.0,397.0155801104973,132425.83,334.06,25.443731977063134,0.0
AVOCADO JUICE,100.0,100.0,200.0,2.0,0.0,20.0
AVOCADO LOCAL,209.0,231.9487142857143,13517.87,59.01,9.893874323203221,10.106125676796779
Akshayakalpa Organic Ghee 490ml,789.0,792.3333333333334,10307.0,13.0,0.4206983592764036,19.579301640723596
Alubukhar LOOSE KG FLYBERRY,790.0,788.0,2653.4,3.35,-0.25380710659898476,20.253807106598984
Apple Milk Shake,100.0,100.0,700.0,7.0,0.0,20.0
BABY CORN PEELED,39.0,39.0,22932.0,588.0,0.0,20.0
BABY CORN PEELED SAMBERRY,190.0,190.0,506.91999999999996,2.67,0.0,20.0
BABY ORANGE,238.0,271.00879781420764,357851.54,1302.95,12.179972783332701,7.820027216667299
BABY POTATO,47.862,51.185878378378376,25345.3,499.22,6.4937410154563775,13.506258984543623
BACHALAKURA,64.0,67.72224719101123,27139.46,398.01,5.496343292496779,14.503656707503222
BADAM FLAVOURED MILK 180ML  PP BOTTLE HERITAGE,30.0,30.0,18420.0,614.0,0.0,20.0
BAILLEY  WATER 1LTR,20.0,19.902439024390244,1234.0,62.0,-0.490196078431373,20.490196078431374
BAILLEY WATER  500ML,10.0,9.875833333333333,1746.1,178.0,-1.2572778668466873,21.25727786684669
BAJRA FLOUR 500G,45.0,46.241379310344826,1843.0,40.0,2.6845637583892574,17.315436241610744
BAMBINO ROASTED VERMICELI 500G,70.0,70.0,420.0,6.0,0.0,20.0
BAMBINO ROASTED VERMICELLI 800G,117.0,117.0,702.0,6.0,0.0,20.0
BAMBINO VERMICELLI 500GM,53.0,53.0,318.0,6.0,0.0,20.0
BANANA CASHEWNUT LOAF 350g KALSAN FOODS,150.0,150.0,3750.0,25.0,0.0,20.0
BANANA CHOCOCHIP LOAF 350g KALSAN FOODS,150.0,150.0,115200.0,768.0,0.0,20.0
BANANA FLOWER,26.0,26.0,3042.0,117.0,0.0,20.0
BANANA LEAF,5.0,5.0,500.0,100.0,0.0,20.0
BANANA TREE,59.0,59.0,472.0,8.0,0.0,20.0
BANANAJUICE,50.0,50.0,1150.0,23.0,0.0,20.0
BANANAS 30g FLYBERRY GOURMET,49.0,49.0,2548.0,52.0,0.0,20.0
BANDARU HALWA 250g VELLANKI FOODS,170.0,170.90277777777777,14355.0,84.0,0.5282405526208822,19.471759447379117
BANGINAPALLI MANGO LOOSE KGS,109.9,157.6916535433071,670243.84,4545.75,30.307027968466322,0.0
BARNYARD MILLET UDALU 500G,80.0,81.11111111111111,1700.0,21.0,1.369863013698634,18.630136986301366
BASIL LEAF KG ENGLISH ITEM SAMBERRY,284.0,295.34375,788.98,2.69,3.840863400698339,16.15913659930166
BASMATHI RICE 1KG,140.0,140.0,16940.0,121.0,0.0,20.0
BAT PAPAD 200G EVR,52.0,49.68888888888889,478.4,10.0,-4.651162790697672,24.651162790697672
BEAUTY PEARS,309.0,375.0475824175824,273667.21,718.9,17.610454116737714,2.3895458832622865
BEET ROOT,32.0,39.98530054644809,104431.36,2606.34,19.970590285227768,0.029409714772231865
BELGIAN CHOCOLATE 125g AMUL,180.0,178.2,2142.0,12.0,-1.0101010101010166,21.010101010101017
BELLAM KOMMULU 250g VELLANKI FOODS,135.0,137.06349206349208,10845.0,79.0,1.5055008685582034,18.494499131441795
BELLAM SUNNIVUNDALU 250g VELLANKI FOODS,170.0,171.28571428571428,14550.0,85.0,0.7506255212677184,19.249374478732282
BESAN 500g,70.0,69.98118279569893,11336.5,167.0,-0.026888948642103942,20.026888948642103
BIG BRINJAL BLUE,49.0,56.461357142857146,20074.45,353.14,13.214980157098601,6.785019842901399
BIRYANI LEAFS 50G,25.0,25.0,2075.0,83.0,0.0,20.0
BITTER CHOCOLATE 150g 90% BITTER AMUL,200.0,200.0,2000.0,10.0,0.0,20.0
BITTER CHOCOLATE 150g AMUL,200.0,198.33333333333334,2380.0,14.0,-0.8403361344537766,20.840336134453775
BITTER GAURD KARAM PODI 100g VELLANKI FOODS,64.0,64.66666666666667,388.0,6.0,1.0309278350515536,18.969072164948447
BITTER GOURD,49.0,58.36898876404494,42064.89,721.89,16.051312456206542,3.948687543793458
BITTER GUARD PICKLE 250G VELLANKI FOODS,112.0,115.0,230.0,2.0,2.608695652173913,17.391304347826086
BLACK GRAPES,119.0,132.47209523809522,24874.17,185.14,10.169760819349543,9.830239180650457
BLACK PEPPER WHOLE 50G,75.0,75.0,6600.0,88.0,0.0,20.0
BLACK ROUND BRINJAL,38.01,50.59836065573771,43584.51,858.6,24.878989146282205,0.0
BLACK SEEDED GRAPES,214.0,244.77678571428572,36073.39,158.4,12.573408717855191,7.426591282144809
BLUE BERRY,269.0,304.16511494252876,229863.0,768.0,11.561192659839746,8.438807340160254
BOMBAY RAWA 500g,35.0,37.5,3575.0,95.0,6.666666666666667,13.333333333333332
BOMBAY RAWA1Kg,65.0,64.96388888888889,9031.75,139.0,-0.05558643690939459,20.055586436909394
BOONDI 250g VELLANKI FOODS,145.0,145.5888888888889,32914.0,226.0,0.4044875219415496,19.59551247805845
BOONDI LADDU 250g VELLANKI FOODS,155.0,155.97560975609755,39465.0,257.0,0.6254886630179788,19.37451133698202
BOONDI MITAI ATCHU 250g VELLANKI FOODS,150.0,152.52336448598132,25870.0,170.0,1.6544117647058887,18.345588235294112
BOORELU 250g VELLANKI FOODS,150.0,151.01190476190476,15735.0,104.0,0.6700827749310192,19.329917225068982
BOTTLE GOURD,30.52,37.21841530054645,242595.43,6567.0,17.997583310453575,2.0024166895464255
BRINTAN TOFU PANEER 200G,69.0,69.0,69.0,1.0,0.0,20.0
BRITANNIA MILK BIKIS 71GM,10.0,10.0,10.0,1.0,0.0,20.0
BROWN ANJEER BOX TURKEY,129.0,129.0,41151.0,319.0,0.0,20.0
BROWN CHANA 500g,65.0,65.0,7020.0,108.0,0.0,20.0
BROWN EGGS 6PC UPF HEALTHY U N V,99.0,96.84782608695652,5544.0,57.0,-2.222222222222228,22.22222222222223
BROWN RICE 5kg,395.0,395.0,4740.0,12.0,0.0,20.0
BROWN RICE HMT 1kg,85.0,85.0,4335.0,51.0,0.0,20.0
BUFFALO CURD 400g SIDS FARM,85.0,85.0,28815.0,339.0,0.0,20.0
BUFFALO GHEE 250g  VELLANKI FOODS,225.0,225.0,44775.0,199.0,0.0,20.0
BUFFALO GHEE 350g SIDS FARM,400.0,406.2162162162162,18230.0,45.0,1.5302727877578128,18.469727212242187
BUFFALO GHEE 500ml JIVIKA ORGANICS,499.0,499.0,998.0,2.0,0.0,20.0
BUSH BEANS,85.75,114.64371584699452,246068.31,2194.86,25.203052459985315,0.0
BUTTER GARLIC N HERBS 100g AMUL,65.0,68.50185185185185,5209.1,76.0,5.112054283474361,14.887945716525639
BUTTER MILK 170ML HERITAGE SACHET,10.0,10.0,200.0,20.0,0.0,20.0
BUTTER MILK PLAIN 200ml POUCH AKSHAYA KALPA,20.0,20.0,3520.0,176.0,0.0,20.0
BUTTER MILK SPICED 200ml POUCH AKSHAYA KALPA,20.0,20.0,3320.0,166.0,0.0,20.0
BUTTER SCHOOL PACK 100g AMUL,75.0,74.1891891891892,3710.0,50.0,-1.0928961748633828,21.092896174863384
BUTTER UNSALTED 500G AMUL,295.0,304.45454545454544,3349.0,11.0,3.1054045983875733,16.894595401612428
BUTTON MUSHROOM,49.0,48.91469945355191,168699.54,3457.0,-0.17438632435856594,20.174386324358565
Banana Stem,29.0,29.0,5916.0,204.0,0.0,20.0
Banana Yalakki,129.81799999999998,137.39494505494505,224911.6,1637.34,5.514718938105769,14.48528106189423
Beetroot Juice,70.0,70.0,980.0,14.0,0.0,20.0
Black Chilly,67.848,78.74098360655738,253825.32,3193.21,13.833944037308463,6.166055962691537
CABBAGE,20.355999999999998,24.739945355191256,78451.57,3125.76,17.720109289858886,2.279890710141114
CALIFORINA RED GRAPES,364.0,439.6092948717949,123298.41,288.99,17.199202963587275,2.8007970364127246
CALIFORNIA BLACK seedless GRAPES,349.0,349.0,427.18,1.22,0.0,20.0
CALIFORNIAN ALMOND PREMIUM KG FLYBERRY,1800.0,1797.6623376623377,39896.82,22.2,-0.13003901170351023,20.13003901170351
CALIFORNIAN ALMOND REGULAR KG  FLYBERRY,1050.0,1050.0,19940.55,18.98,0.0,20.0
CAPSICUM,56.564,71.63469945355192,137833.5,1889.74,21.038267164537753,0.0
CAPSICUM RED SAMBERRY,284.0,332.7814525139665,58228.08,174.75,14.65870532911361,5.3412946708863895
CAPSICUM YELLOW SAMBERRY,284.0,337.52329608938544,66726.47,197.74,15.857659814749795,4.142340185250205
CARROT,39.0,62.026721311475406,410615.81,6576.82,37.12387310598552,0.0
CARROT JUICE,70.0,70.0,4060.0,58.0,0.0,20.0
CARROT N BEETROOT JUICE,70.0,70.0,2940.0,42.0,0.0,20.0
CARRY BAG 8Kg HOLDING CAPACITY,12.0,11.99950819672131,40185.6,3350.0,-0.004098528628235001,20.004098528628234
CARRY BAG MEDIUM 5Kg HOLDING CAPACITY,6.0,6.0,53298.0,8949.0,0.0,20.0
CARRY BAG SML 1Kg HOLDING CAPACITY,3.0,3.0,12.0,4.0,0.0,20.0
CASHEW 320 COUNT 250 GM,300.0,300.0,1500.0,5.0,0.0,20.0
CASHEW 320 KG FLYBERRY,1150.0,1150.0,34506.9,29.98,0.0,20.0
CASHEW BROKEN 2 PIECE  KGSFLYBERRY,1100.0,1100.0,25410.0,23.45,0.0,20.0
CASHEW TIKKA FLAVOUR FLYBERRY,1800.0,1800.0,12682.8,7.05,0.0,20.0
CASHEW WITH CHOCO COATED FLYBERRY,1100.0,1100.0,233.2,0.21000000000000002,0.0,20.0
CAULIFLOWER,30.0,34.70950819672131,127826.1,3671.0,13.568351847653586,6.431648152346414
CDM CRACKLE 36G,50.0,50.0,50.0,1.0,0.0,20.0
CHAKKI ATTA GODHUMA PINDI 1Kg,65.0,65.0,520.0,8.0,0.0,20.0
CHAMA DUMPA,39.0,45.53508196721312,38453.09,859.72,14.351751846891608,5.648248153108392
CHAMANTHI FLOWERS POOLU KG LOOSE,436.0,436.0,1308.87,3.0,0.0,20.0
CHANA DAL 1Kg,126.0,128.25,4113.0,32.0,1.7543859649122806,18.24561403508772
CHANA DAL 250g VELLANKI FOODS,130.0,130.9090909090909,5250.0,40.0,0.6944444444444425,19.305555555555557
CHANA DAL 500g,65.0,65.24096385542168,7445.0,115.0,0.36934441366573706,19.630655586334264
CHAT MURMURA 500 GM,65.0,62.63636363636363,4680.0,74.0,-3.7735849056603827,23.773584905660382
CHEDDAR CHEESE 200g MILKY MIST,150.0,150.0,900.0,6.0,0.0,20.0
CHEESE BLOCK 200G HERITAGE,132.0,131.74074074074073,4217.0,32.0,-0.1967950520101265,20.196795052010128
CHEESE BLOCK 200G MILKY MIST,140.0,143.0,1570.0,11.0,2.097902097902098,17.902097902097903
CHEESE CUBES 120g HERITAGE,90.0,90.64230769230768,1178.35,13.0,0.7086179827725096,19.29138201722749
CHEESE CUBES 120g MILKY MIST,115.0,114.41666666666667,1373.0,12.0,-0.5098324836125231,20.509832483612524
CHEESE CUBES 200g MILKY MIST,160.0,169.0,845.0,5.0,5.325443786982249,14.674556213017752
CHEESE EASY OPEN CHIPLET CUBES 60X8X25g AMUL,135.0,135.0,2025.0,15.0,0.0,20.0
CHEESE SLICE 100G MILKY MIST,79.0,78.74369047619048,8664.47,110.0,-0.32549849043082346,20.325498490430824
CHEESE SLICES 100g AMUL 5PC PACK,85.0,85.57142857142857,6415.0,75.0,0.6677796327211997,19.3322203672788
CHEESE SLICES 100g HERITAGE,57.5,57.5,2070.0,36.0,0.0,20.0
CHEESE SLICES 200g AMUL 10PC PACK,145.0,145.7225,10199.57,72.0,0.49580538352004433,19.504194616479957
CHEESE SLICES 200g HERITAGE,215.0,215.0,1935.0,9.0,0.0,20.0
CHEESE SLICES 200g MILKYMIST,149.0,149.47727272727272,8514.0,57.0,0.3192945111753027,19.680705488824696
CHEESE SPREAD 200g AMUL,110.0,110.0,550.0,5.0,0.0,20.0
CHEESE SPREAD GARLI 200g MILKY MIST,120.0,119.16666666666667,715.0,6.0,-0.6993006993006953,20.699300699300696
CHEESE SPREAD GARLIC200G AMUL,110.8,112.0,224.0,2.0,1.071428571428574,18.928571428571427
CHEESE SPREAD NATURAL OR PLAIN 200g MILKYMIST,117.0,118.33333333333333,355.0,3.0,1.1267605633802777,18.873239436619723
CHEESE SPREAD PEPPER 200g MILKY MIST,120.0,120.0,240.0,2.0,0.0,20.0
CHEGODI 250g VELLANKI FOODS,145.0,145.55339743589744,51264.0,352.0,0.3802023488604291,19.61979765113957
CHEKKARAKELI BANANA,119.0,123.7339010989011,105288.19,858.44,3.8258723412569613,16.17412765874304
CHERRY LOCAL ANAND,159.0,214.72340425531914,60574.0,298.0,25.951248513674198,0.0
CHERRY TOMATO KG RED SAMBERRY,254.0,262.56874999999997,4324.5,16.31,3.2634310061650393,16.73656899383496
CHERUKU GADDALU,32.0,32.0,1920.0,60.0,0.0,20.0
CHERUKU RASALU KG LOOSE,146.0,172.637,76365.67,461.89,15.429484988733586,4.570515011266414
CHIA SEEDS KGS FLYBERRY,850.0,850.0,9326.2,11.17,0.0,20.0
CHICKEN BONE LESS PICKLE 250g VELLANKI FOODS,350.0,354.1666666666667,2125.0,6.0,1.1764705882352995,18.8235294117647
CHICKPEAS 50g FLYBERRY GOURMET,49.0,49.0,147.0,3.0,0.0,20.0
CHICOOS SAPOTA JUICE,60.0,58.125,2640.0,45.0,-3.225806451612903,23.225806451612904
CHICOOS(Sapota),72.0,83.0416091954023,25203.0,308.55,13.296477877037136,6.703522122962864
CHIKKUDU SEED PACK,299.0,298.9984615384615,2284.98,7.61,-0.0005145382790791911,20.00051453827908
CHIKKUDUKAI,90.346,108.23793333333333,107260.2,1027.96,16.530187506659704,3.469812493340296
CHIKKUDUKAYA PICKLE 250g AHA,90.0,90.0,270.0,3.0,0.0,20.0
CHINNA RASALU KG LOOSE,117.0,141.61555555555555,123437.86,889.21,17.381957412085924,2.6180425879140756
CHINTA CHIGURU,438.892,475.4939622641509,27442.06,58.76,7.697671299518512,12.302328700481489
CHOCOLATE 150G HBD PACK AMUL,200.0,200.0,3000.0,15.0,0.0,20.0
CHOCOLATE MILK SHAKE 180ML HERITAGE,20.0,27.142857142857142,6424.0,247.0,26.31578947368421,0.0
CHOUSA MANGO KG LOOSE,214.0,229.1764705882353,13006.95,57.57,6.622176591375774,13.377823408624227
CHOWCHOW,44.0,46.0625,1141.94,24.41,4.477611940298507,15.522388059701493
CINNAMON DALCHINI KG FLYBERRY,950.0,950.0,927.1999999999999,0.98,0.0,20.0
CLOVES 50g,90.0,90.0,6210.0,69.0,0.0,20.0
CLUSTER BEANS,53.364,59.190164835164836,63949.94,1078.97,9.843129937870215,10.156870062129785
COCONUT,41.0,43.886448087431695,162488.22,3696.0,6.57708293385065,13.422917066149349
COCONUT KARAM 100G  VELLANKI FOODS,64.0,64.36363636363636,772.0,12.0,0.5649717514124234,19.435028248587578
COCONUT MANGO,172.0,189.4829508196721,59162.729999999996,310.07,9.226661683303822,10.773338316696178
COCONUT MILK YOGURT-BLUEBERRY EPIGAMIA,70.0,70.0,70.0,1.0,0.0,20.0
COCONUT SLICE KGS FLYBERRY,470.0,470.0,657.06,1.4000000000000001,0.0,20.0
COFFEE XTRA 100g JAR INSTANT SOUTH BLEND CONTINENTAL,220.0,241.55555555555554,2174.0,9.0,8.923643054277825,11.076356945722175
COKE 250ML,20.0,20.0,340.0,17.0,0.0,20.0
COLD PRESSED SUN DRIED COCONUT OIL 1LT MESMARA,599.0,599.0,2396.0,4.0,0.0,20.0
COLD PRESSED WHITE SESAME OIL 500ML MESMARA,350.0,350.0,1400.0,4.0,0.0,20.0
COLOUR CUCUMBER,32.0,36.42377049180328,95482.76,2629.25,12.145284335126142,7.854715664873858
CONTINENTAL XTRA 50g JAR PLUS 25g JAR FREE SOUTH BLEND,165.0,147.2375,1193.7,10.0,-12.063842431445785,32.063842431445785
CONTINENTAL XTRA INSTANT SOUTH BLEND COFFEE 150g POUCH,349.0,355.0,4258.0,12.0,1.6901408450704223,18.309859154929576
COOKING BUTTER 100G MILKY MIST,75.0,74.85267857142857,6141.75,82.0,-0.196815172660586,20.196815172660585
COOKING BUTTER 100g AMUL UNSALTED,62.0,64.07692307692308,2558.0,40.0,3.241296518607448,16.75870348139255
COOKING BUTTER 200G HERITAGE,130.0,129.79166666666666,3630.0,28.0,-0.16051364365971837,20.16051364365972
COOKING BUTTER 500g HERITAGE,320.0,301.1764705882353,5120.0,17.0,-6.2499999999999964,26.249999999999996
COOKING BUTTER UNSALTED 200g MILKY MIST,138.0,145.14285714285714,3334.0,23.0,4.9212598425196825,15.078740157480318
COOKING UNSALTED BUTTER 500g MILKY MIST,355.0,355.0,5680.0,16.0,0.0,20.0
COPRA POWDER 100G EVR,40.0,52.02272727272727,2136.75,41.0,23.110528615115772,0.0
CORIANDER,69.0,93.54021978021977,188619.91,1993.76,26.234939192872307,0.0
CORIANDER 200g,65.0,67.5,6945.0,103.0,3.7037037037037033,16.296296296296298
CORN FLAKES 200G EVR,49.0,49.0,490.0,10.0,0.0,20.0
CORN FLAKES MIXTURE250g VELLANKI FOODS,135.0,136.9035714285714,28884.7,211.0,1.3904468734510607,18.60955312654894
CORN FLOUR 200g EVR,38.0,38.0,342.0,9.0,0.0,20.0
COW GHEE 200ml JAR AMUL HIGH AROMA,148.0,145.83225806451614,5432.8,37.0,-1.4864625729959227,21.486462572995922
COW GHEE 250G VELLANKI FOODS,225.0,225.0,16650.0,74.0,0.0,20.0
COW GHEE 350g SIDS FARM,500.0,502.7027027027027,22100.0,44.0,0.5376344086021518,19.462365591397848
COW GHEE 500ml PET JAR MILKYMIST,419.0,423.0,1692.0,4.0,0.9456264775413712,19.05437352245863
COW MILK 500ML POUCH SIDS FARM,42.0,41.86049180327869,83589.86,2010.0,-0.33326936858964923,20.33326936858965
COW MILK 500ml GOLDEN HERITAGE,31.0,31.0,31.0,1.0,0.0,20.0
CREAMY COFFEE HAZELNUT 22g CONTINENTAL,30.0,30.0,300.0,10.0,0.0,20.0
CRUNCHY BANANA CHIPS 100g FLYBERRY,125.0,125.0,1125.0,9.0,0.0,20.0
CRUNCHY BANANA CHIPS 250g FLYBERRY,299.0,299.0,1196.0,4.0,0.0,20.0
CRUNCHY BANANA CHIPS 65g FLYBERRY,99.0,99.0,396.0,4.0,0.0,20.0
CUCUMBER,32.0,39.53939890710382,218653.87,5548.36,19.06806657536026,0.931933424639741
CUCUMBER WHITE,69.0,69.0,90.8,1.32,0.0,20.0
CUMIN JEERA KG FLYBERRY,950.0,950.0,528.2,0.56,0.0,20.0
CURD 135g POUCH MILKY MIST,10.0,10.0,17530.0,1753.0,0.0,20.0
CURD 500g POUCH HERITAGE,50.0,49.856263736263735,155741.25,3133.0,-0.28830131454819896,20.2883013145482
CURD CUP 200G HERITAGE,25.0,25.0,6525.0,262.0,0.0,20.0
CURD CUP 400GHERITAGE,45.0,46.06587209302325,20063.0,438.0,2.3137998795960706,17.686200120403928
CURD POUCH 400g MILKY MIST,42.0,41.93760233918129,38764.0,929.0,-0.14878690563674418,20.148786905636744
CURD TUB 1KG HERITAGE,109.0,108.83446927374301,98142.23,904.0,-0.15209402624148644,20.152094026241485
CURRY LEAVES,89.0,94.00524590163934,59596.840000000004,635.03,5.324432539516452,14.675567460483549
CUSTARD APPLE ANAND,277.0,272.8720930232558,195140.17,725.49,-1.5127626028039476,21.512762602803946
DABBAKAI,49.0,50.06896551724138,2415.0,48.0,2.13498622589532,17.865013774104682
DALCHINI 50g,60.0,60.0,7080.0,118.0,0.0,20.0
DALMOTI 250g VELLANKI FOODS,150.0,151.91489361702128,20920.0,138.0,1.260504201680673,18.73949579831933
DAMPUDU BIYYAM 1Kg AISHWARYA,74.0,74.0,445.0,6.0,0.0,20.0
DARK CHOCOLATE 150g AMUL,200.0,200.0,2000.0,10.0,0.0,20.0
DARK CHOCOLATE 150g BEST WISHES AMUL,200.0,192.25,3736.0,19.0,-4.031209362808843,24.031209362808845
DASHERI MANGO KG LOOSE,207.0,214.0463,173487.08,812.64,3.2919513208123674,16.708048679187634
DATE BITES 160g FLYBERRY,299.0,298.6785483870968,46823.4,157.0,-0.10762460666797076,20.107624606667972
DATES POWDER 180g FLYBERRY,399.0,399.0,1596.0,4.0,0.0,20.0
DEHYDRATED GINGER  KGS FLYBERRY,1035.0,1035.0,126.27,0.12,0.0,20.0
DEHYDRATED KIWI KG FLYBERRY,870.0,870.0,1214.52,1.6400000000000001,0.0,20.0
DEHYDRATED MANGO KG FLYBERRY,1250.0,1250.0,3502.5,2.81,0.0,20.0
DEHYDRATED PAPAYA  KGS FLYBERRY,809.9680000000001,809.98,173.34,0.21000000000000002,0.001481518062167413,19.998518481937833
DEHYDRATED PINEAPPLE KG FLYBERRY,1200.0,1200.0,1922.4,1.59,0.0,20.0
DERI DATES KG FLYBERRY,900.0,895.0,2215.8,2.4899999999999998,-0.5586592178770949,20.558659217877096
DESI COW GHEE 500ml JIVIKA ORGANICS,999.0,999.0,9990.0,10.0,0.0,20.0
DIAMOND MISRI 200G,30.0,37.407407407407405,2520.0,67.0,19.8019801980198,0.19801980198020175
DILKUSH GRAPES KG LOOSE,129.0,147.41287878787878,21595.82,146.14,12.490685304622655,7.509314695377345
DISCO PUMPKIN,32.0,37.86448275862069,7251.85,184.34,15.488083637655157,4.511916362344843
DONDAKAI,30.735999999999997,45.979562841530054,178902.06,3939.51,33.15290946559769,0.0
DOODH PEDA 200g HERITAGE,125.0,124.64179104477611,29419.0,236.0,-0.28739073164890944,20.28739073164891
DOSA BATTER MIX 900g DSL,80.0,80.0,41680.0,522.0,0.0,20.0
DOSE WITH IMMUNITY BOOSTERS - 6 EGGS PACK ABHI EGGS,125.0,125.0,6000.0,48.0,0.0,20.0
DOUBLE BEANS,119.0,119.0,85.44,0.72,0.0,20.0
DOUBLE HORSE URAD ROUND 1KG,190.0,189.4805194805195,24720.0,130.0,-0.27416038382453223,20.274160383824533
DR GOOD EGGS CAROTENOID 12 PACK,150.0,155.8237762237762,42003.6,272.0,3.737411815391233,16.262588184608767
DR GOOD EGGS CAROTENOID 30 PACK,360.0,373.0120481927711,38904.0,105.0,3.488372093023257,16.51162790697674
DRAGAN FRUIT JUICE,100.0,100.0,300.0,3.0,0.0,20.0
DRAGON Â FRUIT,143.0,170.2914207650273,126788.39,752.93,16.02630399254508,3.973696007454919
DRIED BLACKBERRY KG FLYBERRY,3250.0,3250.0,598.0,0.19,0.0,20.0
DRIED BLUEBERRY KG FLYBERRY,2600.0,2599.056603773585,18805.4,7.21,-0.03629764065336117,20.036297640653363
DRIED CRANBERRY WHOLE KG FLYBERRY,1100.0,1100.0,12562.0,11.43,0.0,20.0
DRIED DATES YELLOW250 GM,125.0,125.0,250.0,2.0,0.0,20.0
DRUMSTICK,5.403999999999999,8.155355191256831,106917.69,13157.0,33.73679167532147,0.0
DRY CHURRA KG FLYBERRY,750.0,745.0704347826087,3309.9,4.51,-0.6616240542183944,20.661624054218393
DRY COCONUT 250G EVR,125.0,138.47826086956522,7820.0,56.0,9.733124018838305,10.266875981161695
DRY COCONUT KG FLYBERRY,600.0,600.0,1162.8,1.9500000000000002,0.0,20.0
EGGS 12PS FARM MADE FREE RANGE U N V,289.0,289.0,37859.0,131.0,0.0,20.0
EGGS 6PC FARM MADE FREE RANGE U N V,149.0,149.0,31290.0,210.0,0.0,20.0
EGGS 6PC JUST LAID VN POULTRY,80.0,80.0,79920.0,999.0,0.0,20.0
EGGS 6PC UPF HEALTHY WHITE U N V,89.0,89.0,2225.0,25.0,0.0,20.0
ELEPHANT FOREST HONEY 250G 1+1,76.05,81.12,574.6,7.0,6.250000000000008,13.749999999999993
ELEPHANT FOREST HONEY 500G 1+1,159.5,159.5,159.5,1.0,0.0,20.0
ELEPHANT SEEDED DATES 400G(CUPS) (1+1 OFFER),115.0,115.0,920.0,8.0,0.0,20.0
ELEPHANT SEEDLESS HONEY DATES400G+10,199.0,199.0,1990.0,10.0,0.0,20.0
ELEPHANT YAM,74.67,97.46782608695652,37894.58,405.08,23.390104203839837,0.0
ENG ITEM BROCOLI SAMBERRY,223.0,380.84885245901637,166019.06,461.8,41.44658739020428,0.0
ENG ITEM CELERY SAMBERRRY,223.0,221.06451612903226,1257.3,5.71,-0.8755289654166066,20.875528965416606
ENG ITEM CHINESE CABBAGE SAMBERRY,168.20000000000005,209.00714285714284,5339.01,25.79,19.524281466798783,0.47571853320121704
ENG ITEM COLOUR CABBAGE SAMBERRY,193.0,207.45624999999998,14381.61,69.23,6.9683366974964525,13.031663302503548
ENG ITEM GREEN LETTUCE SAMBERRY,223.0,256.41289940828403,14676.64,56.96,13.030896450759666,6.969103549240334
ENG ITEM PARSLEY SAMBERRY,316.0,312.44444444444446,320.46,1.03,-1.1379800853485023,21.137980085348502
EUROPEN CUCUMBER,58.55,63.641366120218585,156041.7,2483.53,8.000089298210527,11.999910701789473
FIGS AFGHANI NORMAL KG FLYBERRY,1900.0,1896.7880681818183,47772.840000000004,25.32,-0.16933530277109632,20.169335302771096
FILTER COFFE STRONG 5 10ml ID FRESH,55.0,55.0,55.0,1.0,0.0,20.0
FILTER COFFEE 150ML ID FRESH,110.0,140.0,700.0,5.0,21.428571428571427,0.0
FILTER COFFEE 150ML NEW BOLD ID FRESH,135.0,135.0,540.0,4.0,0.0,20.0
FINGER CHIPS PAPAD 200G EVR,52.0,49.028571428571425,478.4,10.0,-6.0606060606060685,26.06060606060607
FLAX SEED OIL 1L MESMARA,599.0,599.0,2396.0,4.0,0.0,20.0
FLAX SEEDS KGS FLYBERRY,280.0,280.0,2814.56,10.66,0.0,20.0
FLY BERRY DERI DATES 255g,199.0,199.0,84575.0,427.0,0.0,20.0
FLYBERRY CASHEW 4 PIECE,998.992,998.6658333333334,1566.01,1.55,-0.032660240871356744,20.03266024087136
FLYBERRY CRISPY SWEET CORN 12g,49.0,49.0,147.0,3.0,0.0,20.0
FLYBERRY CRUNCHY BANANA CHIPS 25g,49.5,49.5,297.0,6.0,0.0,20.0
FLYBERRY DREAMY DERI DATES 220g,399.0,399.0,27930.0,70.0,0.0,20.0
FLYBERRY DREAMY DERI DATES 400G,699.0,698.9998333333333,54521.99,78.0,-2.3843591765370638e-05,20.000023843591766
FLYBERRY KNOCKOUT KALMI DATES 200g,249.0,249.0,2988.0,12.0,0.0,20.0
FLYBERRY KNOCKOUT KALMI DATES 400g,449.0,449.0,4939.0,11.0,0.0,20.0
FLYBERRY MEDJOUL MAJESTIC DATES 400g BOX,999.0,999.0,36963.0,37.0,0.0,20.0
FLYBERRY MINI MEDJOUL DATES 200g BOX,399.0,412.04347826086956,9876.0,24.0,3.165558721114276,16.834441278885723
FLYBERRY SHAHJEERA CARAWAY SEEDS,990.0,990.0,104.94,0.11,0.0,20.0
FLYBERRY SPICE OKRA CHIPS 25g,49.5,49.5,1782.0,36.0,0.0,20.0
FLYBERRY SPICED CHICKPEAS CRISP 31g,49.5,49.5,99.0,2.0,0.0,20.0
FLYBERRY STRAWBERRY DEHYDRATED REGULAR,1600.0,1600.0,11113.6,6.96,0.0,20.0
FOXTAIL MILLET KORRALU BIYYAM 500g,80.0,80.0,720.0,9.0,0.0,20.0
FREEDOM GROUNDNUTOIL 1LT,165.0,163.22535211267606,16962.0,104.0,-1.0872378980067263,21.087237898006727
FREEDOM MUSTARD OIL 1 Lt,178.0,178.0,178.0,1.0,0.0,20.0
FREEDOM RF SUNFLOWER OIL 1LT POUCH,158.0,158.95364238410596,64739.0,408.0,0.5999500041663203,19.40004999583368
FREEDOM RICE BRAN 1LTR,156.0,156.2183908045977,22978.0,147.0,0.13979839599735264,19.860201604002647
FREEDOM SUNFLOWER OIL 5LT,801.0,794.0347826086957,18903.6,24.0,-0.8771929824561406,20.87719298245614
FREEDOM SUNFLOWER OIL PET 1LT,160.0,168.07692307692307,12080.0,72.0,4.805491990846676,15.194508009153324
FREEDOM SUNFLOWER OIL PET 2LT,330.0,352.88851851851854,11375.99,32.0,6.486047949252681,13.513952050747319
FRESH CREAM 200ML HERITAGE,65.0,65.0,65.0,1.0,0.0,20.0
FRESH CREAM 250ML AMUL,70.0,69.58823529411765,3101.0,45.0,-0.5917159763313538,20.591715976331354
FRESH CREAM 250ml UHT MILKY MIST,80.0,80.0,4320.0,54.0,0.0,20.0
FRESH DATES YELLOW BOX ANAND,69.9,69.9,489.30000000000007,7.0,0.0,20.0
FRESH LOOSE PANEER,520.0,519.9998224852071,155474.76,304.8,-3.413747182310505e-05,20.000034137471822
FRESH PANEER BLOCK 200g AMUL,95.0,95.0,2280.0,24.0,0.0,20.0
FRIED GRAM PUTANA 250g,45.0,44.97794117647059,7827.75,174.0,-0.04904364884747704,20.049043648847476
FRUIT BASKET 120 SADGURU,120.0,120.0,600.0,5.0,0.0,20.0
FRUIT BASKET 170 SADGURU,170.0,170.0,850.0,5.0,0.0,20.0
FRUIT BASKET 200,225.0,225.0,675.0,3.0,0.0,20.0
FRUIT BASKET 200 SADGURU,200.0,200.0,2000.0,10.0,0.0,20.0
FRUIT BASKET 240 SADGURU,240.0,240.0,240.0,1.0,0.0,20.0
FRUIT BASKET 250 RAJU,258.0,263.3333333333333,1330.0,5.0,2.0253164556961956,17.974683544303804
FRUIT BASKET 300 SADGURU,300.0,300.0,900.0,3.0,0.0,20.0
FRUIT BASKET 350 RAJU,350.0,350.0,3150.0,9.0,0.0,20.0
FRUIT BASKET 450 SADGURU,64.0,160.0,320.0,2.0,60.0,0.0
FRUIT BOWL NRG,45.0,45.0,1260.0,28.0,0.0,20.0
FRUIT BREAD 200g SML SPENCERS AKSHAYA NANDA,30.0,30.0,1980.0,66.0,0.0,20.0
FRUIT N NUT 150g DARK CHOCOLATE AMUL,200.0,199.2,5980.0,30.0,-0.4016064257028169,20.401606425702816
FRUIT YOGHURT BB 100g MILKYMIST,30.0,30.0,4830.0,161.0,0.0,20.0
FRUIT YOGURT 75g ALPHONSO MANGO EPIGAMIA,35.0,35.0,3605.0,103.0,0.0,20.0
FRUIT YOGURT 75g STRAWBERRY EPIGAMIA,35.0,35.0,4515.0,129.0,0.0,20.0
FULL CREAM MILK 500ml HERITAGE,41.0,41.33170731707317,211274.0,5117.0,0.8025492741649869,19.19745072583501
FlyberryAlmondRoastedSalted,2000.0,2000.0,236.0,0.12,0.0,20.0
FlyberryBrazilNut,3500.0,3500.0,16905.0,4.82,0.0,20.0
FlyberryCashew180,2000.0,2000.0,2204.0,1.1,0.0,20.0
FlyberryHazelnut,1900.0,1900.0,3176.8,1.68,0.0,20.0
FlyberryMacadamia,5500.0,5500.0,3729.0,0.67,0.0,20.0
FlyberryMelonSeeds,1000.0,1000.0,9004.0,9.15,0.0,20.0
FlyberryPeriPeriAlmond,2000.0,2000.0,132.0,0.07,0.0,20.0
FlyberryPrunes,1800.0,1784.2857142857142,1255.54,0.71,-0.8807045636509244,20.880704563650923
G ELAICHI 50g,235.0,235.0,29610.0,127.0,0.0,20.0
GAJANAN ORANGE PRM HMT RAW RICE 1Kg,85.0,85.0,2890.0,34.0,0.0,20.0
GAJANAN ORANGE PRM HMT RAW RICE 5Kg,420.0,420.0,7140.0,17.0,0.0,20.0
GAJANAN ORANGE PRM HMT RICE 1Kg,80.0,80.0,1360.0,17.0,0.0,20.0
GAJANAN ORANGE PRM HMT RICE 5Kg,385.0,385.0,8085.0,21.0,0.0,20.0
GAJANAN TELANGANA SONA RICE 1Kg,75.0,75.0,3075.0,41.0,0.0,20.0
GAJANAN TELANGANA SONA RICE 5Kg,350.0,336.6666666666667,8820.0,26.0,-3.960396039603954,23.960396039603953
GARAM MASALA 100g VELLANKI FOODS,70.0,70.88888888888889,708.0,10.0,1.2539184952978013,18.7460815047022
GARLIC,153.0,162.08524590163933,181961.57,1121.55,5.605226960110031,14.39477303988997
GARLIC PEELED BOX,64.0,64.22139072847682,26630.8,415.0,0.34473051107355024,19.65526948892645
GARLIC PICKLE 250g AHA,100.0,100.0,400.0,4.0,0.0,20.0
GAVVALU SWEET 250G VELLANKI FOODS,140.0,141.0897435897436,51995.0,369.0,0.7723761926397102,19.22762380736029
GEMS KG FLYBERRY,600.0,600.0,3252.0,5.38,0.0,20.0
GHEE 200ML PET JAR MILKY MIST,179.0,183.125,1650.0,9.0,2.2525597269624575,17.747440273037544
GHEE ARISELU 250g VELLANKI FOODS,170.0,171.14678899082568,33515.0,196.0,0.6700616456713991,19.3299383543286
GINGER,79.0,99.47765027322404,162048.46,1604.11,20.585176888457248,0.0
GINGER GARLIC PASTE 250G VELLANKI FOODS,115.0,116.42857142857143,8370.0,72.0,1.2269938650306766,18.77300613496932
GINGER PICKLE 250G VELLANKI FOODS,115.0,116.35135135135135,6530.0,56.0,1.1614401858304324,18.838559814169567
GINGER PICKLE 250g AHA,100.0,100.0,1600.0,16.0,0.0,20.0
GINGER PICKLE 500g AHA,200.0,200.0,1000.0,5.0,0.0,20.0
GOLD DROP SUNFLOWER OIL 1Lt pouch,156.0,158.46666666666667,28504.2,180.0,1.5565839293226769,18.443416070677323
GOLDEN COW GHEE 500 ML HERITAGE,375.0,375.0,19875.0,53.0,0.0,20.0
GOLDEN KIWI FRUIT BIG,79.0,79.0,395.0,5.0,0.0,20.0
GOLDEN KIWI SMALL,58.0,66.44841726618705,109152.55,1687.0,12.714249057796764,7.2857509422032365
GONGURA PANDU MIRAPAKAYA PICKLE  500g AHA,174.998,174.998,874.99,5.0,0.0,20.0
GONGURA PANDU MIRAPAKAYA PICKLE 250g  AHA,90.0,90.0,810.0,9.0,0.0,20.0
GONGURA PICKLE 250g  AHA,90.0,90.0,1440.0,16.0,0.0,20.0
GONGURA PICKLE 250g VELLANKI FOODS,120.0,121.57894736842105,2915.0,24.0,1.2987012987013005,18.7012987012987
GONGURA PICKLE 500g  AHA,175.0,175.0,525.0,3.0,0.0,20.0
GONGURA(PUNTIKURA),64.0,67.78065934065934,42112.0,630.23,5.577784839268228,14.422215160731772
GRAPE JUICE,50.0,54.0,370.0,7.0,7.4074074074074066,12.592592592592593
GREEK CEREALS YOGHURT 100g MILKY MIST,40.0,40.0,1520.0,38.0,0.0,20.0
GREEK HONEY AND FIG YOGHURT 100g MILKY MIST,40.0,40.0,640.0,16.0,0.0,20.0
GREEK YOGHURT 100g MILKY MIST,40.0,40.0,2760.0,69.0,0.0,20.0
GREEK YOGURT 85g  ALPHONSO MANGO  EPIGAMIA,60.0,59.26829268292683,9660.0,162.0,-1.234567901234572,21.234567901234573
GREEK YOGURT ALPHONSO MANGO SMOOTHIE 180ml EPIGAMIA,80.0,78.70967741935483,6880.0,87.0,-1.6393442622950898,21.63934426229509
GREEK YOGURT BLUEBERRY 90g EPIGAMIA,60.0,60.0,10620.0,182.0,0.0,20.0
GREEK YOGURT BLUEBERRY SMOOTHIE 180ml EPIGAMIA,80.0,80.0,6000.0,75.0,0.0,20.0
GREEK YOGURT MIXED BERRY ZERO ADDED SUGAR 120g EPIGAMIA,70.0,70.8,2340.0,33.0,1.1299435028248548,18.870056497175145
GREEK YOGURT NATURAL 90g EPIGAMIA,55.0,58.62068965517241,9975.0,170.0,6.176470588235293,13.823529411764707
GREEK YOGURT STRAWBERRY 85g EPIGAMIA,60.0,60.0,8340.0,139.0,0.0,20.0
GREEK YOGURT STRAWBERRY SMOOTHIE 180ml EPIGAMIA,80.0,80.0,5200.0,66.0,0.0,20.0
GREEK YOGURT STRAWBERRY ZERO ADD SUGAR 120g EPIGAMIA,70.0,70.0,2170.0,31.0,0.0,20.0
GREEK YOGURT VANILLA BEAN 90g EPIGAMIA,60.0,60.0,4620.0,77.0,0.0,20.0
GREEK YOGURT WILD RASBERRY 85g EPIGAMIA,60.0,62.09290697674418,7409.99,120.0,3.370605562931759,16.629394437068242
GREEN APPLE,359.0,378.80737226277375,57267.08,151.97,5.2288771848488835,14.771122815151116
GREEN CHILLY,59.0,75.35027322404372,158356.02,2066.47,21.699023141466814,0.0
GREEN PEAS,167.12,181.09258620689656,58912.81,329.22,7.715714099379532,12.284285900620468
GREEN PEAS BATANI 500G EVR,165.0,160.0,5610.0,35.0,-3.125,23.125
GREEN PEAS SEED PAC,320.0,446.84313725490193,9988.7,22.5,28.386502259862212,0.0
GROUND NUT,93.2,113.17011976047904,40331.22,355.66,17.64610641284569,2.3538935871543103
GROUND NUT OIL 1Lt. COLD PRESSED MESMARA,420.0,420.0,13440.0,32.0,0.0,20.0
GUAVA HYBRID BIG ANAND,99.0,131.23091549295776,208875.02,1628.11,24.56045922706938,0.0
GUAVA Local,129.0,129.0,1940.93,15.05,0.0,20.0
GULAB JAM MIX 200g MILKY MIST,130.0,122.5,1470.0,12.0,-6.122448979591836,26.122448979591837
GULABI ROUND BRINJAL,51.432,77.4477094972067,64226.23,878.02,33.59132202372622,0.0
Ginger Imbued Honey 250g BT,225.0,225.0,3600.0,16.0,0.0,20.0
Ginger Imbued Honey 500g BT,405.0,405.0,3240.0,8.0,0.0,20.0
Green Kiwi Small,34.0,39.28814207650273,117932.0,3043.0,13.459893486959867,6.540106513040133
HAZELNUT CHOCOLATE SPREAD 200g,499.0,499.0,499.0,1.0,0.0,20.0
HEKATPY BUCK WHEAT COOKIES 125g,125.0,125.0,500.0,4.0,0.0,20.0
HEKATPY PEARL MILLET COOKIE 125g,125.0,125.0,125.0,1.0,0.0,20.0
HEKATPY QUINO COOKIES 125g,125.0,125.0,625.0,5.0,0.0,20.0
HEKTAPY HEALTHY DEL JOWAR 125G,125.0,125.0,375.0,3.0,0.0,20.0
HEKTAPY HEALTHY DEL RAGI 125G,125.0,125.0,625.0,5.0,0.0,20.0
HEKTAPY MULTI MILLET S.N,125.0,125.0,625.0,5.0,0.0,20.0
HEKTAPY OAT COOKIES  125g,125.0,125.0,125.0,1.0,0.0,20.0
HEKTAPY RAJGIRI COOKIES 125g,125.0,125.0,375.0,3.0,0.0,20.0
HIMALAYAN HONEY 225g APIS,165.0,165.0,495.0,3.0,0.0,20.0
HIMALAYAN HONEY 500g APIS,325.0,325.0,2275.0,7.0,0.0,20.0
HIMAYATH MANGO KG LOOSE,269.0,317.78234567901234,193772.48,617.9,15.350867139827438,4.649132860172562
HOME DELIVERY CHARGES,1.0,1.0,30.0,30.0,0.0,20.0
HULLED WHITE SESAME OIL 1Lt. MESMARA,700.0,700.0,3500.0,5.0,0.0,20.0
I.Orange Pack of 4,85.0,106.57894736842105,2407.0,23.0,20.246913580246915,0.0
ICE BERG ENGLISH ITEM SAMBERRY,220.484,227.06798387096774,15235.21,67.31,2.8995650371868815,17.100434962813118
IDLI KARAM 100g VELLANKI FOODS,58.0,58.77777777777778,2584.0,44.0,1.3232514177693775,18.676748582230623
IDLI POWDER AKA GUNDPOWDER AKA KARAM PODI PREMIUM KG LOOSE FLYBER,799.0,799.0,73.51,0.09,0.0,20.0
IDLY . DOSA BATTER 1KG ID FRESH,95.0,95.0,61655.0,650.0,0.0,20.0
IDLY BATTER 900g DSL,80.0,80.0,21280.0,266.0,0.0,20.0
IDLY KARAM FLYBERRY,500.0,500.0,631.0,1.28,0.0,20.0
IDLY RAVA1KG,65.0,64.71875,10799.75,167.0,-0.43457267020762913,20.43457267020763
IDLY RAWA 500g,35.0,35.0,665.0,19.0,0.0,20.0
IDLY RAWA ORANGE 1KG AISHWARYA,60.0,60.0,360.0,6.0,0.0,20.0
IDLY RICE  1Kg,70.0,70.0,1610.0,23.0,0.0,20.0
IGURU KARAM 100g VELLANKI FOODS,64.0,63.42857142857143,444.0,7.0,-0.9009009009008976,20.900900900900897
IMLI POP KG FLYBERRY,480.0,480.0,620.16,1.3,0.0,20.0
IMP ORANGE CANE,100.0,100.0,200.0,2.0,0.0,20.0
IMP Orange Juices,150.0,150.0,7800.0,52.0,0.0,20.0
IMPORTED ORANGE,158.0,197.96363636363637,100960.52,510.84,20.18736223365173,0.0
IMPORTED PLUMS,232.4,330.65707182320443,76389.38,231.75,29.715702519660752,0.0
INDIAN RAISINS GREEN FLYBERRY,600.0,600.0,3633.6,6.04,0.0,20.0
INDIAN RAISINSGOLDEN KGS FLYBERRY,600.0,600.0,7728.0,12.86,0.0,20.0
INSIDE YELLOW MELON Kg,39.9,39.9,4048.74,101.48,0.0,20.0
IODIZED SALT 1KG PON,20.0,20.0,80.0,4.0,0.0,20.0
IRANIAN DATES 500g ORIGINAL AM ENTERPRISES,229.0,228.0,2738.0,12.0,-0.43859649122807015,20.43859649122807
JACK FRUIT SEEDS ANAND,84.0,84.0,12180.0,145.0,0.0,20.0
JAGGERY KESAR 450G,50.0,51.27835051546392,8600.0,169.0,2.492963409730604,17.507036590269397
JAGGERY KESAR 900G,91.0,95.58641791044776,10681.0,112.0,4.798189963290235,15.201810036709766
JAGGERY MINI CUBES 500G EVR,115.0,115.0,3335.0,29.0,0.0,20.0
JAGGERY POWDER 500g JIVIKA ORGANICS,95.0,95.0,7220.0,76.0,0.0,20.0
JANTHIKALU 250g VELLANKI FOODS,150.0,150.6515436241611,42697.41,286.0,0.43248386872592254,19.56751613127408
JAVATRI 50g,180.0,180.0,9720.0,54.0,0.0,20.0
JEERA 100g,65.0,65.0,3380.0,52.0,0.0,20.0
JEERA 200g,125.0,125.0,20625.0,165.0,0.0,20.0
JEERA PAPAD 200G EVR,68.0,68.0,748.0,11.0,0.0,20.0
JIVIKA COLD PRESSED SAFFLOWER OIL 1LTR,539.994,539.9966666666667,1619.99,5.0,0.0004938302088237898,19.999506169791175
JIVIKA CORIANDER POWDER 100GMS,55.0,55.0,1100.0,20.0,0.0,20.0
JIVIKA FOREST HONEY250ml,280.0,280.0,3080.0,11.0,0.0,20.0
JIVIKA NATURALS PEANUT BUTTER500GMS,399.0,399.0,1596.0,4.0,0.0,20.0
JIVIKA RED CHILLI POWDER 200GMS,170.0,170.0,6800.0,41.0,0.0,20.0
JIVIKA RED CHILLI POWDER 500GMS,399.0,399.0,3192.0,8.0,0.0,20.0
JIVIKA TURMERIC POWDER 100GMS,60.0,60.0,2760.0,46.0,0.0,20.0
JOWAR FLOUR 500g,50.0,50.0,4450.0,89.0,0.0,20.0
JUBJUB GUAVA JUICE,70.0,70.0,140.0,2.0,0.0,20.0
JUJUBIES FLYBERRY,600.0,597.8906024096385,7689.14,13.05,-0.3528066140963109,20.352806614096313
KABULI CHANA 500g,120.0,119.92405063291139,13794.0,115.0,-0.06333122229259354,20.063331222292593
KAJJIKAYALU 250g VELLANKI FOODS,145.0,146.16666666666666,19015.0,130.0,0.7981755986316926,19.201824401368306
KAJU PAKODI 250g VELLANKI FOODS,225.0,226.72413793103448,15420.0,68.0,0.760456273764256,19.239543726235745
KALA JAMUN BOX PACK ANAND,99.0,119.6686046511628,67282.0,604.0,17.27153476169655,2.72846523830345
KANDI KARAM 100g  VELLANKI FOODS,58.0,58.470588235294116,1056.0,18.0,0.8048289738430555,19.195171026156945
KANDI KARAM 250GM AHA,120.0,120.0,240.0,2.0,0.0,20.0
KARAM GAVVALU 250G VELLANKI FOODS,135.0,137.0,5335.0,39.0,1.4598540145985401,18.54014598540146
KARAM SAKINALU 250g  VELLANKI FOODS,145.0,146.4814814814815,4245.0,29.0,1.0113780025284542,18.988621997471547
KARAN PHOOL 50g,60.0,63.80952380952381,5610.0,88.0,5.9701492537313445,14.029850746268655
KARIVEPAKU KARAM 100g VELLANKI FOODS,60.0,61.1764705882353,1224.0,20.0,1.9230769230769278,18.076923076923073
KARIVEPAKU KARAM 250g AHA,120.0,120.0,240.0,2.0,0.0,20.0
KARPURAVALLI BANANA,74.0,78.40491712707183,80638.42,1028.6,5.618164381109826,14.381835618890175
KASOORI METHI PAPAD 200G EVR,75.0,75.0,375.0,5.0,0.0,20.0
KASURIMETHI 50G,32.0,35.27272727272727,3056.0,86.0,9.27835051546392,10.72164948453608
KEERA JUICE,40.0,40.0,720.0,18.0,0.0,20.0
KESARI MANGO KG LOOSE,209.0,235.12702702702705,146626.91,628.36,11.111877421060507,8.888122578939493
KHUS KHUS 50G,120.0,122.37704918032787,9565.0,78.0,1.9423978566644375,18.05760214333556
KIMIA DATES PLASTIC BOX 400G ORIGINAL,219.0,251.76923076923077,23985.0,95.0,13.015582034830434,6.984417965169566
KIMJO KIMIA DATES 400g ELEPHANT,160.0,211.30256410256408,13392.79,66.0,24.27919619454421,0.0
KINELY WATER 500ml,10.0,10.0,2650.0,265.0,0.0,20.0
KINLEY SODA 750ML,20.0,20.0,3460.0,173.0,0.0,20.0
KINLEY WATER 1Lt,20.0,20.0,1780.0,89.0,0.0,20.0
KIRAN MELON,26.0,33.03901098901099,384004.46,13239.4,21.30515042157955,0.0
KISMIS GREEN 250g,185.0,185.0,1110.0,6.0,0.0,20.0
KNOOL COOL,38.0,45.71037037037037,1078.2,23.93,16.867879887860767,3.1321201121392335
KOBBARI KARAM 250g AHA,120.0,120.0,240.0,2.0,0.0,20.0
KOBBARI VUNDALU 250g VELLANKI FOODS,130.0,132.11111111111111,16120.0,123.0,1.5979814970563524,18.402018502943648
KODO MILLET ARIKALU 500G,75.0,75.0,2100.0,28.0,0.0,20.0
KOTHIMEERA CORIANDER KARAM 100g VELLANKI FOODS,60.0,60.285714285714285,844.0,14.0,0.4739336492890978,19.526066350710902
KOVA KAJJIKAYALU 250g VELLANKI FOODS,180.0,182.12765957446808,10040.0,55.0,1.1682242990654197,18.831775700934582
KP MALABAR  PAROTA 5PC ID FRESH,105.0,104.93333333333334,18682.0,178.0,-0.06353240152477402,20.063532401524775
KURA KARAM 100g VELLANKI FOODS,60.0,60.0,840.0,14.0,0.0,20.0
KURNOOL MURMURA 500g,79.0,80.6896551724138,10948.0,136.0,2.0940170940170946,17.905982905982906
Kashmir Comb Honey 500g BT,1170.0,1170.0,11700.0,10.0,0.0,20.0
L G HING 50g,85.0,95.32727272727273,6603.0,69.0,10.833492275414839,9.166507724585161
LAB LAB,74.0,85.07715846994536,57499.51,681.53,13.020132159043033,6.979867840956967
LADIES FINGER,44.0,54.19573770491803,308770.39,5703.03,18.812803620150394,1.1871963798496061
LAKSHMAN FRUIT ANAND,429.0,429.0,5111.97,11.91,0.0,20.0
LAL MICHI WITHOUT STEM 200G EVR,115.0,114.12790697674419,13840.0,121.0,-0.7641365257259303,20.76413652572593
LAL MIRCHI WITH STEM 200G EVR,105.0,102.94805194805195,9712.0,96.0,-1.9931878390311526,21.99318783903115
LANGADA MANGO KG LOOSE,214.0,214.0,20394.18,95.32000000000001,0.0,20.0
LASSI 200ml MILKY MIST UHT ROSE,35.0,35.0,1120.0,32.0,0.0,20.0
LASSI BLUBERRY 180ml MILKYMIST,30.0,33.4,1355.0,41.0,10.17964071856287,9.82035928143713
LEAF ONION,63.0,74.3593956043956,17179.96,231.71,15.2763420305747,4.7236579694253
LEMON,129.0,164.72650273224045,282952.05,1700.1,21.68837566491237,0.0
LEMON JUICE,20.0,20.0,300.0,15.0,0.0,20.0
LEMON PICKLE  250g AHA,75.0,75.0,825.0,11.0,0.0,20.0
LEMON PICKLE 500g  AHA,150.0,150.0,450.0,3.0,0.0,20.0
LETTUCE RED ENG ITEM SAMBERRY,253.0,290.2,275.15000000000003,0.95,12.818745692625772,7.181254307374228
LETTUCE ROCKET ARUGULA KG ENGLISH ITEM SAMBERRY,316.0,316.0,36.66,0.12,0.0,20.0
LIME PICKLE 250g VELLANKI FOODS,100.0,101.11111111111111,1210.0,12.0,1.0989010989011019,18.901098901098898
LITTLE MILLET SAMELU 500g,100.0,98.5,2470.0,25.0,-1.5228426395939088,21.522842639593907
LOBIA,39.0,46.72910112359551,18712.45,407.08,16.540230686553397,3.4597693134466034
LONG CHILLIES,55.68,76.20972375690607,24464.83,315.46,26.938457121812732,0.0
LOTUS ECLAIRS  250G,50.0,50.0,300.0,6.0,0.0,20.0
LOTUS KAJOOS 13.5 G,4.608,4.922222222222222,591.5,122.0,6.383747178329567,13.616252821670432
LOTUS TANGO 20G,5.0,5.81391304347826,987.7,177.0,13.999401734968583,6.000598265031417
LOW GI RICE 1Kg AISHWARYA,120.0,120.0,720.0,6.0,0.0,20.0
LOW GI RICE 5KG AISHWARYA,600.0,600.0,3000.0,5.0,0.0,20.0
LYCHEE LOCAL ANAND,456.738,462.3793333333333,49892.05,107.83,1.22006606408302,18.77993393591698
Lotus Stem SAMBERRY,284.0,284.0,2846.25,10.02,0.0,20.0
MAAZA 600ML,42.0,42.0,504.0,12.0,0.0,20.0
MAGAYA PICKLE 250GMS VELLANKI FOODS,140.0,141.66666666666666,2270.0,16.0,1.1764705882352875,18.823529411764714
MAIDA 1 KG,65.0,65.0,2275.0,35.0,0.0,20.0
MAIDA 500g,40.0,40.0,1200.0,30.0,0.0,20.0
MALGUDI COFFEE 200g 60 DEGREES CONTINENTAL,149.0,160.99714285714285,1126.98,7.0,7.45177376705886,12.54822623294114
MALGUDI COFFEE 200g 80 DEGREES CONTINENTAL,200.0,200.0,1000.0,5.0,0.0,20.0
MALGUDI COFFEE 500g 80 DEGREE CONTINENTAL,375.4,399.5,1598.0,4.0,6.032540675844811,13.96745932415519
MALGUDI FILTER COFFEE 500g 60 DEGREE CONTINENTAL,360.0,360.0,1800.0,5.0,0.0,20.0
MALLIKA MANGO Kg LOOSE,135.648,146.29580645161292,40468.19,278.05,7.278271817815001,12.721728182185
MANGO AVAKAYA 250g  AHA,90.0,86.25,1470.0,17.0,-4.3478260869565215,24.347826086956523
MANGO AVAKAYA pPICKLE 500g AHA,175.0,175.0,1050.0,6.0,0.0,20.0
MANGO BELLAM AVAKAI 250g AHA,90.0,90.0,180.0,2.0,0.0,20.0
MANGO GINGER,122.0,136.62800000000001,2403.42,19.080000000000002,10.706443774336163,9.293556225663837
MANGO JELLY ROLLS 250g VELLANKI FOODS,150.0,152.0212765957447,22480.0,148.0,1.3296011196641098,18.670398880335892
MANGO JUICE,70.0,70.0,1190.0,17.0,0.0,20.0
MANGO MAGAYA  250g AHA,100.0,100.0,1700.0,17.0,0.0,20.0
MANGO MAGAYA 500g AHA,200.0,200.0,1000.0,5.0,0.0,20.0
MANGO PICKLE 250G VELLANKI FOODS,120.0,119.8936170212766,7555.0,63.0,-0.08873114463176449,20.088731144631765
MARATHI MOGGA 50gms EVR,42.0,42.0,210.0,5.0,0.0,20.0
MAREDUKAYA KG LOOSE,129.0,129.0,1176.74,9.120000000000001,0.0,20.0
MASALA KARAM 250g AHA,140.0,140.0,140.0,1.0,0.0,20.0
MASALA PALLI 250GMS VELLANKI FOODS,150.0,150.83333333333334,20220.0,134.0,0.5524861878453101,19.44751381215469
MASOOR DAL 500g,70.0,73.69565217391305,4360.0,59.0,5.014749262536878,14.985250737463122
MASTI BUTTER MILK 1Lt AMUL,70.0,70.0,840.0,12.0,0.0,20.0
MASTI BUTTER MILK 200ml AMUL tetra,15.0,15.0,2625.0,175.0,0.0,20.0
MEDJOUL DATES LARGE FLYBERRY loose kgs,1999.0,1979.9117857142858,39455.28,20.02,-0.9640941795206215,20.96409417952062
MENTI BIG,99.0,113.62267759562842,70809.16,614.62,12.869506250916778,7.130493749083222
METHI 100G,30.0,32.27272727272727,3275.0,101.0,7.042253521126762,12.957746478873238
MILK BREAD 350g SPENCERS GOLDEN CRUST NANDA,55.0,55.0,55.0,1.0,0.0,20.0
MILK CHOCOLATE SMOOTH N CREAMY 150g AMUL,200.0,198.94736842105263,4160.0,21.0,-0.5291005291005298,20.52910052910053
MILK SHAKE CHOCOLATE 220ML MILKY MIST,40.0,39.88979591836735,9691.2,243.0,-0.2762713598690247,20.276271359869025
MILK SHAKE STRAWBERRY 180ML HERITAGE,20.0,20.0,1200.0,60.0,0.0,20.0
MILK SHAKE STRAWBERRY 180ML MILKY MIST,40.0,39.88732394366197,5788.0,145.0,-0.28248587570622324,20.28248587570622
MILK SHAKE STRAWBERRY 180ml EPIGAMIA,40.0,39.95,9866.0,247.0,-0.12515644555693906,20.12515644555694
MILK SHAKE VANILA 180ml EPIGAMIA,40.0,40.0,3280.0,82.0,0.0,20.0
MILK SHAKE VANILLA 180ML MILKY MIST,40.0,40.0,2320.0,58.0,0.0,20.0
MILKSHAKE CHOCOLATE 180ml EPIGAMIA,40.0,39.967785234899324,18150.4,454.0,-0.08060182697475665,20.080601826974757
MILLET DOSA BATTER 1Kg DSL,120.0,120.0,480.0,4.0,0.0,20.0
MILLET IDLY RAWA 500GMS SRI AHARYA,89.0,89.0,1068.0,12.0,0.0,20.0
MILLET MOONG MIX 250g VELLANKI,150.0,154.16666666666666,10650.0,69.0,2.7027027027026964,17.297297297297305
MILLETS UPMA RAWA 500GMS SRI AHARYA,89.0,89.0,623.0,7.0,0.0,20.0
MINI MEDJOUL FLYBERRY loose kgs,1250.0,1248.235294117647,6517.84,5.2299999999999995,-0.14137606032045133,20.14137606032045
MINUTE MAID PULPY 250 ML,25.0,25.0,2825.0,113.0,0.0,20.0
MISHTI DAHI 80g  EPIGAMIA,35.0,35.0,3920.0,113.0,0.0,20.0
MIXED SPROUTS ANAND,30.0,30.0,53400.0,1780.0,0.0,20.0
MIXTURE 250g VELLANKI FOODS,145.0,145.88518518518518,37369.5,257.0,0.6067683871131493,19.39323161288685
MODERN  CRUST PIZZA BASE 150g,35.0,35.0,210.0,6.0,0.0,20.0
MODERN 100% WHOLE WHEAT BREAD 400G,55.0,55.0,10450.0,191.0,0.0,20.0
MODERN BANANA PUDDING  CAKE 140g,60.0,60.0,1980.0,33.0,0.0,20.0
MODERN BURGER BUN,45.0,45.0,630.0,14.0,0.0,20.0
MODERN CHOCO CHEER CAKE 120g,35.0,35.0,4375.0,125.0,0.0,20.0
MODERN FRUIT & NUT CAKE 140g,60.0,60.0,3660.0,61.0,0.0,20.0
MODERN HI FIBER  BROWN BREAD 400g,55.0,55.0,5335.0,98.0,0.0,20.0
MODERN MILK PLUS BREAD 450g,55.0,55.0,9790.0,178.0,0.0,20.0
MODERN SANDWICH SUPREME BREAD 400g,55.0,55.0,5830.0,109.0,0.0,20.0
MODERN WOW PAV 200g,30.0,30.0,1890.0,63.0,0.0,20.0
MODREN FRUITY BREAD 200G,30.0,30.0,3000.0,100.0,0.0,20.0
MOONG DAL 500G,80.0,80.0,8960.0,112.0,0.0,20.0
MOONG DAL1kg,160.0,160.0,11200.0,70.0,0.0,20.0
MOONG GREEN 500g,90.0,88.18855421686746,11338.94,129.0,-2.0540599618834356,22.054059961883436
MOONGDAL RICE RAWA 500G AISHWARYA,70.0,70.0,70.0,1.0,0.0,20.0
MOUSAMBI,73.0,82.82203296703297,137279.59,1680.51,11.859202938115024,8.140797061884976
MOUSAMBI JUICE,90.0,90.0,9900.0,110.0,0.0,20.0
MOZZARELLA CHEESE 200g MILKY MIST,165.0,168.0,4370.0,26.0,1.7857142857142856,18.214285714285715
MUKHWAS TINIMINI KG FLYBERRY,310.0,310.0,907.0600000000001,2.93,0.0,20.0
MULAGAKU KARAM 100g VELLANKI FOODS,68.0,68.36363636363636,888.0,13.0,0.5319148936170156,19.468085106382983
MULBERY BOX PACK ANAND,84.0,84.0,13020.0,155.0,0.0,20.0
MULTIGRAIN HEALTH MIX 500GMS SRI AHARYA,159.0,159.0,954.0,6.0,0.0,20.0
MUNAGAKU KARAM 250g AHA,120.0,120.0,240.0,2.0,0.0,20.0
MURUKULU 250g VELLANKI FOODS,150.0,150.89175675675676,44517.89,299.0,0.5909910361732409,19.40900896382676
MUSK MELON - H,32.736000000000004,45.93626373626373,67430.56,1538.89,28.736041337735024,0.0
MUSK MELON - LOCAL,64.0,65.33045454545454,5133.32,78.91,2.0364997530039557,17.963500246996045
MUSK MELON JUICE,50.0,50.0,4000.0,80.0,0.0,20.0
MUSTARD BIG 200g,40.0,42.083333333333336,2440.0,58.0,4.950495049504956,15.049504950495045
MUSTARD OIL 1Lt. MESMARA,599.0,599.0,4792.0,8.0,0.0,20.0
MUSTARD SMALL 200g,42.0,47.43636363636364,2916.0,62.0,11.460329628210046,8.539670371789954
MYSORE PAK 250g HARD VELLANKI FOODS,145.0,147.22222222222223,11625.0,79.0,1.509433962264155,18.490566037735846
Mango Juices,80.0,80.0,560.0,7.0,0.0,20.0
Mango Milk Shake,60.0,60.0,60.0,1.0,0.0,20.0
Moosambi Economy,49.0,49.0,106.53,2.17,0.0,20.0
NAGPUR ORANGE,117.352,142.528,86418.26,598.51,17.663897620116742,2.3361023798832576
NAGPUR ORANGE JUICE,90.0,88.94736842105263,3090.0,36.0,-1.1834319526627235,21.183431952662723
NALLA KARAM 100g VELLANKI FOODS,62.0,62.0,434.0,7.0,0.0,20.0
NALLA KARAM 250g AHA,120.0,120.0,480.0,4.0,0.0,20.0
NANDA CREAM BUN VANILLA 60g,15.0,15.0,2010.0,134.0,0.0,20.0
NANDA CRM BUN CHOCOLATE 60g,15.0,15.0,1485.0,99.0,0.0,20.0
NANDA CRM BUN PINEAPPLE 60g,15.0,15.0,1365.0,91.0,0.0,20.0
NANDA MUFFIN FRUIT 240g,75.0,73.67673913043478,6427.25,87.0,-1.7960361508705776,21.796036150870577
NANDA MUFFIN VANILLA 240g,75.0,73.6,7187.0,97.0,-1.902173913043486,21.902173913043487
NANDA OSMANIA COOKIES 300g,72.0,70.80928571428572,10148.64,143.0,-1.6815792924656674,21.681579292465667
NANDAS Mr BREADRY ZERO MAIDA 450g,60.0,60.0,180.0,3.0,0.0,20.0
NARINJAAKAYA KG LOOSE,114.0,114.0,459.65,4.03,0.0,20.0
NATU DONDAKAI,44.0,54.05841530054645,39005.01,743.5,18.606567071241496,1.3934329287585037
NATURAL BROWN SUGAR 1Kg JIVIKA ORGANICS,155.0,155.0,4030.0,26.0,0.0,20.0
NATURAL COW GHEE 500ml JIVIKA ORGANICS,499.0,499.0,2994.0,6.0,0.0,20.0
NATURAL CURD 450g SIDS FARM,50.0,50.090494505494505,53340.0,1067.0,0.18066203256304061,19.819337967436958
NATURAL ROCK SALT 1Kg JIVIKA ORGANICS,110.0,114.0625,9680.0,85.0,3.5616438356164384,16.438356164383563
NATURAL THICK CURD  POUCH 400 GMS ID FRESH,45.0,48.32727272727273,4642.0,97.0,6.884875846501131,13.115124153498869
NATURAL THICK CURD CUP 400g ID FRESH,80.0,78.33333333333333,1100.0,14.0,-2.1276595744680913,22.12765957446809
NAVARATAN MIXTURE 250g VELLANKI FOODS,155.0,156.4,21785.0,139.0,0.8951406649616405,19.10485933503836
NEELAM MANGO Kg LOOSE,96.20000000000002,144.61105263157896,57965.95,382.65,33.47673068594159,0.0
NETHI BHERAKAI,55.5,58.45363095238095,19950.29,341.48,5.052946932906723,14.947053067093277
NUTMEG 50G,80.0,80.0,2480.0,31.0,0.0,20.0
NUTRI+ WITH IMMUNITY BOOSTERS - 30 EGGS TRAY ABHI EGGS,395.0,395.0,22910.0,58.0,0.0,20.0
NUTRI+ WITH IMMUNITY BOOSTERS - 6 EGGS PACK ABHI EGGS,84.0,84.0,8064.0,96.0,0.0,20.0
NUVULA KARAM FLYBERRY,550.0,550.0,31.9,0.06,0.0,20.0
NUVVULA CHIKKI 250g VELLANKI FOODS,155.0,156.23595505617976,23915.0,153.0,0.7910823444803943,19.208917655519606
NUVVUNDALU 250g VELLANKI FOODS,155.0,157.25352112676057,12280.0,78.0,1.4330497089117848,18.566950291088215
OKRA CHIPS VACUUM FRIED 20g FLYBERRY,49.0,49.0,196.0,4.0,0.0,20.0
OLIVE OIL 1LTR MESMARA,999.0,999.0,2997.0,3.0,0.0,20.0
OMANI SEEDLESS 250g FLYBERRY,149.0,148.8709677419355,5211.0,35.0,-0.08667388949078844,20.08667388949079
ONION,29.9,33.289781420765024,443523.94,13298.94,10.182648476780313,9.817351523219687
ONION WHITE,42.0,45.54860465116279,3798.56,84.43,7.790808694009465,12.209191305990535
ORANGE DRAGES KG LOOSE FLYBERRY,2599.0,2599.0,322.28,0.12,0.0,20.0
ORANGE JUICE,120.0,120.0,120.0,1.0,0.0,20.0
ORGANIC CURD. 1KG TUB AKSHAYAKALPA,155.0,155.0,12555.0,81.0,0.0,20.0
ORGANIC GREEK YOGHURT NATURAL 100g AKSHAYAKALPA,60.0,60.0,2940.0,49.0,0.0,20.0
ORGANIC MALAI PANEER 200g AKSHAYAKALPA,140.0,139.85593220338984,32593.0,233.0,-0.10301157365326759,20.10301157365327
ORGANIC- CHEESE SLICES AKSHAYAKALPA,120.0,120.0,2160.0,18.0,0.0,20.0
ORGANIC-PROBIOTIC CURD AKSHAYAKALPA,55.0,55.0,15675.0,285.0,0.0,20.0
OUTSIDE YELLOW MELON Kg,39.9,39.9,6451.6,161.7,0.0,20.0
PALAK GREEN,64.0,89.54104395604395,163396.09,1822.96,28.52439822857342,0.0
PALLI GROUND NUT KARAM 100g VELLANKI FOODS,64.0,64.8695652173913,1628.0,25.0,1.3404825737265311,18.659517426273467
PALLI PEANUT CHIKKI 250g VELLANKI FOODS,150.0,150.8843537414966,45715.0,303.0,0.5861136158701519,19.41388638412985
PALLI PEANUT VUNDALU 250g VELLANKI FOODS,150.0,150.95238095238096,12400.0,82.0,0.6309148264984298,19.36908517350157
PANASA POTTU,60.0,80.28169014084507,6240.0,97.6,25.263157894736842,0.0
PANDU MIRAPAKAI PICKLE 500g AHA,175.0,175.0,525.0,3.0,0.0,20.0
PANDUMIRAPAKAYA 250g PICKLE AHA,90.0,90.0,1170.0,13.0,0.0,20.0
PANEER 200G HERITAGE,117.0,116.47807909604519,163385.4,1407.0,-0.4480850886323799,20.44808508863238
PANEER 200G ID FRESH,125.0,133.1818181818182,39895.0,302.0,6.143344709897615,13.856655290102385
PANEER 200g SINGLE BLOCK MILKY MIST,128.0,127.94406779661017,35820.2,280.0,-0.04371613655331321,20.043716136553314
PANEER 500G HERITAGE,275.0,273.87605504587157,123009.96,448.0,-0.41038452738782993,20.41038452738783
PANEER 500g MILKY MIST,320.0,319.1304347826087,7660.0,24.0,-0.2724795640326999,20.2724795640327
PAPPAYA,46.0,59.740109289617486,223167.08,3768.19,22.999806081716432,0.0
PAPPAYA JUICE,50.0,50.0,1550.0,31.0,0.0,20.0
PARSLEY PACK,50.0,50.0,50.0,1.0,0.0,20.0
PARVAL,52.0,78.16464968152866,26222.33,349.78,33.47376312454927,0.0
PASTEURISED BUTTER 100g AMUL,60.0,61.39622641509434,5954.0,97.0,2.274124154886294,17.725875845113706
PASUPU KOMMULU,154.0,183.64474074074076,6793.03,37.56,16.14243926679693,3.8575607332030692
PEANUT OIL 1LT COLD PRESSED JIVIKA ORGANICS,490.0,490.0,9800.0,20.0,0.0,20.0
PERI PERI CASHEW FLYBERRY,1775.0,1775.0,575.0999999999999,0.33,0.0,20.0
PERSIMMON FRUIT,688.0,746.5,4298.29,5.8,7.83657066309444,12.16342933690556
PGB SOYA CHUNKS 200G MEDIUM,70.0,70.0,1260.0,18.0,0.0,20.0
PGB SOYA CHUNKS SMALL 200G,70.0,70.0,1400.0,20.0,0.0,20.0
PHOOL MAKHANA 250g,0.0,0.0,0.0,1.0,,
PINE APPLE,76.0,93.65905027932962,66681.0,706.0,18.854611729099435,1.1453882709005647
PINE APPLE JUICE,100.0,100.0,6900.0,70.0,0.0,20.0
PINK LADY APPLE,339.0,367.50757763975156,236727.24,648.13,7.7570040386204075,12.242995961379592
PISTA FLAVOURED MILK 200ML HERITAGE,30.0,30.0,7080.0,236.0,0.0,20.0
PISTA GREEN SHELLED KG FLYBERRY,3100.0,3097.3214285714284,27287.05,10.14,-0.08648025367541498,20.086480253675415
PLAIN BUTTER MILK 200ML UHT AKSHAYA KALPA,30.0,29.680851063829788,6330.0,212.0,-1.0752688172042977,21.075268817204297
PLAIN CUP PAPAD 200G EVR,52.0,52.0,468.0,9.0,0.0,20.0
PLUMS LOCAL BOX ANAND,72.0,70.9090909090909,3554.0,50.0,-1.538461538461542,21.538461538461544
POHA MEDIUM 500g,55.0,54.36184210526316,11552.25,212.0,-1.1739077816773575,21.173907781677357
POKCHOY LEAF SAMBERRY,193.0,229.28571428571428,1061.06,4.66,15.825545171339561,4.174454828660439
POMEGRANATE CANE,100.0,100.0,500.0,5.0,0.0,20.0
POMEGRANATE JUICE,180.0,180.0,12420.0,69.0,0.0,20.0
POMEGRANATE SEEDS,99.0,99.0,1089.0,11.0,0.0,20.0
PONAGANTI KURA,69.0,70.63070921985816,7518.32,107.18,2.3087821683654846,17.691217831634514
POOJA GINGELLY OIL 1LTR,270.0,270.0,5940.0,22.0,0.0,20.0
POOJA OIL 500ML,139.0,139.0,3892.0,28.0,0.0,20.0
POOJA PATRI PACK,33.0,33.0,1947.0,59.0,0.0,20.0
POPU SEEDS LOOSE,100.0,100.0,100.0,1.0,0.0,20.0
POTATO,45.0,49.11601092896175,487956.76,9951.98,8.380181637541542,11.619818362458458
POTATO CHIPS 200G EVR,68.0,68.0,680.0,10.0,0.0,20.0
PREMIUM FREEZE DIRED COFFEE 50gm JAR CONTINENTAL,300.0,300.0,1200.0,4.0,0.0,20.0
PREMIUM MILK BREAD 400g SPENCERS AKSHAYA  FOODS,55.0,55.0,43120.0,784.0,0.0,20.0
PREMIUM SANDWICH BREAD 400g SPENCERS AKSHAYA FOODS ENGLISH RECIPE,55.0,55.0,5555.0,101.0,0.0,20.0
PRM BROWN BREAD 400g MR BREADY NANDAS,55.0,55.0,2145.0,39.0,0.0,20.0
PRM CHITTIMUTYALU RICE 1KG GAJANAN,170.0,170.0,850.0,5.0,0.0,20.0
PRM HMT RAW RICE 26KG BAG GAJANAN,1799.0,1808.5454545454545,43428.0,24.0,0.5277973258268802,19.47220267417312
PRM HMT RICE 26KG BAG GAJANAN,1630.0,1642.0,8210.0,5.0,0.730816077953715,19.269183922046285
PROSO MILLET VARIGALU 500g,150.0,150.0,3750.0,25.0,0.0,20.0
PUDHINA,54.0,63.56256830601093,35355.33,556.6,15.04433908330074,4.9556609166992605
PULIHORA PASTE 250G VELLANKI FOODS,115.0,115.88235294117646,2665.0,23.0,0.7614213197969486,19.23857868020305
PUMPKIN,32.0,37.52895604395604,47868.92,1242.06,14.732506914075138,5.267493085924862
PUMPKIN SEEDS KG FLYBERRY,1100.0,1096.9850537634409,23855.56,21.79,-0.2748393176566728,20.274839317656674
PURE O FRESH EGGS 30 pack,250.0,249.64022346368714,196234.74,787.0,-0.14411801564710497,20.144118015647106
PURE O FRESH EGGS 6 PACK,54.0,53.97362637362638,100072.8,1855.0,-0.048863913999498014,20.048863913999497
PUTNALU KOBBARIKARAM 250g AHA,120.0,120.0,360.0,3.0,0.0,20.0
Pomogranate Pack of 4,194.0,229.69230769230768,29393.0,127.0,15.539182853315467,4.460817146684533
QUINOA SEEDS KGS FLYBERRY,465.0,465.0,55.8,0.12,0.0,20.0
RAGI FLOUR 500G,50.0,48.05102040816327,8124.0,169.0,-4.056062858356333,24.056062858356334
RAGULU 500g,45.0,45.0,3240.0,72.0,0.0,20.0
RAISIN N ALMOND 150G CHOCOLATE AMUL,250.0,250.0,2750.0,11.0,0.0,20.0
RASAM PODI 100g VELLANKI FOODS,60.0,60.4,728.0,12.0,0.6622516556291367,19.337748344370862
RAW BANANA(GREEN PLANTIN),60.0,60.39715846994536,128694.31999999999,2133.14,0.6575780715627422,19.342421928437258
RAW HONEY 500g BT ROYAL BEE PON,380.0,380.0,1140.0,3.0,0.0,20.0
RAW HONEY 950G BT ROYAL BEE PON,720.0,720.0,2160.0,3.0,0.0,20.0
RAW MANGO,46.334,63.12169398907104,61097.94,999.98,26.595759600459512,0.0
RAW PEANUT 1KG,170.0,169.80180180180182,29674.0,175.0,-0.116723259762301,20.116723259762303
RAW PEANUT500g,90.0,90.17553191489361,24895.5,280.0,0.1946558131304127,19.805344186869586
RED BANTHI POOLU KGS LOOSE,179.0,179.0,1451.33,8.11,0.0,20.0
RED BULL CAN 250ml,125.0,125.0,3000.0,24.0,0.0,20.0
RED CHERRY FLYBERRY,590.0,589.4242622950819,5771.13,9.78,-0.0976779786221038,20.097677978622105
RED CHILLI PAPAD 200G EVR,68.0,68.0,408.0,6.0,0.0,20.0
RED CHILLI PICKLE 250G VELLANKI FOODS,120.0,120.83333333333333,2295.0,19.0,0.6896551724137892,19.31034482758621
RED LOBIYA 500g,90.0,94.75,4270.0,45.0,5.013192612137203,14.986807387862797
RED RAJMA 500g,100.0,100.0,4900.0,49.0,0.0,20.0
RED RICE 1KG,101.0,107.3,1183.0,11.0,5.871388630009317,14.128611369990683
RED SEEDLESS GRAPES,436.0,436.0,122.95,0.28,0.0,20.0
REDCHILLY,56.0,56.0,33.49,0.6,0.0,20.0
RIBBON PAKODI 250g VELLANKI FOODS,140.0,141.96850393700788,32950.0,232.0,1.3865779256794282,18.61342207432057
RICE FLOUR 500G,45.0,47.94871794871795,6495.0,135.0,6.149732620320856,13.850267379679144
RICE RAVA IDLY BATTER 1KG ID FRESH,95.0,93.13725490196079,6175.0,66.0,-1.9999999999999967,21.999999999999996
RICE RAWA 500g,40.0,40.0,3320.0,83.0,0.0,20.0
RIDGE GOURD,49.0,57.335464480874315,368571.19,6459.72,14.538060441901221,5.461939558098779
ROASTED CHANA 200G,50.0,50.0,500.0,10.0,0.0,20.0
ROASTED SALTED ALMOND  KGS FLYBERRY,1650.0,1650.0,174.9,0.11,0.0,20.0
ROASTED SALTED PISTA KG FLYBERRY,1900.0,1899.6560273972605,27159.99,14.81,-0.01810709927369438,20.018107099273696
ROMAIN LETTUCE KG ENGISH ITEM SAMBERRY,223.0,254.0,2468.75,9.71,12.204724409448819,7.7952755905511815
ROSE FLOWER POOLU KG LOOSE,436.0,436.0,942.63,2.16,0.0,20.0
ROSE LONG BRINJAL,51.391999999999996,62.16060109289617,111942.42,1768.41,17.323836809111604,2.6761631908883956
ROUND CHEKKALU 250g VELLANKI FOODS,160.0,160.0,160.0,1.0,0.0,20.0
RUBUSTA BANANA,44.0,46.84483516483517,204084.65,4378.63,6.072889689599525,13.927110310400476
RUMANI MANGO KG LOOSE,87.2,89.39076923076922,1788.97,20.04,2.4507779154619187,17.54922208453808
Raw Forest Honey 1000g BT,693.0,693.0,5544.0,8.0,0.0,20.0
Raw Forest Honey 500g BT,369.0,369.0,8118.0,24.0,0.0,20.0
Raw Jamun Honey 1000g BT,756.0,756.0,3780.0,5.0,0.0,20.0
Raw Jamun Honey 500g BT,396.0,396.0,3168.0,8.0,0.0,20.0
Raw Neem Honey 1000g BT,756.0,756.0,3024.0,4.0,0.0,20.0
Raw Neem Honey 500g BT,396.0,396.0,3960.0,10.0,0.0,20.0
Raw Pappaya,47.8,48.70214285714286,1678.86,34.45,1.8523678922898787,18.14763210771012
Red Banana,119.0,123.74572368421052,23570.56,190.12,3.835060754358863,16.164939245641136
Royalaga Pack of 4,137.0,148.05042016806723,27061.0,182.0,7.463957316380979,12.536042683619021
SABJA SEEDS KG FLYBERRY,530.0,530.0,3184.2400000000002,6.0,0.0,20.0
SABUDANA 250g,35.0,42.121212121212125,4110.0,98.0,16.90647482014389,3.0935251798561083
SAFFLOWER OIL 1Lt. COLD PRESSED MESMARA,540.0,540.0,3240.0,6.0,0.0,20.0
SAMBAR ONION CHENNAI,96.0,96.0,846.72,8.82,0.0,20.0
SAMBAR PODI 100g VELLANKI FOODS,60.0,60.53333333333333,1392.0,23.0,0.8810572687224639,19.118942731277535
SAMBAR Â ONION,36.0,39.22586666666667,14163.039999999999,362.21999999999997,8.22382509500534,11.77617490499466
SANNAPOOSA 250g VELLANKI FOODS,140.0,141.9387755102041,20310.0,143.0,1.3659237958303476,18.634076204169652
SAUNF 100gm EVR,45.0,45.0,225.0,5.0,0.0,20.0
SESAME OIL 1Lt COLD PRESSED JIVIKA ORGANICS,525.0,525.0,9450.0,18.0,0.0,20.0
SET CURD 1kg BUCKET MILKY MIST,120.0,120.0,24120.0,201.0,0.0,20.0
SET CURD 200g MILKY MIST,33.0,33.0,2178.0,66.0,0.0,20.0
SET CURD 400g MILKY MIST,65.0,65.0,4355.0,67.0,0.0,20.0
SHAH JEERA 50g,80.0,84.0506329113924,9960.0,119.0,4.8192771084337265,15.180722891566273
SHRIKAND ELAICHI 100g MILKY MIST,45.0,45.0,630.0,14.0,0.0,20.0
SHRIKAND MANGO 100g MILKY MIST,45.0,45.0,855.0,19.0,0.0,20.0
SID FARMS MALAI PANEER 200g,120.0,121.44273885350317,47993.0,397.0,1.1879992720219805,18.81200072797802
SIMLA APPLE,204.0,210.63451612903225,29255.1,142.4,3.149776328665917,16.850223671334085
SINGLE POLISH RICE 1Kg,80.0,80.0,3840.0,48.0,0.0,20.0
SINGLE POLISH RICE 5Kg,395.0,395.0,15405.0,39.0,0.0,20.0
SKYR YOGHURT 100g MILKYMIST,60.0,60.0,2280.0,38.0,0.0,20.0
SMALL AMLA,105.0,118.72,354.14,3.13,11.556603773584904,8.443396226415096
SMALL CAPSICUM,70.65,88.33684684684684,21541.67,250.42,20.022049097486168,0.0
SNAKE GOURD,53.60000000000001,70.84314285714285,30806.8,433.94,24.33988973627852,0.0
SOAN PATTI 250g VELLANKI FOODS,175.0,176.95652173913044,4245.0,24.0,1.105651105651107,18.894348894348894
SONA MASURI TELANGANA STEAM RICE 26KG GAJANAN,1550.0,1550.0,7750.0,5.0,0.0,20.0
SOYA CHUNKS MEDIUM 200G EVR,55.0,56.91011235955056,6485.0,115.0,3.3563672260612005,16.643632773938798
SOYA CHUNKS SMALL 200G EVR,42.0,41.99125,5247.9,125.0,-0.02083767451552204,20.020837674515523
SOYAKURA,69.0,69.36206896551724,1401.56,20.21,0.5219985085756855,19.478001491424315
SPECIAL  LONG LIFE MILK 500ML HERITAGE,34.0,34.130434782608695,25423.0,747.0,0.3821656050955405,19.61783439490446
SPECIAL LONG LIFE COW MILK 180ML HERITAGE,12.0,12.4858125,7878.39,634.0,3.8909161898755067,16.109083810124492
SPECIALE COFFEE 200g JAR CONTINENTAL,749.0,749.0,749.0,1.0,0.0,20.0
SPICE ALMOND DRAGEE KG LOOSE FLYBERRY,2199.0,2199.0,373.83,0.17,0.0,20.0
SPICE BUTTER MILK 200ml UHT AKSHAYA KALPA,30.0,30.0,8430.0,281.0,0.0,20.0
SPICED TARO CHIPS 30g FLYBERRY GOURMET,99.0,99.0,99.0,1.0,0.0,20.0
SPICY ALOO CHIPS 100g VELLANKI FOODS,60.0,63.771929824561404,14325.0,227.0,5.914718019257222,14.085281980742778
SPRITE 600ML,40.0,40.0,480.0,12.0,0.0,20.0
SPRITE PET  250ML,20.0,20.0,2360.0,119.0,0.0,20.0
SPROUTED RAGI FLOUR 500GMS SRI AHARYA,69.0,69.0,552.0,8.0,0.0,20.0
SRI DIVYA DEEPARDHANA OIL 910 ML,190.0,190.0,380.0,2.0,0.0,20.0
SRI LALITHA BROWN RICE 5KG SONAMASOORI,415.0,415.0,830.0,2.0,0.0,20.0
SRI LALITHA HMT RICE 10KG,890.0,890.0,3560.0,4.0,0.0,20.0
SRI LALITHA HMT RICE 26KG,1670.0,1670.0,1670.0,1.0,0.0,20.0
SRI LALITHA IDLY RAVA 1KG,60.0,60.0,600.0,10.0,0.0,20.0
STAR FRUIT,89.0,89.0,1068.0,12.0,0.0,20.0
STAR PAPAD 200G EVR,48.0,48.0,384.0,8.0,0.0,20.0
STRAWBERRY FLAVOURED MILK 180ML HERITAGE,28.0,28.978070175438596,7336.0,254.0,3.375208112607838,16.624791887392163
STRAWBERRY LOCAL ANAND BOX,74.0,74.0,518.0,7.0,0.0,20.0
SUGAR 1 KG,52.0,52.962406015037594,11764.0,223.0,1.8171493469619535,18.182850653038045
SUGAR 2 KG,99.0,99.0,3960.0,40.0,0.0,20.0
SUGAR CANE PACK,28.0,28.0,2632.0,94.0,0.0,20.0
SUGAR FREE DARK CHOCOLATE 150g AMUL,200.0,200.0,4000.0,20.0,0.0,20.0
SUN MELON YELLOW,36.0,36.0,46.73,1.3,0.0,20.0
SUNFLOWER OIL 1LT COLD PRESSED MESMARA,540.0,542.5714285714286,8145.0,15.0,0.47393364928909654,19.526066350710902
SUNFLOWER OIL 1Lt COLD PRESSED JIVIKA ORGANICS,460.0,460.0,11040.0,24.0,0.0,20.0
SUNFLOWER OIL COLDPRESSED 5L MESMARA,2690.0,2690.0,2690.0,1.0,0.0,20.0
SUNFLOWER SEEDS KG FLYBERRY,950.0,950.0,12082.1,12.73,0.0,20.0
SWEET ALMOND OIL100ML MESMARA,449.0,449.0,1347.0,3.0,0.0,20.0
SWEET CORN,12.032,14.774699453551912,102729.3,7012.0,18.563487278873573,1.4365127211264266
SWEET CORN SEED,50.0,50.0,20500.0,410.0,0.0,20.0
SWEET POTATO,46.0,58.00601092896175,130210.12,2245.13,20.697873783572458,0.0
Small Bitter Gourd,56.0,66.33224489795919,26423.58,414.24,15.57650417810158,4.42349582189842
Snake Gourd Small,39.0,40.25,79.6,2.01,3.1055900621118013,16.8944099378882
TABLE BUTTER 100g HERITAGE,60.0,60.25974025974026,7228.0,120.0,0.4310344827586245,19.568965517241377
TABLE BUTTER 500G HERITAGE,294.0,261.875,2095.0,8.0,-12.267303102625299,32.2673031026253
TABLE BUTTER CHIPLITE MILKY MIST,78.0,77.83411764705882,4437.54,57.0,-0.2131229311204895,20.21312293112049
TABLE BUTTER SALTED 100g MILKY MIST,75.0,74.61111111111111,1718.0,23.0,-0.5212211466865185,20.521221146686518
TABLE BUTTER SALTED 200G MILKY MIST,137.8,145.5,1895.0,13.0,5.292096219931263,14.707903780068737
TAMARIND 500g,115.0,115.96774193548387,11245.0,97.0,0.8344923504867879,19.165507649513213
TAMARIND PICKLE 250g AHA,90.0,90.0,810.0,9.0,0.0,20.0
TAMARIND PICKLE 500g AHA,175.0,175.0,175.0,1.0,0.0,20.0
TAMARIND PICKLE250G VELLANKI FOODS,110.0,110.0,220.0,2.0,0.0,20.0
TAMARIND SEEDLESS 500g SRI SIVA RUDRA EVR,150.0,157.636,17571.75,116.0,4.844071151259862,15.155928848740139
TAPESWARAM KAJA 250g VELLANKI FOODS,140.0,142.0,14340.0,101.0,1.4084507042253522,18.591549295774648
TATA IODISED CRYSTAL SALT 1KG,22.0,22.0,440.0,20.0,0.0,20.0
TATA SALT 1KG,30.0,29.98469387755102,4378.5,146.0,-0.051046452271567365,20.051046452271567
TEENDA,87.0,95.3157894736842,1501.77,16.04,8.724461623412475,11.275538376587525
TELANGANA CHEKKALU 250g  VELLANKI FOODS,130.0,131.4875,55106.0,419.0,1.1312862439395466,18.868713756060455
THADKA MIX POPU DINUSULU 200G,48.0,48.0,48.0,1.0,0.0,20.0
THAI RED CHILLI KG ENGLISH ITEM SAMBERRY,930.0,930.0,561.72,0.61,0.0,20.0
THAMALAPAKULU,1.0,1.0,155.0,155.0,0.0,20.0
THIS CREAMY CARAMEL 18G CONTINENTAL,10.0,10.0,150.0,15.0,0.0,20.0
THIS CREAMY COFFEE MOCHA 22g CONTINENETAL,34.0,36.666666666666664,950.0,25.0,7.272727272727267,12.727272727272734
THIS IS CAPPUCCINO 22g CONTINENTAL,30.0,30.0,150.0,5.0,0.0,20.0
THIS IS CARAMEL CREAMY COFFEE22g CONTINENTAL,30.0,30.0,300.0,10.0,0.0,20.0
THOTAPURI MANGO,47.06,81.54019230769231,34772.34,502.01,42.28613071892342,0.0
THREE MANGO MIRCHI  PWD 500G,360.0,374.4,5232.0,14.0,3.84615384615384,16.15384615384616
THREE MANGO MIRCHI PWD 200G,145.0,145.0,290.0,2.0,0.0,20.0
THREE MANGO RAI PWD 200G,42.0,42.0,126.0,3.0,0.0,20.0
THREE MANGO RAI PWD 500G,41.2,68.66666666666667,309.0,4.0,40.0,0.0
THUMMIKURA,99.0,99.0,279.97,2.83,0.0,20.0
THUMS UP  600ml PET BOTTLE,40.0,40.0,360.0,9.0,0.0,20.0
THUMS UP 1.25L,68.0,68.0,68.0,1.0,0.0,20.0
THUMS UP 1Lt PET BOTTLE,50.0,50.0,600.0,12.0,0.0,20.0
THUMS UP 250ML,20.0,20.0,4220.0,220.0,0.0,20.0
TIL 100G,35.0,39.30555555555556,4755.0,121.0,10.954063604240286,9.045936395759714
TNS DATES 200g,90.0,90.0,450.0,5.0,0.0,20.0
TOFU PANEER 200g SAI RATNA FOODS,39.5,43.88833333333333,750.5,17.0,9.998860745072712,10.001139254927288
TOMATO (APPLE) hybrid,39.0,58.73517857142857,29094.51,520.95,33.60026997692427,0.0
TOMATO LOCAL,26.9,41.222131147540985,815238.32,19317.54,34.74379113559087,0.0
TOMATO PICKLE  250g AHA,90.0,90.0,1440.0,16.0,0.0,20.0
TOMATO PICKLE  500g AHA,175.0,175.0,525.0,3.0,0.0,20.0
TOMATO PICKLE 250G VELLANKI FOODS,119.0,119.0,1190.0,10.0,0.0,20.0
TONED MILK 500ml HERITAGE,31.0,31.302039800995026,401154.05,14652.0,0.9649205065077721,19.035079493492226
TOOR  DAL FATKA POLISHED 1kg,160.0,160.8804347826087,23307.0,145.0,0.5472603202486273,19.452739679751375
TOOR DAL PRM UNPOLISHED FATKA 1KG,165.0,164.89361702127658,24365.0,147.0,-0.06451612903226578,20.064516129032267
TOP MILLET ANDU KORRALU 500G,150.0,150.0,3600.0,24.0,0.0,20.0
TOTAL CURD 120GMS HERITAGE,10.0,10.0,19790.0,1979.0,0.0,20.0
TRIANGLE PAPAD 200G EVR,48.0,48.0,432.0,9.0,0.0,20.0
TURNIPS KG ENGLISH ITEM SAMBERRY,0.0,0.0,0.0,0.35,,
TUTTI FRUITY KG FLYBERRY,330.0,330.0,467.94,1.42,0.0,20.0
Thotakura,59.0,63.87945355191257,50208.8,782.36,7.63853364516841,12.36146635483159
Tulsi Infused Honey 250g BT,288.0,288.0,5184.0,18.0,0.0,20.0
Tulsi Infused Honey 500g BT,540.0,540.0,1080.0,2.0,0.0,20.0
UHT BUTTER MILK 180ML MILKY MIST,20.0,20.0,3260.0,163.0,0.0,20.0
ULAVACHARU 250g HASSTA,103.0,102.87919463087249,38286.0,372.0,-0.11742448952964282,20.117424489529643
URAD BLACK SPLIT 500g,85.0,85.0,935.0,11.0,0.0,20.0
URAD BLACK WHOLE 500G,85.0,85.0,1020.0,12.0,0.0,20.0
URAD DAL UNPOLISHED 500g,90.0,90.0,4950.0,55.0,0.0,20.0
URAD ROUND UN POLISHED 1kg,165.0,163.20192307692307,17019.75,104.0,-1.1017498379779718,21.101749837977973
USA FUJI APPLE,389.0,419.00348066298346,305790.4,732.75,7.16067575751623,12.83932424248377
VAAKKAI,81.376,95.93319444444444,3978.69,41.28,15.174303877553669,4.825696122446331
VAMPOOSA 250g VELLANKI FOODS,140.0,141.89788732394365,42759.0,301.0,1.33750217126975,18.66249782873025
VANILLA FLAVOURED MIILK 180ML HERITAGE,30.0,30.0,510.0,17.0,0.0,20.0
VARI NUKA AISHWARYA 500G,30.0,30.0,60.0,2.0,0.0,20.0
VELLANIKI BITTER GOURD PAKODA 150G,102.0,102.0,1938.0,19.0,0.0,20.0
VELLANKI  PESARA MURKULU 250G,150.0,152.5,8670.0,59.0,1.639344262295082,18.360655737704917
VELLANKI AVISELA  CHIKKI 250G,145.0,148.1578947368421,6240.0,42.0,2.13143872113677,17.86856127886323
VELLANKI HEALTHY LADDU 250G,175.0,177.12765957446808,12010.0,70.0,1.2012012012012,18.7987987987988
VELLANKI JONNA MURKULU 250G,150.0,154.66666666666666,13975.0,91.0,3.0172413793103385,16.982758620689662
VELLANKI JOWARI FLAKES 250G,150.0,154.30522388059703,15528.45,101.0,2.7900700782032195,17.209929921796782
VELLANKI KAKARAKAYA CHIPS 150G,96.0,96.0,2880.0,30.0,0.0,20.0
VELLANKI MILLET BOONDI ACTHU 250g,150.0,152.1875,6530.0,43.0,1.4373716632443532,18.562628336755647
VELLANKI MILLET MIXTURE 250g,135.0,139.92605633802816,13769.5,98.0,3.520471073756254,16.479528926243745
VELLANKI MILLET MURKULU 250g,125.0,129.19354838709677,11585.0,91.0,3.2459425717852644,16.754057428214736
VELLANKI MULTI SEEDS CHIKI 250g,235.0,238.94736842105263,12880.0,54.0,1.6519823788546248,18.348017621145374
VELLANKI VAM MURKULU 250g,150.0,152.79333333333335,12057.6,79.0,1.8281774946551008,18.1718225053449
VELLANLI RAGI RIBBON PAKODI 150G,90.0,90.0,1530.0,17.0,0.0,20.0
VENNA VUNDALU 250GMS VELLANKI FOODS,145.0,146.34259259259258,22545.0,154.0,0.9174311926605427,19.082568807339456
VINAYAKA VIGRAHAM 12 INCH,118.0,118.0,590.0,5.0,0.0,20.0
VINAYAKA VIGRAHAM 8 INCH,89.0,89.0,801.0,9.0,0.0,20.0
VIRGIN COCONUT OIL 200ml AKSHAYA KALPA,289.0,289.0,2890.0,10.0,0.0,20.0
VITAMIN D3  WITH IMMUNITY BOOSTERS - 6 EGGS PACK  ABHI EGGS,94.0,94.0,10152.0,108.0,0.0,20.0
VITAMIN D3 IMMUNITY BOOSTER 30PC PACK ABHI EGGS,450.0,450.0,18900.0,42.0,0.0,20.0
Vakai Box,50.0,50.0,3200.0,64.0,0.0,20.0
WALNUT PREMIUM KGS FLYBERRY,2400.0,2399.9998765432097,47750.4,20.08,-5.144033195188915e-06,20.000005144033196
WALNUT REGULAR  KGS FLYBERRY,1800.0,1797.01,32957.28,18.41,-0.1663874992348406,20.16638749923484
WASHINGTON APPLE,329.0,342.6552258064516,164479.34,483.27,3.9851211299385625,16.014878870061438
WATER APPLE BOX,93.0,93.0,2139.0,23.0,0.0,20.0
WATER MELON PLATE,30.0,30.0,60.0,2.0,0.0,20.0
WATERMELON JUICE,50.0,50.0,8250.0,165.0,0.0,20.0
WHEAT CHAPATI 390G 10PC ID FRESH,79.0,78.99130434782609,14929.0,192.0,-0.011008366358431783,20.011008366358432
WHEAT GRASS,39.0,39.0,78.0,2.0,0.0,20.0
WHEAT PAROTA 5PC 400G ID FRESH,110.0,109.87974683544304,13287.5,121.0,-0.1094407004204776,20.10944070042048
WHEAT RAWA MEDIUM 500g,45.0,45.0,9720.0,216.0,0.0,20.0
WHEELS PAPAD 200g EVR,48.0,48.0,480.0,10.0,0.0,20.0
WHITE JOWAR 500g,50.0,48.4375,2700.0,55.0,-3.225806451612903,23.225806451612904
WHITE JOWAR RAWA 500g,50.0,50.0,200.0,4.0,0.0,20.0
WHITE JOWAR SORGHUM RAWA 500GMS SRI AHARYA,69.0,69.0,483.0,7.0,0.0,20.0
WHITE LOBIYA 500g,85.0,88.04347826086956,5035.0,57.0,3.4567901234567877,16.543209876543212
WHITE PAV 200g SPENCERS AKSHAYA FOODS,30.0,30.0,2220.0,74.0,0.0,20.0
WHITE RADISH,44.11,61.390109289617484,32145.68,571.17,28.1480347397589,0.0
WHITE RAJMA 500g,105.0,100.0,2730.0,27.0,-5.0,25.0
WHITE ROUND BRINJAL,51.196,66.18340659340659,93133.33,1394.09,22.64526316313806,0.0
WHITE SEEDLESS GRAPES,127.0,192.21333333333334,66994.76,477.94,33.927580466148726,0.0
WHOLE MEAL BROWN BREAD 400g SPENCERS AKSHAYA FOODS,55.0,55.0,27445.0,499.0,0.0,20.0
WHOLE WHEAT BREAD 400g  SPENCERS AKSHAYA FOODS,55.0,55.0,21065.0,383.0,0.0,20.0
WHOLE WHEAT BREAD 400g MR BREADY NANDAS,55.0,55.0,275.0,5.0,0.0,20.0
WOOD APPLE,99.0,99.0,2634.79,26.61,0.0,20.0
WORKOUT TRAIL MIX KG FLYBERRY,1600.0,1600.0,11347.2,7.08,0.0,20.0
XTRA 200g JAR CONTINENTAL,500.0,550.0,2200.0,4.0,9.090909090909092,10.909090909090908
XTRA 50gm POUCH  CONTINENTAL,135.0,174.04285714285714,3064.8,18.0,22.432898300911106,0.0
XTRA SACHET 2.3G CONTINENTAL,2.0,2.0,2112.0,1056.0,0.0,20.0
YELLOW BANTHI POOLU KGS LOOSE,116.0,144.0,1449.43,8.24,19.444444444444446,0.5555555555555536
YELLOW CAULIFLOWER PC,45.0,45.0,45.0,1.0,0.0,20.0
YELLOW DRAGON KG LOOSE,264.0,264.0,1206.48,4.57,0.0,20.0
YELLOW JOWAR 500g,60.0,60.0,1920.0,32.0,0.0,20.0
YELLOW JOWAR SORGHUM RAWA 500G SRI AHARYA,95.0,95.0,760.0,8.0,0.0,20.0
YELLOW MELON,39.0,39.0,1210.02,31.02,0.0,20.0
YOGHURT  MANGO MILKYMIST,30.0,30.0,3990.0,133.0,0.0,20.0
YOGHURT PEACH 100GM MILKYMIST,30.0,35.357142857142854,3030.0,92.0,15.151515151515143,4.848484848484857
YOGHURT STRAWBERRY MILKYMIST,30.0,29.571428571428573,4230.0,142.0,-1.4492753623188355,21.449275362318836
YOGURT MANGO 90g AKSHAYA KALPA,60.0,60.0,2580.0,43.0,0.0,20.0
ZUCCHIINI GREEN ENGLISH ITEM SAMBERRY,193.0,214.17845360824742,8914.9,41.15,9.88822790129245,10.11177209870755
ZUCCHINI YELLOW ENGLISH ITEM SAMBERRY,223.0,243.2155670103093,9121.460000000001,37.13,8.311789931379023,11.688210068620977
chinna menthi,89.0,88.53488372093024,11743.22,132.79,-0.5253480430785323,20.525348043078534
chintakayalu,66.624,87.3754054054054,2862.24,32.6,23.749710011785126,0.0
chukkakura,85.0,88.11357142857143,46275.08,527.98,3.5335889558119034,16.466411044188096
gangavyalukura,69.0,69.0,1272.93,18.43,0.0,20.0
koyakura,59.0,59.0,75.06,1.26,0.0,20.0
mulagaku,129.0,129.0,18.06,0.14,0.0,20.0
pink Dragon Fruit,149.0,187.46694915254236,39459.03,211.0,20.51932318013118,0.0
red thotakura,69.0,73.28571428571429,311.15,4.17,5.847953216374277,14.152046783625723
simla mirchi bajji,89.0,93.66227272727274,1610.96,17.25,4.9777488753112085,15.022251124688792
