product,mean_price,price_std,price_volatility_percent
A2 BUFFALO MILK 500ml SIDS FARM,59.912950819672126,1.1775794846306342,1.965484037290952
AA KAKARAKAI,203.38463917525775,67.02744549905555,32.95600187450617
AASHIRVAAD ATTA 1KG,72.46428571428571,1.1558799763788044,1.5951029738100801
AASHIRVAAD CRYSTAL SALT 1KG,22.0,0.0,0.0
AASHIRVAAD SALT 1KG,30.0,0.0,0.0
AASHIRVAD ATTA 2KG,110.0,0.0,0.0
AASHIRVAD CHILLI PWD 100G,50.0,0.0,0.0
AASHIRVAD CHILLI PWD 200G,100.0,0.0,0.0
AASHIRVAD CHILLI PWD 500G,250.0,0.0,0.0
AASHIRVAD CORIANDER PWD 100G,45.981219512195125,0.12025379665422713,0.26152807152566593
AASHIRVAD CORIANDER PWD 200G,92.0,0.0,0.0
AASHIRVAD MULITGRAIN ATTA 1KG,83.0,0.0,0.0
AASHIRVAD SELECT ATTA 1KG,83.0,0.0,0.0
AASHIRVAD TURMERIC PWD 100G,40.0,0.0,0.0
ABC CANE JUICE,100.0,0.0,0.0
AFGHANI RAISINS KGS FLYBERRY,689.9996153846155,0.002773500981125694,0.0004019568879874963
AGMARK GHEE 500 ML HERITAGE,374.5945945945946,2.4659848095803594,0.658307633149158
AJWA DATES KGS FLYBERRY LOOSE KGS,1999.0,0.0,0.0
AJWAIN 100g,70.0,0.0,0.0
AK COUNTRY EGGS 6PC PACK AKSHAYA KALPA,142.10526315789474,34.412360080584264,24.21610524189263
AK ORGANIC HIGH PROTEIN PANEER 200g,169.7560975609756,8.799944567452908,5.183875391746684
AKSHAYA KALPA ORGANIC COW GHEE 195ml,321.46153846153845,13.023154921237937,4.051232686673682
AKSHAYA MULTI FLORAL RAW HOENY 250g,193.02325581395348,8.028189537032938,4.159182531233932
AKSHAYAKALPA TABLE BUTTER SALTED 100g TUB ORGANIC,125.0,,
AKSHAYAKALPA UNSALTED TABLE BUTTER 100g TUB ORGANIC,120.0,0.0,0.0
AKSHYAKALPA ORGANIC TONED MILK UHT 1Lt. TETRA,125.0,0.0,0.0
ALMOND DRAGES KG LOOSE FLYBERRY,2099.0,0.0,0.0
ALMOND MILK 1Lt UNSWEETENED EPIGAMIA,325.0,0.0,0.0
ALMOND REGULAR  250 GM,300.0,0.0,0.0
ALMONDO 200g CHOCOLATE AMUL,230.0,0.0,0.0
ALMONDO BAR 35g CHOCOLATE AMUL,35.0,0.0,0.0
ALPHONSO LOCAL KG LOOSE,214.6941758241758,71.82225054591264,33.453283150415594
ALPHONSO MANGO PC RATNAGIRI,142.625,11.6382988447625,8.160069303952673
AMERI DATES KG FLYBERRY,1440.0,0.0,0.0
AMLA,138.86642857142857,26.1571951563073,18.836226599471342
AMLA CANDY KG FLYBERRY,630.0,0.0,0.0
AMLA PICKLE  250g AHA,90.0,0.0,0.0
AMLA PICKLE  500g AHA,175.0,0.0,0.0
AMLA PICKLE 250GMS VELLANKI FOODS,124.54545454545455,5.222329678670935,4.193111420830677
AMRUTHA - A2 ORGANIC CURD. 500g AKSHAYAKALPA,70.0,0.0,0.0
AMUL BUTTER 500G SALTED,305.0,0.0,0.0
AMUL CHEESE SPREAD PLAIN 200g,110.8,1.7888543819998326,1.6144895144402822
AMUL DARK CHOCOLATE 125G,168.15833333333333,6.379720474545363,3.793877084818096
AMUL FRUIT N NUT CHOCOLATE ILU 150g,200.0,0.0,0.0
AMUL INDIA TWILIGHT TRYST 125g,200.0,,
AMUL PROCESSED CHEESE BLOCK200g,128.9888888888889,3.0333333333333297,2.3516237402015645
ANAR,300.0179781420765,43.609825976651265,14.535737573699464
ANJEER BOX PACK ANAND,72.0,0.0,0.0
ANJUR JUICE,60.0,,
APPLE BARE,96.75,64.5,66.66666666666666
APPLE JUICE,180.0,0.0,0.0
APPLE MILKSHAKES,54.285714285714285,25.07132682112035,46.18402309153749
APPLE ROYAL GALA,387.7026923076923,19.194689525259385,4.95087857425192
APRICOTS ORANGE TURKISH KG FLYBERRY,1598.7179487179487,5.586396625773977,0.3494297809225102
ARTISANAL CURD 400g EPIGAMIA,100.0,0.0,0.0
ARTISANAL ORGANIC SET CURD 400g AKSHAYAKALPA,80.0,0.0,0.0
ASH GOURD,39.6838418079096,3.7187821714197584,9.371023575339795
ASH GOURD JUICE,40.0,,
ASL  IDLY & DOSA BATTER  1KG,95.0,,
ASPARAGUS KG SAMBERRY,311.5,440.5275246792191,141.42135623730948
AVOCADO IMP SAMBERRY,397.0155801104973,96.67405184042369,24.350190945533516
AVOCADO JUICE,100.0,0.0,0.0
AVOCADO LOCAL,231.9487142857143,32.854541958586026,14.164571707052371
Akshayakalpa Organic Ghee 490ml,792.3333333333334,14.354811251305454,1.8117136623439782
Alubukhar LOOSE KG FLYBERRY,788.0,6.922186552431734,0.8784500701055501
Apple Milk Shake,100.0,0.0,0.0
BABY CORN PEELED,39.0,0.0,0.0
BABY CORN PEELED SAMBERRY,190.0,0.0,0.0
BABY ORANGE,271.00879781420764,26.161126279599245,9.653238747449898
BABY POTATO,51.185878378378376,5.848595846257686,11.426190253146489
BACHALAKURA,67.72224719101123,6.215391457245458,9.177769071535515
BADAM FLAVOURED MILK 180ML  PP BOTTLE HERITAGE,30.0,0.0,0.0
BAILLEY  WATER 1LTR,19.902439024390244,0.4361695799101816,2.19153833043106
BAILLEY WATER  500ML,9.875833333333333,0.34659257411170613,3.509502058341468
BAJRA FLOUR 500G,46.241379310344826,2.7210183547156586,5.884379738012982
BAMBINO ROASTED VERMICELI 500G,70.0,0.0,0.0
BAMBINO ROASTED VERMICELLI 800G,117.0,0.0,0.0
BAMBINO VERMICELLI 500GM,53.0,0.0,0.0
BANANA CASHEWNUT LOAF 350g KALSAN FOODS,150.0,0.0,0.0
BANANA CHOCOCHIP LOAF 350g KALSAN FOODS,150.0,0.0,0.0
BANANA FLOWER,26.0,0.0,0.0
BANANA LEAF,5.0,0.0,0.0
BANANA TREE,59.0,0.0,0.0
BANANAJUICE,50.0,0.0,0.0
BANANAS 30g FLYBERRY GOURMET,49.0,0.0,0.0
BANDARU HALWA 250g VELLANKI FOODS,170.90277777777777,1.9367441985886438,1.1332432531359802
BANGINAPALLI MANGO LOOSE KGS,157.6916535433071,57.99986548648577,36.78055507900243
BARNYARD MILLET UDALU 500G,81.11111111111111,4.714045207910316,5.81183655769765
BASIL LEAF KG ENGLISH ITEM SAMBERRY,295.34375,41.41264367861114,14.021845283203433
BASMATHI RICE 1KG,140.0,0.0,0.0
BAT PAPAD 200G EVR,49.68888888888889,6.933333333333334,13.953488372093023
BEAUTY PEARS,375.0475824175824,70.09167445836319,18.688741840847886
BEET ROOT,39.98530054644809,7.06399606675666,17.66648235781276
BELGIAN CHOCOLATE 125g AMUL,178.2,5.69209978830308,3.1942198587559374
BELLAM KOMMULU 250g VELLANKI FOODS,137.06349206349208,4.07934615203979,2.9762456002143223
BELLAM SUNNIVUNDALU 250g VELLANKI FOODS,171.28571428571428,2.2010725787430014,1.2850298624854888
BESAN 500g,69.98118279569893,0.18146654657782468,0.2593076300347666
BIG BRINJAL BLUE,56.461357142857146,9.808360419363456,17.371811298383395
BIRYANI LEAFS 50G,25.0,0.0,0.0
BITTER CHOCOLATE 150g 90% BITTER AMUL,200.0,0.0,0.0
BITTER CHOCOLATE 150g AMUL,198.33333333333334,5.773502691896259,2.9110097606199625
BITTER GAURD KARAM PODI 100g VELLANKI FOODS,64.66666666666667,1.632993161855451,2.525247157508429
BITTER GOURD,58.36898876404494,10.544649275824938,18.065499332961544
BITTER GUARD PICKLE 250G VELLANKI FOODS,115.0,7.0710678118654755,6.148754619013457
BLACK GRAPES,132.47209523809522,13.983555637250252,10.555849978908597
BLACK PEPPER WHOLE 50G,75.0,0.0,0.0
BLACK ROUND BRINJAL,50.59836065573771,14.568356139060016,28.792150477325805
BLACK SEEDED GRAPES,244.77678571428572,100.4120829033509,41.02189781205654
BLUE BERRY,304.16511494252876,38.23634765218327,12.57091815391385
BOMBAY RAWA 500g,37.5,2.519157368278896,6.717752982077056
BOMBAY RAWA1Kg,64.96388888888889,0.342580079851574,0.5273392429408075
BOONDI 250g VELLANKI FOODS,145.5888888888889,2.1308559931824576,1.4636116872962006
BOONDI LADDU 250g VELLANKI FOODS,155.97560975609755,1.9895769985971001,1.275569303244427
BOONDI MITAI ATCHU 250g VELLANKI FOODS,152.52336448598132,4.363972991616344,2.861183272689637
BOORELU 250g VELLANKI FOODS,151.01190476190476,2.020938870557761,1.3382646048628453
BOTTLE GOURD,37.21841530054645,7.51901473863196,20.202404314945575
BRINTAN TOFU PANEER 200G,69.0,,
BRITANNIA MILK BIKIS 71GM,10.0,,
BROWN ANJEER BOX TURKEY,129.0,0.0,0.0
BROWN CHANA 500g,65.0,0.0,0.0
BROWN EGGS 6PC UPF HEALTHY U N V,96.84782608695652,14.59675365933482,15.071844406945045
BROWN RICE 5kg,395.0,0.0,0.0
BROWN RICE HMT 1kg,85.0,0.0,0.0
BUFFALO CURD 400g SIDS FARM,85.0,0.0,0.0
BUFFALO GHEE 250g  VELLANKI FOODS,225.0,0.0,0.0
BUFFALO GHEE 350g SIDS FARM,406.2162162162162,21.74362631405547,5.352722379374933
BUFFALO GHEE 500ml JIVIKA ORGANICS,499.0,0.0,0.0
BUSH BEANS,114.64371584699452,31.220340727282355,27.232491983206092
BUTTER GARLIC N HERBS 100g AMUL,68.50185185185185,2.4755781288373115,3.613884970863584
BUTTER MILK 170ML HERITAGE SACHET,10.0,0.0,0.0
BUTTER MILK PLAIN 200ml POUCH AKSHAYA KALPA,20.0,0.0,0.0
BUTTER MILK SPICED 200ml POUCH AKSHAYA KALPA,20.0,0.0,0.0
BUTTER SCHOOL PACK 100g AMUL,74.1891891891892,1.8684193830591107,2.5184523560359597
BUTTER UNSALTED 500G AMUL,304.45454545454544,10.357254813546263,3.4019051343388744
BUTTON MUSHROOM,48.91469945355191,1.1539244039600882,2.359054470028634
Banana Stem,29.0,0.0,0.0
Banana Yalakki,137.39494505494505,13.292022354941253,9.674316875068216
Beetroot Juice,70.0,0.0,0.0
Black Chilly,78.74098360655738,14.60442143327934,18.547420624376244
CABBAGE,24.739945355191256,4.391531122671585,17.750771311829507
CALIFORINA RED GRAPES,439.6092948717949,78.95083815455055,17.95931957661981
CALIFORNIA BLACK seedless GRAPES,349.0,,
CALIFORNIAN ALMOND PREMIUM KG FLYBERRY,1797.6623376623377,10.051983817832054,0.55916973990252
CALIFORNIAN ALMOND REGULAR KG  FLYBERRY,1050.0,0.0,0.0
CAPSICUM,71.63469945355192,16.584369603829632,23.15130757906365
CAPSICUM RED SAMBERRY,332.7814525139665,91.64907048887,27.540318066561593
CAPSICUM YELLOW SAMBERRY,337.52329608938544,93.40258748657406,27.672930600274327
CARROT,62.026721311475406,17.117814548166557,27.597484094326347
CARROT JUICE,70.0,0.0,0.0
CARROT N BEETROOT JUICE,70.0,0.0,0.0
CARRY BAG 8Kg HOLDING CAPACITY,11.99950819672131,0.006652991438591093,0.05544386761124864
CARRY BAG MEDIUM 5Kg HOLDING CAPACITY,6.0,0.0,0.0
CARRY BAG SML 1Kg HOLDING CAPACITY,3.0,0.0,0.0
CASHEW 320 COUNT 250 GM,300.0,0.0,0.0
CASHEW 320 KG FLYBERRY,1150.0,0.0,0.0
CASHEW BROKEN 2 PIECE  KGSFLYBERRY,1100.0,0.0,0.0
CASHEW TIKKA FLAVOUR FLYBERRY,1800.0,0.0,0.0
CASHEW WITH CHOCO COATED FLYBERRY,1100.0,0.0,0.0
CAULIFLOWER,34.70950819672131,6.059660281223161,17.458214178314293
CDM CRACKLE 36G,50.0,,
CHAKKI ATTA GODHUMA PINDI 1Kg,65.0,0.0,0.0
CHAMA DUMPA,45.53508196721312,7.048193196019053,15.478599997017692
CHAMANTHI FLOWERS POOLU KG LOOSE,436.0,0.0,0.0
CHANA DAL 1Kg,128.25,3.9686269665969047,3.094445977853337
CHANA DAL 250g VELLANKI FOODS,130.9090909090909,2.9193710406057054,2.2300751004626918
CHANA DAL 500g,65.24096385542168,1.0773766857825913,1.651380700276179
CHAT MURMURA 500 GM,62.63636363636363,12.27970870140028,19.604759900639053
CHEDDAR CHEESE 200g MILKY MIST,150.0,0.0,0.0
CHEESE BLOCK 200G HERITAGE,131.74074074074073,1.3471506281091261,1.0225770862790668
CHEESE BLOCK 200G MILKY MIST,143.0,4.216370213557838,2.948510638851635
CHEESE CUBES 120g HERITAGE,90.64230769230768,1.9866057898089813,2.1916981599284386
CHEESE CUBES 120g MILKY MIST,114.41666666666667,2.020725942163691,1.7661115299318495
CHEESE CUBES 200g MILKY MIST,169.0,8.215838362577491,4.86144281809319
CHEESE EASY OPEN CHIPLET CUBES 60X8X25g AMUL,135.0,0.0,0.0
CHEESE SLICE 100G MILKY MIST,78.74369047619048,1.0358778126785848,1.3155057966095716
CHEESE SLICES 100g AMUL 5PC PACK,85.57142857142857,0.9128709291752723,1.0667940741614201
CHEESE SLICES 100g HERITAGE,57.5,0.0,0.0
CHEESE SLICES 200g AMUL 10PC PACK,145.7225,1.9311714163211182,1.3252390099820675
CHEESE SLICES 200g HERITAGE,215.0,0.0,0.0
CHEESE SLICES 200g MILKYMIST,149.47727272727272,3.165869118066524,2.117960182376875
CHEESE SPREAD 200g AMUL,110.0,0.0,0.0
CHEESE SPREAD GARLI 200g MILKY MIST,119.16666666666667,2.0412414523193156,1.7129298900581669
CHEESE SPREAD GARLIC200G AMUL,112.0,2.8284271247461903,2.525381361380527
CHEESE SPREAD NATURAL OR PLAIN 200g MILKYMIST,118.33333333333333,2.88675134594813,2.439508179674476
CHEESE SPREAD PEPPER 200g MILKY MIST,120.0,0.0,0.0
CHEGODI 250g VELLANKI FOODS,145.55339743589744,3.8290857153136644,2.630708580333905
CHEKKARAKELI BANANA,123.7339010989011,9.062975049151662,7.324569070127016
CHERRY LOCAL ANAND,214.72340425531914,42.97405796203479,20.01368137351997
CHERRY TOMATO KG RED SAMBERRY,262.56874999999997,18.97420596550161,7.226376316870006
CHERUKU GADDALU,32.0,0.0,0.0
CHERUKU RASALU KG LOOSE,172.637,22.99372777425446,13.31911917738055
CHIA SEEDS KGS FLYBERRY,850.0,0.0,0.0
CHICKEN BONE LESS PICKLE 250g VELLANKI FOODS,354.1666666666667,10.20620726159657,2.8817526385684427
CHICKPEAS 50g FLYBERRY GOURMET,49.0,0.0,0.0
CHICOOS SAPOTA JUICE,58.125,10.606601717798213,18.24791693384639
CHICOOS(Sapota),83.0416091954023,11.923597662222203,14.358582134608211
CHIKKUDU SEED PACK,298.9984615384615,0.011094003924502627,0.003710388296789131
CHIKKUDUKAI,108.23793333333333,20.34186430372671,18.793655493292903
CHIKKUDUKAYA PICKLE 250g AHA,90.0,0.0,0.0
CHINNA RASALU KG LOOSE,141.61555555555555,25.5588086699856,18.04802344609588
CHINTA CHIGURU,475.4939622641509,44.09887894701139,9.274329948802412
CHOCOLATE 150G HBD PACK AMUL,200.0,0.0,0.0
CHOCOLATE MILK SHAKE 180ML HERITAGE,27.142857142857142,7.631802290167996,28.11716633219788
CHOUSA MANGO KG LOOSE,229.1764705882353,21.181463872091225,9.242425200861161
CHOWCHOW,46.0625,3.957587649060977,8.591777799861008
CINNAMON DALCHINI KG FLYBERRY,950.0,0.0,0.0
CLOVES 50g,90.0,0.0,0.0
CLUSTER BEANS,59.190164835164836,6.6787536035128605,11.28355297220767
COCONUT,43.886448087431695,3.6014279762955317,8.206241637784574
COCONUT KARAM 100G  VELLANKI FOODS,64.36363636363636,1.2060453783110552,1.8737993165849727
COCONUT MANGO,189.4829508196721,17.059805620645502,9.00334597220889
COCONUT MILK YOGURT-BLUEBERRY EPIGAMIA,70.0,,
COCONUT SLICE KGS FLYBERRY,470.0,0.0,0.0
COFFEE XTRA 100g JAR INSTANT SOUTH BLEND CONTINENTAL,241.55555555555554,79.4073534238346,32.873329384292155
COKE 250ML,20.0,0.0,0.0
COLD PRESSED SUN DRIED COCONUT OIL 1LT MESMARA,599.0,0.0,0.0
COLD PRESSED WHITE SESAME OIL 500ML MESMARA,350.0,0.0,0.0
COLOUR CUCUMBER,36.42377049180328,5.512030248784935,15.133057820099513
CONTINENTAL XTRA 50g JAR PLUS 25g JAR FREE SOUTH BLEND,147.2375,56.544999463133024,38.403938849228645
CONTINENTAL XTRA INSTANT SOUTH BLEND COFFEE 150g POUCH,355.0,5.163977794943222,1.4546416323783724
COOKING BUTTER 100G MILKY MIST,74.85267857142857,0.8016698279135951,1.0709968476927614
COOKING BUTTER 100g AMUL UNSALTED,64.07692307692308,1.4120361729949262,2.2036578930292965
COOKING BUTTER 200G HERITAGE,129.79166666666666,1.0206207261596598,0.7863530474424346
COOKING BUTTER 500g HERITAGE,301.1764705882353,77.61140001162656,25.76941016011038
COOKING BUTTER UNSALTED 200g MILKY MIST,145.14285714285714,4.6291004988627495,3.1893408948857527
COOKING UNSALTED BUTTER 500g MILKY MIST,355.0,0.0,0.0
COPRA POWDER 100G EVR,52.02272727272727,12.597179067336683,24.21476098570616
CORIANDER,93.54021978021977,27.55342312523581,29.45623090257301
CORIANDER 200g,67.5,2.517544074890082,3.7296949257630843
CORN FLAKES 200G EVR,49.0,0.0,0.0
CORN FLAKES MIXTURE250g VELLANKI FOODS,136.9035714285714,3.9430454147596583,2.880162565238057
CORN FLOUR 200g EVR,38.0,0.0,0.0
COW GHEE 200ml JAR AMUL HIGH AROMA,145.83225806451614,27.234639549622266,18.67531910366064
COW GHEE 250G VELLANKI FOODS,225.0,0.0,0.0
COW GHEE 350g SIDS FARM,502.7027027027027,16.439898730535717,3.270302435644202
COW GHEE 500ml PET JAR MILKYMIST,423.0,8.0,1.8912529550827424
COW MILK 500ML POUCH SIDS FARM,41.86049180327869,1.8872319047470245,4.508384453809041
COW MILK 500ml GOLDEN HERITAGE,31.0,,
CREAMY COFFEE HAZELNUT 22g CONTINENTAL,30.0,0.0,0.0
CRUNCHY BANANA CHIPS 100g FLYBERRY,125.0,0.0,0.0
CRUNCHY BANANA CHIPS 250g FLYBERRY,299.0,0.0,0.0
CRUNCHY BANANA CHIPS 65g FLYBERRY,99.0,0.0,0.0
CUCUMBER,39.53939890710382,8.289534323894904,20.96525125071026
CUCUMBER WHITE,69.0,,
CUMIN JEERA KG FLYBERRY,950.0,0.0,0.0
CURD 135g POUCH MILKY MIST,10.0,0.0,0.0
CURD 500g POUCH HERITAGE,49.856263736263735,1.9391082123854404,3.8893973737045195
CURD CUP 200G HERITAGE,25.0,0.0,0.0
CURD CUP 400GHERITAGE,46.06587209302325,1.5018167734351138,3.260150530532486
CURD POUCH 400g MILKY MIST,41.93760233918129,0.815955293466298,1.9456412573781567
CURD TUB 1KG HERITAGE,108.83446927374301,2.4508244709757876,2.2518825950365198
CURRY LEAVES,94.00524590163934,5.473190686003379,5.822218359739361
CUSTARD APPLE ANAND,272.8720930232558,14.844921105433285,5.440248924307592
DABBAKAI,50.06896551724138,1.5568061280060033,3.1093235338962875
DALCHINI 50g,60.0,0.0,0.0
DALMOTI 250g VELLANKI FOODS,151.91489361702128,3.9558302541076853,2.6039778983622015
DAMPUDU BIYYAM 1Kg AISHWARYA,74.0,2.2360679774997907,3.021713483107825
DARK CHOCOLATE 150g AMUL,200.0,0.0,0.0
DARK CHOCOLATE 150g BEST WISHES AMUL,192.25,52.05573935696237,27.0771075978998
DASHERI MANGO KG LOOSE,214.0463,10.9596097452271,5.1202051823493795
DATE BITES 160g FLYBERRY,298.6785483870968,2.5311125311137994,0.8474370003410482
DATES POWDER 180g FLYBERRY,399.0,0.0,0.0
DEHYDRATED GINGER  KGS FLYBERRY,1035.0,,
DEHYDRATED KIWI KG FLYBERRY,870.0,0.0,0.0
DEHYDRATED MANGO KG FLYBERRY,1250.0,0.0,0.0
DEHYDRATED PAPAYA  KGS FLYBERRY,809.98,0.028284271247436175,0.0034919715607096688
DEHYDRATED PINEAPPLE KG FLYBERRY,1200.0,0.0,0.0
DERI DATES KG FLYBERRY,895.0,15.0,1.675977653631285
DESI COW GHEE 500ml JIVIKA ORGANICS,999.0,0.0,0.0
DIAMOND MISRI 200G,37.407407407407405,4.423430404998889,11.825011973759409
DILKUSH GRAPES KG LOOSE,147.41287878787878,18.391563598157767,12.476225787994066
DISCO PUMPKIN,37.86448275862069,7.458026938613946,19.696629652008017
DONDAKAI,45.979562841530054,17.35815787642189,37.75189846029485
DOODH PEDA 200g HERITAGE,124.64179104477611,0.9764365555359492,0.7833941949575931
DOSA BATTER MIX 900g DSL,80.0,0.0,0.0
DOSE WITH IMMUNITY BOOSTERS - 6 EGGS PACK ABHI EGGS,125.0,0.0,0.0
DOUBLE BEANS,119.0,,
DOUBLE HORSE URAD ROUND 1KG,189.4805194805195,22.236533707067224,11.735524985909365
DR GOOD EGGS CAROTENOID 12 PACK,155.8237762237762,12.205251456012752,7.83272729733168
DR GOOD EGGS CAROTENOID 30 PACK,373.0120481927711,31.42683876138726,8.425153802309891
DRAGAN FRUIT JUICE,100.0,0.0,0.0
DRAGON  FRUIT,170.2914207650273,33.84876739283562,19.87696575715406
DRIED BLACKBERRY KG FLYBERRY,3250.0,0.0,0.0
DRIED BLUEBERRY KG FLYBERRY,2599.056603773585,6.868028197434445,0.2642508126780585
DRIED CRANBERRY WHOLE KG FLYBERRY,1100.0,0.0,0.0
DRIED DATES YELLOW250 GM,125.0,,
DRUMSTICK,8.155355191256831,3.0772957586707177,37.73343633113387
DRY CHURRA KG FLYBERRY,745.0704347826087,23.64136426579114,3.173037495802534
DRY COCONUT 250G EVR,138.47826086956522,9.479191551169766,6.845256065208936
DRY COCONUT KG FLYBERRY,600.0,0.0,0.0
EGGS 12PS FARM MADE FREE RANGE U N V,289.0,0.0,0.0
EGGS 6PC FARM MADE FREE RANGE U N V,149.0,0.0,0.0
EGGS 6PC JUST LAID VN POULTRY,80.0,0.0,0.0
EGGS 6PC UPF HEALTHY WHITE U N V,89.0,0.0,0.0
ELEPHANT FOREST HONEY 250G 1+1,81.12,4.628255610918657,5.705443307345484
ELEPHANT FOREST HONEY 500G 1+1,159.5,,
ELEPHANT SEEDED DATES 400G(CUPS) (1+1 OFFER),115.0,0.0,0.0
ELEPHANT SEEDLESS HONEY DATES400G+10,199.0,0.0,0.0
ELEPHANT YAM,97.46782608695652,27.351045037065134,28.06161390391916
ENG ITEM BROCOLI SAMBERRY,380.84885245901637,134.8164816011502,35.39894651925148
ENG ITEM CELERY SAMBERRRY,221.06451612903226,7.491931143441224,3.3890247402112648
ENG ITEM CHINESE CABBAGE SAMBERRY,209.00714285714284,28.36318803555181,13.570439578200519
ENG ITEM COLOUR CABBAGE SAMBERRY,207.45624999999998,15.008228006488217,7.234406293610444
ENG ITEM GREEN LETTUCE SAMBERRY,256.41289940828403,31.18073354684883,12.160360738014205
ENG ITEM PARSLEY SAMBERRY,312.44444444444446,10.34818666821687,3.3120085353467936
EUROPEN CUCUMBER,63.641366120218585,10.326695097655628,16.226388161040564
FIGS AFGHANI NORMAL KG FLYBERRY,1896.7880681818183,30.13059123895666,1.5885059456240986
FILTER COFFE STRONG 5 10ml ID FRESH,55.0,,
FILTER COFFEE 150ML ID FRESH,140.0,27.386127875258307,19.56151991089879
FILTER COFFEE 150ML NEW BOLD ID FRESH,135.0,0.0,0.0
FINGER CHIPS PAPAD 200G EVR,49.028571428571425,7.861661038591927,16.034856430694493
FLAX SEED OIL 1L MESMARA,599.0,0.0,0.0
FLAX SEEDS KGS FLYBERRY,280.0,0.0,0.0
FLY BERRY DERI DATES 255g,199.0,0.0,0.0
FLYBERRY CASHEW 4 PIECE,998.6658333333334,0.7781149521683178,0.07791544740958407
FLYBERRY CRISPY SWEET CORN 12g,49.0,0.0,0.0
FLYBERRY CRUNCHY BANANA CHIPS 25g,49.5,0.0,0.0
FLYBERRY DREAMY DERI DATES 220g,399.0,0.0,0.0
FLYBERRY DREAMY DERI DATES 400G,698.9998333333333,0.0012909944487354157,0.00018469166760441515
FLYBERRY KNOCKOUT KALMI DATES 200g,249.0,0.0,0.0
FLYBERRY KNOCKOUT KALMI DATES 400g,449.0,0.0,0.0
FLYBERRY MEDJOUL MAJESTIC DATES 400g BOX,999.0,0.0,0.0
FLYBERRY MINI MEDJOUL DATES 200g BOX,412.04347826086956,34.43502215750908,8.35713316052241
FLYBERRY SHAHJEERA CARAWAY SEEDS,990.0,,
FLYBERRY SPICE OKRA CHIPS 25g,49.5,0.0,0.0
FLYBERRY SPICED CHICKPEAS CRISP 31g,49.5,0.0,0.0
FLYBERRY STRAWBERRY DEHYDRATED REGULAR,1600.0,0.0,0.0
FOXTAIL MILLET KORRALU BIYYAM 500g,80.0,0.0,0.0
FREEDOM GROUNDNUTOIL 1LT,163.22535211267606,3.606332458719923,2.2094193163268145
FREEDOM MUSTARD OIL 1 Lt,178.0,,
FREEDOM RF SUNFLOWER OIL 1LT POUCH,158.95364238410596,4.331801393330301,2.725197943475025
FREEDOM RICE BRAN 1LTR,156.2183908045977,1.8765708914432555,1.2012483816905541
FREEDOM SUNFLOWER OIL 5LT,794.0347826086957,33.40400913194338,4.20686975729186
FREEDOM SUNFLOWER OIL PET 1LT,168.07692307692307,14.8902470434031,8.859185883946925
FREEDOM SUNFLOWER OIL PET 2LT,352.88851851851854,33.2830544437468,9.431605931378638
FRESH CREAM 200ML HERITAGE,65.0,,
FRESH CREAM 250ML AMUL,69.58823529411765,1.6718280152742886,2.4024578410535
FRESH CREAM 250ml UHT MILKY MIST,80.0,0.0,0.0
FRESH DATES YELLOW BOX ANAND,69.9,0.0,0.0
FRESH LOOSE PANEER,519.9998224852071,0.0017159520407032754,0.00032999088970883076
FRESH PANEER BLOCK 200g AMUL,95.0,0.0,0.0
FRIED GRAM PUTANA 250g,44.97794117647059,0.22278319716975178,0.495316573730362
FRUIT BASKET 120 SADGURU,120.0,,
FRUIT BASKET 170 SADGURU,170.0,0.0,0.0
FRUIT BASKET 200,225.0,0.0,0.0
FRUIT BASKET 200 SADGURU,200.0,0.0,0.0
FRUIT BASKET 240 SADGURU,240.0,,
FRUIT BASKET 250 RAJU,263.3333333333333,11.547005383792508,4.384938753338927
FRUIT BASKET 300 SADGURU,300.0,0.0,0.0
FRUIT BASKET 350 RAJU,350.0,0.0,0.0
FRUIT BASKET 450 SADGURU,160.0,226.27416997969522,141.4213562373095
FRUIT BOWL NRG,45.0,0.0,0.0
FRUIT BREAD 200g SML SPENCERS AKSHAYA NANDA,30.0,0.0,0.0
FRUIT N NUT 150g DARK CHOCOLATE AMUL,199.2,3.9999999999999987,2.0080321285140554
FRUIT YOGHURT BB 100g MILKYMIST,30.0,0.0,0.0
FRUIT YOGURT 75g ALPHONSO MANGO EPIGAMIA,35.0,0.0,0.0
FRUIT YOGURT 75g STRAWBERRY EPIGAMIA,35.0,0.0,0.0
FULL CREAM MILK 500ml HERITAGE,41.33170731707317,0.4719790542410523,1.1419297311390975
FlyberryAlmondRoastedSalted,2000.0,,
FlyberryBrazilNut,3500.0,0.0,0.0
FlyberryCashew180,2000.0,0.0,0.0
FlyberryHazelnut,1900.0,0.0,0.0
FlyberryMacadamia,5500.0,0.0,0.0
FlyberryMelonSeeds,1000.0,0.0,0.0
FlyberryPeriPeriAlmond,2000.0,,
FlyberryPrunes,1784.2857142857142,41.57609203101498,2.3301252539399906
G ELAICHI 50g,235.0,0.0,0.0
GAJANAN ORANGE PRM HMT RAW RICE 1Kg,85.0,0.0,0.0
GAJANAN ORANGE PRM HMT RAW RICE 5Kg,420.0,0.0,0.0
GAJANAN ORANGE PRM HMT RICE 1Kg,80.0,0.0,0.0
GAJANAN ORANGE PRM HMT RICE 5Kg,385.0,0.0,0.0
GAJANAN TELANGANA SONA RICE 1Kg,75.0,0.0,0.0
GAJANAN TELANGANA SONA RICE 5Kg,336.6666666666667,61.101009266077874,18.148814633488477
GARAM MASALA 100g VELLANKI FOODS,70.88888888888889,1.7638342073763942,2.488167377176732
GARLIC,162.08524590163933,13.51564733480275,8.338604331084309
GARLIC PEELED BOX,64.22139072847682,1.1017979486488414,1.715624554608541
GARLIC PICKLE 250g AHA,100.0,0.0,0.0
GAVVALU SWEET 250G VELLANKI FOODS,141.0897435897436,2.0709100224120016,1.467796290305644
GEMS KG FLYBERRY,600.0,0.0,0.0
GHEE 200ML PET JAR MILKY MIST,183.125,5.303300858899106,2.8960004690234022
GHEE ARISELU 250g VELLANKI FOODS,171.14678899082568,2.1118084582466414,1.2339164939634626
GINGER,99.47765027322404,20.784862609101292,20.894002373411368
GINGER GARLIC PASTE 250G VELLANKI FOODS,116.42857142857143,3.5273781075132966,3.0296499082936292
GINGER PICKLE 250G VELLANKI FOODS,116.35135135135135,2.2511258444537408,1.9347655341414263
GINGER PICKLE 250g AHA,100.0,0.0,0.0
GINGER PICKLE 500g AHA,200.0,0.0,0.0
GOLD DROP SUNFLOWER OIL 1Lt pouch,158.46666666666667,4.197278029526161,2.6486819706727984
GOLDEN COW GHEE 500 ML HERITAGE,375.0,0.0,0.0
GOLDEN KIWI FRUIT BIG,79.0,0.0,0.0
GOLDEN KIWI SMALL,66.44841726618705,9.918753593023666,14.926997513409434
GONGURA PANDU MIRAPAKAYA PICKLE  500g AHA,174.998,0.004472135954992334,0.002555535466115232
GONGURA PANDU MIRAPAKAYA PICKLE 250g  AHA,90.0,0.0,0.0
GONGURA PICKLE 250g  AHA,90.0,0.0,0.0
GONGURA PICKLE 250g VELLANKI FOODS,121.57894736842105,2.911963626789093,2.3951215977918947
GONGURA PICKLE 500g  AHA,175.0,0.0,0.0
GONGURA(PUNTIKURA),67.78065934065934,5.450618759988208,8.041554645542618
GRAPE JUICE,54.0,8.944271909999157,16.563466499998437
GREEK CEREALS YOGHURT 100g MILKY MIST,40.0,0.0,0.0
GREEK HONEY AND FIG YOGHURT 100g MILKY MIST,40.0,0.0,0.0
GREEK YOGHURT 100g MILKY MIST,40.0,0.0,0.0
GREEK YOGURT 85g  ALPHONSO MANGO  EPIGAMIA,59.26829268292683,6.625891564490792,11.179487824861008
GREEK YOGURT ALPHONSO MANGO SMOOTHIE 180ml EPIGAMIA,78.70967741935483,10.160010160015242,12.908209629527562
GREEK YOGURT BLUEBERRY 90g EPIGAMIA,60.0,0.0,0.0
GREEK YOGURT BLUEBERRY SMOOTHIE 180ml EPIGAMIA,80.0,0.0,0.0
GREEK YOGURT MIXED BERRY ZERO ADDED SUGAR 120g EPIGAMIA,70.8,2.768874620972689,3.9108398601309173
GREEK YOGURT NATURAL 90g EPIGAMIA,58.62068965517241,2.2476932842896007,3.834300308494025
GREEK YOGURT STRAWBERRY 85g EPIGAMIA,60.0,0.0,0.0
GREEK YOGURT STRAWBERRY SMOOTHIE 180ml EPIGAMIA,80.0,0.0,0.0
GREEK YOGURT STRAWBERRY ZERO ADD SUGAR 120g EPIGAMIA,70.0,0.0,0.0
GREEK YOGURT VANILLA BEAN 90g EPIGAMIA,60.0,0.0,0.0
GREEK YOGURT WILD RASBERRY 85g EPIGAMIA,62.09290697674418,11.07370907268829,17.834096697768967
GREEN APPLE,378.80737226277375,21.779638469629273,5.749528669289209
GREEN CHILLY,75.35027322404372,20.09742355232186,26.671998245533796
GREEN PEAS,181.09258620689656,17.27300749525208,9.538219016607249
GREEN PEAS BATANI 500G EVR,160.0,28.722813232690143,17.95175827043134
GREEN PEAS SEED PAC,446.84313725490193,88.16855960012495,19.7314341989836
GROUND NUT,113.17011976047904,19.702108932068985,17.40928521925034
GROUND NUT OIL 1Lt. COLD PRESSED MESMARA,420.0,0.0,0.0
GUAVA HYBRID BIG ANAND,131.23091549295776,22.225115845215164,16.93588417159814
GUAVA Local,129.0,0.0,0.0
GULAB JAM MIX 200g MILKY MIST,122.5,39.3411651165452,32.11523682983282
GULABI ROUND BRINJAL,77.4477094972067,23.643741761815182,30.52865206125681
Ginger Imbued Honey 250g BT,225.0,0.0,0.0
Ginger Imbued Honey 500g BT,405.0,0.0,0.0
Green Kiwi Small,39.28814207650273,5.187374978398664,13.203411269226459
HAZELNUT CHOCOLATE SPREAD 200g,499.0,,
HEKATPY BUCK WHEAT COOKIES 125g,125.0,0.0,0.0
HEKATPY PEARL MILLET COOKIE 125g,125.0,,
HEKATPY QUINO COOKIES 125g,125.0,0.0,0.0
HEKTAPY HEALTHY DEL JOWAR 125G,125.0,0.0,0.0
HEKTAPY HEALTHY DEL RAGI 125G,125.0,0.0,0.0
HEKTAPY MULTI MILLET S.N,125.0,0.0,0.0
HEKTAPY OAT COOKIES  125g,125.0,,
HEKTAPY RAJGIRI COOKIES 125g,125.0,0.0,0.0
HIMALAYAN HONEY 225g APIS,165.0,0.0,0.0
HIMALAYAN HONEY 500g APIS,325.0,0.0,0.0
HIMAYATH MANGO KG LOOSE,317.78234567901234,57.62700897304152,18.13411278399014
HOME DELIVERY CHARGES,1.0,,
HULLED WHITE SESAME OIL 1Lt. MESMARA,700.0,0.0,0.0
I.Orange Pack of 4,106.57894736842105,25.92149641915349,24.321404047600804
ICE BERG ENGLISH ITEM SAMBERRY,227.06798387096774,21.383602371296597,9.417268787416509
IDLI KARAM 100g VELLANKI FOODS,58.77777777777778,1.605545943838973,2.731552645472733
IDLI POWDER AKA GUNDPOWDER AKA KARAM PODI PREMIUM KG LOOSE FLYBER,799.0,,
IDLY . DOSA BATTER 1KG ID FRESH,95.0,0.0,0.0
IDLY BATTER 900g DSL,80.0,0.0,0.0
IDLY KARAM FLYBERRY,500.0,0.0,0.0
IDLY RAVA1KG,64.71875,2.5662785898983906,3.9652783619868903
IDLY RAWA 500g,35.0,0.0,0.0
IDLY RAWA ORANGE 1KG AISHWARYA,60.0,0.0,0.0
IDLY RICE  1Kg,70.0,0.0,0.0
IGURU KARAM 100g VELLANKI FOODS,63.42857142857143,1.5118578920369092,2.3835597396978296
IMLI POP KG FLYBERRY,480.0,0.0,0.0
IMP ORANGE CANE,100.0,0.0,0.0
IMP Orange Juices,150.0,0.0,0.0
IMPORTED ORANGE,197.96363636363637,46.85381136335365,23.667887812127578
IMPORTED PLUMS,330.65707182320443,82.69907955782504,25.01052800771264
INDIAN RAISINS GREEN FLYBERRY,600.0,0.0,0.0
INDIAN RAISINSGOLDEN KGS FLYBERRY,600.0,0.0,0.0
INSIDE YELLOW MELON Kg,39.9,0.0,0.0
IODIZED SALT 1KG PON,20.0,0.0,0.0
IRANIAN DATES 500g ORIGINAL AM ENTERPRISES,228.0,3.1622776601683795,1.386963886038763
JACK FRUIT SEEDS ANAND,84.0,0.0,0.0
JAGGERY KESAR 450G,51.27835051546392,2.1829942550372787,4.2571460140453565
JAGGERY KESAR 900G,95.58641791044776,4.045880322041226,4.232693734617922
JAGGERY MINI CUBES 500G EVR,115.0,0.0,0.0
JAGGERY POWDER 500g JIVIKA ORGANICS,95.0,0.0,0.0
JANTHIKALU 250g VELLANKI FOODS,150.6515436241611,11.429470721757099,7.586693403069831
JAVATRI 50g,180.0,0.0,0.0
JEERA 100g,65.0,0.0,0.0
JEERA 200g,125.0,0.0,0.0
JEERA PAPAD 200G EVR,68.0,0.0,0.0
JIVIKA COLD PRESSED SAFFLOWER OIL 1LTR,539.9966666666667,0.005773502691891007,0.0010691737650030569
JIVIKA CORIANDER POWDER 100GMS,55.0,0.0,0.0
JIVIKA FOREST HONEY250ml,280.0,0.0,0.0
JIVIKA NATURALS PEANUT BUTTER500GMS,399.0,0.0,0.0
JIVIKA RED CHILLI POWDER 200GMS,170.0,0.0,0.0
JIVIKA RED CHILLI POWDER 500GMS,399.0,0.0,0.0
JIVIKA TURMERIC POWDER 100GMS,60.0,0.0,0.0
JOWAR FLOUR 500g,50.0,0.0,0.0
JUBJUB GUAVA JUICE,70.0,0.0,0.0
JUJUBIES FLYBERRY,597.8906024096385,8.380064373318971,1.4016049657822616
KABULI CHANA 500g,119.92405063291139,0.675052740555614,0.562900216422773
KAJJIKAYALU 250g VELLANKI FOODS,146.16666666666666,2.1266104274437057,1.4549216151268227
KAJU PAKODI 250g VELLANKI FOODS,226.72413793103448,4.141332540223185,1.8265953409349407
KALA JAMUN BOX PACK ANAND,119.6686046511628,23.80183018977817,19.889786681445102
KANDI KARAM 100g  VELLANKI FOODS,58.470588235294116,1.328422328310143,2.271949656063625
KANDI KARAM 250GM AHA,120.0,0.0,0.0
KARAM GAVVALU 250G VELLANKI FOODS,137.0,4.058397249567141,2.9623337588081324
KARAM SAKINALU 250g  VELLANKI FOODS,146.4814814814815,2.3266081348403707,1.5883291944548672
KARAN PHOOL 50g,63.80952380952381,4.895215382447743,7.671606196373329
KARIVEPAKU KARAM 100g VELLANKI FOODS,61.1764705882353,1.878672873255449,3.0709075812829454
KARIVEPAKU KARAM 250g AHA,120.0,0.0,0.0
KARPURAVALLI BANANA,78.40491712707183,4.665244499819268,5.950193777079374
KASOORI METHI PAPAD 200G EVR,75.0,0.0,0.0
KASURIMETHI 50G,35.27272727272727,3.9634695544548957,11.236640489433983
KEERA JUICE,40.0,0.0,0.0
KESARI MANGO KG LOOSE,235.12702702702705,29.21833627368259,12.426617494008479
KHUS KHUS 50G,122.37704918032787,2.517696926599317,2.0573276962164546
KIMIA DATES PLASTIC BOX 400G ORIGINAL,251.76923076923077,26.766215430305756,10.6312496362351
KIMJO KIMIA DATES 400g ELEPHANT,211.30256410256408,51.1167677051355,24.19126711606015
KINELY WATER 500ml,10.0,0.0,0.0
KINLEY SODA 750ML,20.0,0.0,0.0
KINLEY WATER 1Lt,20.0,0.0,0.0
KIRAN MELON,33.03901098901099,7.401565767594946,22.4025040279104
KISMIS GREEN 250g,185.0,0.0,0.0
KNOOL COOL,45.71037037037037,9.481184801603932,20.74186825611387
KOBBARI KARAM 250g AHA,120.0,0.0,0.0
KOBBARI VUNDALU 250g VELLANKI FOODS,132.11111111111111,4.103833353069157,3.106349888782373
KODO MILLET ARIKALU 500G,75.0,0.0,0.0
KOTHIMEERA CORIANDER KARAM 100g VELLANKI FOODS,60.285714285714285,1.0690449676496978,1.7732973397032903
KOVA KAJJIKAYALU 250g VELLANKI FOODS,182.12765957446808,4.1368808943170015,2.2714182480478864
KP MALABAR  PAROTA 5PC ID FRESH,104.93333333333334,0.347149565047718,0.330828683336453
KURA KARAM 100g VELLANKI FOODS,60.0,0.0,0.0
KURNOOL MURMURA 500g,80.6896551724138,2.695001164203856,3.3399587077740094
Kashmir Comb Honey 500g BT,1170.0,0.0,0.0
L G HING 50g,95.32727272727273,8.30005476433193,8.706904673626859
LAB LAB,85.07715846994536,16.583852354453413,19.492720082220284
LADIES FINGER,54.19573770491803,10.427730800375938,19.240868824689265
LAKSHMAN FRUIT ANAND,429.0,0.0,0.0
LAL MICHI WITHOUT STEM 200G EVR,114.12790697674419,4.614036159953942,4.042864083097697
LAL MIRCHI WITH STEM 200G EVR,102.94805194805195,12.664596429973914,12.301929167503358
LANGADA MANGO KG LOOSE,214.0,0.0,0.0
LASSI 200ml MILKY MIST UHT ROSE,35.0,0.0,0.0
LASSI BLUBERRY 180ml MILKYMIST,33.4,2.3804761428476184,7.127174080382091
LEAF ONION,74.3593956043956,17.019074452296117,22.887591156389213
LEMON,164.72650273224045,38.17313231264966,23.17364339040167
LEMON JUICE,20.0,0.0,0.0
LEMON PICKLE  250g AHA,75.0,0.0,0.0
LEMON PICKLE 500g  AHA,150.0,0.0,0.0
LETTUCE RED ENG ITEM SAMBERRY,290.2,40.81339649347178,14.063885766186
LETTUCE ROCKET ARUGULA KG ENGLISH ITEM SAMBERRY,316.0,,
LIME PICKLE 250g VELLANKI FOODS,101.11111111111111,3.3333333333333326,3.296703296703296
LITTLE MILLET SAMELU 500g,98.5,4.616902584383194,4.687210745566695
LOBIA,46.72910112359551,11.056302100458776,23.66042109651448
LONG CHILLIES,76.20972375690607,25.341365556271803,33.2521419931999
LOTUS ECLAIRS  250G,50.0,0.0,0.0
LOTUS KAJOOS 13.5 G,4.922222222222222,0.30992514381902303,6.296447617090763
LOTUS TANGO 20G,5.81391304347826,1.682073231381805,28.93186084488597
LOW GI RICE 1Kg AISHWARYA,120.0,0.0,0.0
LOW GI RICE 5KG AISHWARYA,600.0,0.0,0.0
LYCHEE LOCAL ANAND,462.3793333333333,18.245849640148563,3.946078106175859
Lotus Stem SAMBERRY,284.0,0.0,0.0
MAAZA 600ML,42.0,0.0,0.0
MAGAYA PICKLE 250GMS VELLANKI FOODS,141.66666666666666,3.8924947208076164,2.747643332334788
MAIDA 1 KG,65.0,0.0,0.0
MAIDA 500g,40.0,0.0,0.0
MALGUDI COFFEE 200g 60 DEGREES CONTINENTAL,160.99714285714285,11.228537622631773,6.9743707393585
MALGUDI COFFEE 200g 80 DEGREES CONTINENTAL,200.0,0.0,0.0
MALGUDI COFFEE 500g 80 DEGREE CONTINENTAL,399.5,48.993196806631566,12.263628737579866
MALGUDI FILTER COFFEE 500g 60 DEGREE CONTINENTAL,360.0,0.0,0.0
MALLIKA MANGO Kg LOOSE,146.29580645161292,17.057319908289458,11.659472900838846
MANGO AVAKAYA 250g  AHA,86.25,17.84189825476351,20.68625884610262
MANGO AVAKAYA pPICKLE 500g AHA,175.0,0.0,0.0
MANGO BELLAM AVAKAI 250g AHA,90.0,0.0,0.0
MANGO GINGER,136.62800000000001,28.585731469325097,20.922308362359907
MANGO JELLY ROLLS 250g VELLANKI FOODS,152.0212765957447,4.0374023465117315,2.655813999804778
MANGO JUICE,70.0,0.0,0.0
MANGO MAGAYA  250g AHA,100.0,0.0,0.0
MANGO MAGAYA 500g AHA,200.0,0.0,0.0
MANGO PICKLE 250G VELLANKI FOODS,119.8936170212766,0.7293249574894731,0.6083100798936155
MARATHI MOGGA 50gms EVR,42.0,0.0,0.0
MAREDUKAYA KG LOOSE,129.0,0.0,0.0
MASALA KARAM 250g AHA,140.0,,
MASALA PALLI 250GMS VELLANKI FOODS,150.83333333333334,2.0181758367062925,1.3380171293080392
MASOOR DAL 500g,73.69565217391305,2.2198054491067505,3.0121253881684518
MASTI BUTTER MILK 1Lt AMUL,70.0,0.0,0.0
MASTI BUTTER MILK 200ml AMUL tetra,15.0,0.0,0.0
MEDJOUL DATES LARGE FLYBERRY loose kgs,1979.9117857142858,92.48476865471895,4.671156024325273
MENTI BIG,113.62267759562842,18.06645348960853,15.900394069135745
METHI 100G,32.27272727272727,2.508726030021272,7.77351727612225
MILK BREAD 350g SPENCERS GOLDEN CRUST NANDA,55.0,,
MILK CHOCOLATE SMOOTH N CREAMY 150g AMUL,198.94736842105263,4.588314677411235,2.3062957373231074
MILK SHAKE CHOCOLATE 220ML MILKY MIST,39.88979591836735,0.48322153377598787,1.2113913411963269
MILK SHAKE STRAWBERRY 180ML HERITAGE,20.0,0.0,0.0
MILK SHAKE STRAWBERRY 180ML MILKY MIST,39.88732394366197,0.46442885891160884,1.1643520121018442
MILK SHAKE STRAWBERRY 180ml EPIGAMIA,39.95,0.3135591295610645,0.784878922555856
MILK SHAKE VANILA 180ml EPIGAMIA,40.0,0.0,0.0
MILK SHAKE VANILLA 180ML MILKY MIST,40.0,0.0,0.0
MILKSHAKE CHOCOLATE 180ml EPIGAMIA,39.967785234899324,0.2809896738450464,0.7030403916394398
MILLET DOSA BATTER 1Kg DSL,120.0,0.0,0.0
MILLET IDLY RAWA 500GMS SRI AHARYA,89.0,0.0,0.0
MILLET MOONG MIX 250g VELLANKI,154.16666666666666,6.781634466537986,4.398898032348964
MILLETS UPMA RAWA 500GMS SRI AHARYA,89.0,0.0,0.0
MINI MEDJOUL FLYBERRY loose kgs,1248.235294117647,7.276068751089991,0.5829084296349192
MINUTE MAID PULPY 250 ML,25.0,0.0,0.0
MISHTI DAHI 80g  EPIGAMIA,35.0,0.0,0.0
MIXED SPROUTS ANAND,30.0,0.0,0.0
MIXTURE 250g VELLANKI FOODS,145.88518518518518,2.284716204934949,1.5661057029435532
MODERN  CRUST PIZZA BASE 150g,35.0,0.0,0.0
MODERN 100% WHOLE WHEAT BREAD 400G,55.0,0.0,0.0
MODERN BANANA PUDDING  CAKE 140g,60.0,0.0,0.0
MODERN BURGER BUN,45.0,0.0,0.0
MODERN CHOCO CHEER CAKE 120g,35.0,0.0,0.0
MODERN FRUIT & NUT CAKE 140g,60.0,0.0,0.0
MODERN HI FIBER  BROWN BREAD 400g,55.0,0.0,0.0
MODERN MILK PLUS BREAD 450g,55.0,0.0,0.0
MODERN SANDWICH SUPREME BREAD 400g,55.0,0.0,0.0
MODERN WOW PAV 200g,30.0,0.0,0.0
MODREN FRUITY BREAD 200G,30.0,0.0,0.0
MOONG DAL 500G,80.0,0.0,0.0
MOONG DAL1kg,160.0,0.0,0.0
MOONG GREEN 500g,88.18855421686746,11.82688732244788,13.410909644083722
MOONGDAL RICE RAWA 500G AISHWARYA,70.0,,
MOUSAMBI,82.82203296703297,10.19084903879474,12.304514479680996
MOUSAMBI JUICE,90.0,0.0,0.0
MOZZARELLA CHEESE 200g MILKY MIST,168.0,2.886751345948129,1.7183043725881721
MUKHWAS TINIMINI KG FLYBERRY,310.0,0.0,0.0
MULAGAKU KARAM 100g VELLANKI FOODS,68.36363636363636,0.8090398349558903,1.1834359287918608
MULBERY BOX PACK ANAND,84.0,0.0,0.0
MULTIGRAIN HEALTH MIX 500GMS SRI AHARYA,159.0,0.0,0.0
MUNAGAKU KARAM 250g AHA,120.0,0.0,0.0
MURUKULU 250g VELLANKI FOODS,150.89175675675676,12.038333993048429,7.978125678829945
MUSK MELON - H,45.93626373626373,17.02770152170807,37.06810292510968
MUSK MELON - LOCAL,65.33045454545454,4.208197756163364,6.441402842583092
MUSK MELON JUICE,50.0,0.0,0.0
MUSTARD BIG 200g,42.083333333333336,4.104140790860576,9.752413760460774
MUSTARD OIL 1Lt. MESMARA,599.0,0.0,0.0
MUSTARD SMALL 200g,47.43636363636364,6.471486280610873,13.642458621448755
MYSORE PAK 250g HARD VELLANKI FOODS,147.22222222222223,4.190790380624746,2.846574598160205
Mango Juices,80.0,0.0,0.0
Mango Milk Shake,60.0,,
Moosambi Economy,49.0,,
NAGPUR ORANGE,142.528,30.844291710316686,21.64086474960477
NAGPUR ORANGE JUICE,88.94736842105263,4.588314677411235,5.158460288213814
NALLA KARAM 100g VELLANKI FOODS,62.0,0.0,0.0
NALLA KARAM 250g AHA,120.0,0.0,0.0
NANDA CREAM BUN VANILLA 60g,15.0,0.0,0.0
NANDA CRM BUN CHOCOLATE 60g,15.0,0.0,0.0
NANDA CRM BUN PINEAPPLE 60g,15.0,0.0,0.0
NANDA MUFFIN FRUIT 240g,73.67673913043478,2.948332903220491,4.001714704013791
NANDA MUFFIN VANILLA 240g,73.6,3.0784611540383415,4.182691785378181
NANDA OSMANIA COOKIES 300g,70.80928571428572,2.7847166378730117,3.9326998002907363
NANDAS Mr BREADRY ZERO MAIDA 450g,60.0,0.0,0.0
NARINJAAKAYA KG LOOSE,114.0,0.0,0.0
NATU DONDAKAI,54.05841530054645,11.909032364996486,22.029932432880813
NATURAL BROWN SUGAR 1Kg JIVIKA ORGANICS,155.0,0.0,0.0
NATURAL COW GHEE 500ml JIVIKA ORGANICS,499.0,0.0,0.0
NATURAL CURD 450g SIDS FARM,50.090494505494505,0.5393235762129688,1.0766984465561815
NATURAL ROCK SALT 1Kg JIVIKA ORGANICS,114.0625,6.099375455928332,5.347397659991962
NATURAL THICK CURD  POUCH 400 GMS ID FRESH,48.32727272727273,3.1094512166436816,6.434154135267212
NATURAL THICK CURD CUP 400g ID FRESH,78.33333333333333,3.8924947208076137,4.969142196775678
NAVARATAN MIXTURE 250g VELLANKI FOODS,156.4,3.4873508801977655,2.2297639898962696
NEELAM MANGO Kg LOOSE,144.61105263157896,46.94862312313211,32.46544594536743
NETHI BHERAKAI,58.45363095238095,3.1349321064562323,5.363109280602422
NUTMEG 50G,80.0,0.0,0.0
NUTRI+ WITH IMMUNITY BOOSTERS - 30 EGGS TRAY ABHI EGGS,395.0,0.0,0.0
NUTRI+ WITH IMMUNITY BOOSTERS - 6 EGGS PACK ABHI EGGS,84.0,0.0,0.0
NUVULA KARAM FLYBERRY,550.0,,
NUVVULA CHIKKI 250g VELLANKI FOODS,156.23595505617976,2.169114146322246,1.3883578498574605
NUVVUNDALU 250g VELLANKI FOODS,157.25352112676057,4.2078780192095975,2.6758561519380333
OKRA CHIPS VACUUM FRIED 20g FLYBERRY,49.0,0.0,0.0
OLIVE OIL 1LTR MESMARA,999.0,0.0,0.0
OMANI SEEDLESS 250g FLYBERRY,148.8709677419355,0.7184212081071,0.4825797930946934
ONION,33.289781420765024,3.4431222982566028,10.342880461536767
ONION WHITE,45.54860465116279,3.5638412806003577,7.824260057787254
ORANGE DRAGES KG LOOSE FLYBERRY,2599.0,,
ORANGE JUICE,120.0,,
ORGANIC CURD. 1KG TUB AKSHAYAKALPA,155.0,0.0,0.0
ORGANIC GREEK YOGHURT NATURAL 100g AKSHAYAKALPA,60.0,0.0,0.0
ORGANIC MALAI PANEER 200g AKSHAYAKALPA,139.85593220338984,0.9084167096884866,0.6495374885974757
ORGANIC- CHEESE SLICES AKSHAYAKALPA,120.0,0.0,0.0
ORGANIC-PROBIOTIC CURD AKSHAYAKALPA,55.0,0.0,0.0
OUTSIDE YELLOW MELON Kg,39.9,0.0,0.0
PALAK GREEN,89.54104395604395,31.5482025038603,35.233230605785025
PALLI GROUND NUT KARAM 100g VELLANKI FOODS,64.8695652173913,1.6869646713465964,2.6005487560973006
PALLI PEANUT CHIKKI 250g VELLANKI FOODS,150.8843537414966,2.0017697882046432,1.3266914286117337
PALLI PEANUT VUNDALU 250g VELLANKI FOODS,150.95238095238096,1.9791540342389347,1.311111505331786
PANASA POTTU,80.28169014084507,67.23034669777196,83.74306343055807
PANDU MIRAPAKAI PICKLE 500g AHA,175.0,0.0,0.0
PANDUMIRAPAKAYA 250g PICKLE AHA,90.0,0.0,0.0
PANEER 200G HERITAGE,116.47807909604519,6.917754474609592,5.939104188785057
PANEER 200G ID FRESH,133.1818181818182,7.4973971888857065,5.629444988241827
PANEER 200g SINGLE BLOCK MILKY MIST,127.94406779661017,0.6075792478128929,0.4748787953019815
PANEER 500G HERITAGE,273.87605504587157,18.72670428799591,6.837656649048553
PANEER 500g MILKY MIST,319.1304347826087,2.8810406552003056,0.9027784069428751
PAPPAYA,59.740109289617486,11.899670324599079,19.91906353386464
PAPPAYA JUICE,50.0,0.0,0.0
PARSLEY PACK,50.0,,
PARVAL,78.16464968152866,28.759282058562004,36.79320789607301
PASTEURISED BUTTER 100g AMUL,61.39622641509434,0.926939186485646,1.5097657309077823
PASUPU KOMMULU,183.64474074074076,24.33729169217263,13.252376078948345
PEANUT OIL 1LT COLD PRESSED JIVIKA ORGANICS,490.0,0.0,0.0
PERI PERI CASHEW FLYBERRY,1775.0,0.0,0.0
PERSIMMON FRUIT,746.5,70.81162132224988,9.485816654018738
PGB SOYA CHUNKS 200G MEDIUM,70.0,0.0,0.0
PGB SOYA CHUNKS SMALL 200G,70.0,0.0,0.0
PHOOL MAKHANA 250g,0.0,,
PINE APPLE,93.65905027932962,17.62586922528634,18.8191842354997
PINE APPLE JUICE,100.0,0.0,0.0
PINK LADY APPLE,367.50757763975156,32.763798176806326,8.915135406792336
PISTA FLAVOURED MILK 200ML HERITAGE,30.0,0.0,0.0
PISTA GREEN SHELLED KG FLYBERRY,3097.3214285714284,14.044225138478065,0.453431310322728
PLAIN BUTTER MILK 200ML UHT AKSHAYA KALPA,29.680851063829788,3.0942637387763803,10.425117972938342
PLAIN CUP PAPAD 200G EVR,52.0,0.0,0.0
PLUMS LOCAL BOX ANAND,70.9090909090909,6.494753127087909,9.15926723050859
POHA MEDIUM 500g,54.36184210526316,1.6593433853256052,3.0524046299103476
POKCHOY LEAF SAMBERRY,229.28571428571428,29.918460617389467,13.048549801976714
POMEGRANATE CANE,100.0,0.0,0.0
POMEGRANATE JUICE,180.0,0.0,0.0
POMEGRANATE SEEDS,99.0,0.0,0.0
PONAGANTI KURA,70.63070921985816,4.5311272084470176,6.415236741206429
POOJA GINGELLY OIL 1LTR,270.0,0.0,0.0
POOJA OIL 500ML,139.0,0.0,0.0
POOJA PATRI PACK,33.0,0.0,0.0
POPU SEEDS LOOSE,100.0,,
POTATO,49.11601092896175,3.8361262712677564,7.810337604200153
POTATO CHIPS 200G EVR,68.0,0.0,0.0
PREMIUM FREEZE DIRED COFFEE 50gm JAR CONTINENTAL,300.0,0.0,0.0
PREMIUM MILK BREAD 400g SPENCERS AKSHAYA  FOODS,55.0,0.0,0.0
PREMIUM SANDWICH BREAD 400g SPENCERS AKSHAYA FOODS ENGLISH RECIPE,55.0,0.0,0.0
PRM BROWN BREAD 400g MR BREADY NANDAS,55.0,0.0,0.0
PRM CHITTIMUTYALU RICE 1KG GAJANAN,170.0,0.0,0.0
PRM HMT RAW RICE 26KG BAG GAJANAN,1808.5454545454545,10.702591020190113,0.5917789344631107
PRM HMT RICE 26KG BAG GAJANAN,1642.0,26.832815729997478,1.6341544293542922
PROSO MILLET VARIGALU 500g,150.0,0.0,0.0
PUDHINA,63.56256830601093,7.834409622734321,12.325508285028569
PULIHORA PASTE 250G VELLANKI FOODS,115.88235294117646,1.9647631199834406,1.6954808649603297
PUMPKIN,37.52895604395604,7.722035736818967,20.576207149952374
PUMPKIN SEEDS KG FLYBERRY,1096.9850537634409,13.379563311231514,1.2196668737946859
PURE O FRESH EGGS 30 pack,249.64022346368714,4.813481997322468,1.9281676368242158
PURE O FRESH EGGS 6 PACK,53.97362637362638,0.35579967199732704,0.6592102400797449
PUTNALU KOBBARIKARAM 250g AHA,120.0,0.0,0.0
Pomogranate Pack of 4,229.69230769230768,35.75462434976996,15.566313347187192
QUINOA SEEDS KGS FLYBERRY,465.0,,
RAGI FLOUR 500G,48.05102040816327,8.22289041536395,17.112832038769742
RAGULU 500g,45.0,0.0,0.0
RAISIN N ALMOND 150G CHOCOLATE AMUL,250.0,0.0,0.0
RASAM PODI 100g VELLANKI FOODS,60.4,1.264911064067352,2.0942236160055496
RAW BANANA(GREEN PLANTIN),60.39715846994536,1.8933770086085073,3.1348776276464783
RAW HONEY 500g BT ROYAL BEE PON,380.0,0.0,0.0
RAW HONEY 950G BT ROYAL BEE PON,720.0,0.0,0.0
RAW MANGO,63.12169398907104,21.209779308692152,33.601410178193944
RAW PEANUT 1KG,169.80180180180182,4.432870442541752,2.610614490249015
RAW PEANUT500g,90.17553191489361,0.9625786984760669,1.0674499812039202
RED BANTHI POOLU KGS LOOSE,179.0,0.0,0.0
RED BULL CAN 250ml,125.0,0.0,0.0
RED CHERRY FLYBERRY,589.4242622950819,4.496655223243304,0.7628894008764362
RED CHILLI PAPAD 200G EVR,68.0,0.0,0.0
RED CHILLI PICKLE 250G VELLANKI FOODS,120.83333333333333,1.9174124721184247,1.5868241148566276
RED LOBIYA 500g,94.75,5.057363253408158,5.337586547132621
RED RAJMA 500g,100.0,0.0,0.0
RED RICE 1KG,107.3,4.347413023856833,4.051643079083722
RED SEEDLESS GRAPES,436.0,,
REDCHILLY,56.0,,
RIBBON PAKODI 250g VELLANKI FOODS,141.96850393700788,3.991930367816101,2.8118422446624782
RICE FLOUR 500G,47.94871794871795,3.983398783384089,8.307623131121897
RICE RAVA IDLY BATTER 1KG ID FRESH,93.13725490196079,13.302660798266094,14.2828568570857
RICE RAWA 500g,40.0,0.0,0.0
RIDGE GOURD,57.335464480874315,9.765372422330264,17.03199321876559
ROASTED CHANA 200G,50.0,0.0,0.0
ROASTED SALTED ALMOND  KGS FLYBERRY,1650.0,,
ROASTED SALTED PISTA KG FLYBERRY,1899.6560273972605,2.9258781871270103,0.1540214725681569
ROMAIN LETTUCE KG ENGISH ITEM SAMBERRY,254.0,24.70139125957746,9.724957188810023
ROSE FLOWER POOLU KG LOOSE,436.0,0.0,0.0
ROSE LONG BRINJAL,62.16060109289617,12.500117193709908,20.10938918532827
ROUND CHEKKALU 250g VELLANKI FOODS,160.0,,
RUBUSTA BANANA,46.84483516483517,3.187826763712487,6.805076274674311
RUMANI MANGO KG LOOSE,89.39076923076922,2.5387216649935636,2.8400266457486856
Raw Forest Honey 1000g BT,693.0,0.0,0.0
Raw Forest Honey 500g BT,369.0,0.0,0.0
Raw Jamun Honey 1000g BT,756.0,0.0,0.0
Raw Jamun Honey 500g BT,396.0,0.0,0.0
Raw Neem Honey 1000g BT,756.0,0.0,0.0
Raw Neem Honey 500g BT,396.0,0.0,0.0
Raw Pappaya,48.70214285714286,1.1481300647150747,2.3574528703652002
Red Banana,123.74572368421052,3.1130942427436255,2.515718644700806
Royalaga Pack of 4,148.05042016806723,12.12285189044047,8.188326569204312
SABJA SEEDS KG FLYBERRY,530.0,0.0,0.0
SABUDANA 250g,42.121212121212125,4.562439130098151,10.83169002109633
SAFFLOWER OIL 1Lt. COLD PRESSED MESMARA,540.0,0.0,0.0
SAMBAR ONION CHENNAI,96.0,0.0,0.0
SAMBAR PODI 100g VELLANKI FOODS,60.53333333333333,1.407463101097994,2.3251042419019727
SAMBAR  ONION,39.22586666666667,3.134895433355961,7.991908655570715
SANNAPOOSA 250g VELLANKI FOODS,141.9387755102041,3.9736667388127285,2.79956391375735
SAUNF 100gm EVR,45.0,0.0,0.0
SESAME OIL 1Lt COLD PRESSED JIVIKA ORGANICS,525.0,0.0,0.0
SET CURD 1kg BUCKET MILKY MIST,120.0,0.0,0.0
SET CURD 200g MILKY MIST,33.0,0.0,0.0
SET CURD 400g MILKY MIST,65.0,0.0,0.0
SHAH JEERA 50g,84.0506329113924,4.940410898973667,5.87789850932108
SHRIKAND ELAICHI 100g MILKY MIST,45.0,0.0,0.0
SHRIKAND MANGO 100g MILKY MIST,45.0,0.0,0.0
SID FARMS MALAI PANEER 200g,121.44273885350317,5.512863583156536,4.539475669934226
SIMLA APPLE,210.63451612903225,33.49122301327217,15.900159018931085
SINGLE POLISH RICE 1Kg,80.0,0.0,0.0
SINGLE POLISH RICE 5Kg,395.0,0.0,0.0
SKYR YOGHURT 100g MILKYMIST,60.0,0.0,0.0
SMALL AMLA,118.72,17.249092729764087,14.529222312806677
SMALL CAPSICUM,88.33684684684684,20.028100077004616,22.672419032261974
SNAKE GOURD,70.84314285714285,20.42927367343984,28.83733393172016
SOAN PATTI 250g VELLANKI FOODS,176.95652173913044,5.165253323626362,2.9189392246537182
SONA MASURI TELANGANA STEAM RICE 26KG GAJANAN,1550.0,22.360679774997898,1.4426245016127677
SOYA CHUNKS MEDIUM 200G EVR,56.91011235955056,2.44317439483871,4.293040891226954
SOYA CHUNKS SMALL 200G EVR,41.99125,0.07826237921249313,0.1863778268389084
SOYAKURA,69.36206896551724,1.557012477815115,2.2447607186993954
SPECIAL  LONG LIFE MILK 500ML HERITAGE,34.130434782608695,0.3378319623460894,0.9898261317146569
SPECIAL LONG LIFE COW MILK 180ML HERITAGE,12.4858125,0.886767482712479,7.102200859675564
SPECIALE COFFEE 200g JAR CONTINENTAL,749.0,,
SPICE ALMOND DRAGEE KG LOOSE FLYBERRY,2199.0,,
SPICE BUTTER MILK 200ml UHT AKSHAYA KALPA,30.0,0.0,0.0
SPICED TARO CHIPS 30g FLYBERRY GOURMET,99.0,,
SPICY ALOO CHIPS 100g VELLANKI FOODS,63.771929824561404,7.773377630261021,12.189340438098437
SPRITE 600ML,40.0,0.0,0.0
SPRITE PET  250ML,20.0,0.0,0.0
SPROUTED RAGI FLOUR 500GMS SRI AHARYA,69.0,0.0,0.0
SRI DIVYA DEEPARDHANA OIL 910 ML,190.0,,
SRI LALITHA BROWN RICE 5KG SONAMASOORI,415.0,0.0,0.0
SRI LALITHA HMT RICE 10KG,890.0,0.0,0.0
SRI LALITHA HMT RICE 26KG,1670.0,,
SRI LALITHA IDLY RAVA 1KG,60.0,0.0,0.0
STAR FRUIT,89.0,0.0,0.0
STAR PAPAD 200G EVR,48.0,0.0,0.0
STRAWBERRY FLAVOURED MILK 180ML HERITAGE,28.978070175438596,1.0008632355475722,3.45386435151879
STRAWBERRY LOCAL ANAND BOX,74.0,,
SUGAR 1 KG,52.962406015037594,2.6123425428484,4.9324468795973475
SUGAR 2 KG,99.0,0.0,0.0
SUGAR CANE PACK,28.0,0.0,0.0
SUGAR FREE DARK CHOCOLATE 150g AMUL,200.0,0.0,0.0
SUN MELON YELLOW,36.0,,
SUNFLOWER OIL 1LT COLD PRESSED MESMARA,542.5714285714286,4.219265078446465,0.7776423262012969
SUNFLOWER OIL 1Lt COLD PRESSED JIVIKA ORGANICS,460.0,0.0,0.0
SUNFLOWER OIL COLDPRESSED 5L MESMARA,2690.0,,
SUNFLOWER SEEDS KG FLYBERRY,950.0,0.0,0.0
SWEET ALMOND OIL100ML MESMARA,449.0,0.0,0.0
SWEET CORN,14.774699453551912,2.8053288758153134,18.98738370032223
SWEET CORN SEED,50.0,0.0,0.0
SWEET POTATO,58.00601092896175,11.785976484457596,20.31854336422398
Small Bitter Gourd,66.33224489795919,13.91528155977665,20.978155618256146
Snake Gourd Small,40.25,2.5,6.211180124223603
TABLE BUTTER 100g HERITAGE,60.25974025974026,0.6767297019800705,1.1230212726824447
TABLE BUTTER 500G HERITAGE,261.875,105.89541673610942,40.43739063908713
TABLE BUTTER CHIPLITE MILKY MIST,77.83411764705882,0.8649651472067248,1.1112930593354133
TABLE BUTTER SALTED 100g MILKY MIST,74.61111111111111,1.6499158227686095,2.2113540439192083
TABLE BUTTER SALTED 200G MILKY MIST,145.5,6.331738236133035,4.351710127926485
TAMARIND 500g,115.96774193548387,1.991520894516189,1.717305917385309
TAMARIND PICKLE 250g AHA,90.0,0.0,0.0
TAMARIND PICKLE 500g AHA,175.0,,
TAMARIND PICKLE250G VELLANKI FOODS,110.0,0.0,0.0
TAMARIND SEEDLESS 500g SRI SIVA RUDRA EVR,157.636,7.508387478789697,4.763117231336558
TAPESWARAM KAJA 250g VELLANKI FOODS,142.0,4.025236843413022,2.834673833389452
TATA IODISED CRYSTAL SALT 1KG,22.0,0.0,0.0
TATA SALT 1KG,29.98469387755102,0.1515228816828316,0.5053340957943677
TEENDA,95.3157894736842,8.505244340202676,8.923227082487623
TELANGANA CHEKKALU 250g  VELLANKI FOODS,131.4875,5.746190972446359,4.370142388018905
THADKA MIX POPU DINUSULU 200G,48.0,,
THAI RED CHILLI KG ENGLISH ITEM SAMBERRY,930.0,0.0,0.0
THAMALAPAKULU,1.0,0.0,0.0
THIS CREAMY CARAMEL 18G CONTINENTAL,10.0,0.0,0.0
THIS CREAMY COFFEE MOCHA 22g CONTINENETAL,36.666666666666664,5.773502691896258,15.745916432444343
THIS IS CAPPUCCINO 22g CONTINENTAL,30.0,,
THIS IS CARAMEL CREAMY COFFEE22g CONTINENTAL,30.0,0.0,0.0
THOTAPURI MANGO,81.54019230769231,50.04120259083481,61.36998353156207
THREE MANGO MIRCHI  PWD 500G,374.4,23.1862027939031,6.192896045380102
THREE MANGO MIRCHI PWD 200G,145.0,,
THREE MANGO RAI PWD 200G,42.0,0.0,0.0
THREE MANGO RAI PWD 500G,68.66666666666667,59.46707772653145,86.60254037844385
THUMMIKURA,99.0,,
THUMS UP  600ml PET BOTTLE,40.0,0.0,0.0
THUMS UP 1.25L,68.0,,
THUMS UP 1Lt PET BOTTLE,50.0,0.0,0.0
THUMS UP 250ML,20.0,0.0,0.0
TIL 100G,39.30555555555556,4.986287927170353,12.685962217535879
TNS DATES 200g,90.0,0.0,0.0
TOFU PANEER 200g SAI RATNA FOODS,43.88833333333333,10.749177487913514,24.492106834573
TOMATO (APPLE) hybrid,58.73517857142857,16.28836118667442,27.73186629009043
TOMATO LOCAL,41.222131147540985,14.910076220656379,36.17007613529415
TOMATO PICKLE  250g AHA,90.0,0.0,0.0
TOMATO PICKLE  500g AHA,175.0,0.0,0.0
TOMATO PICKLE 250G VELLANKI FOODS,119.0,2.1081851067789192,1.7715841233436298
TONED MILK 500ml HERITAGE,31.302039800995026,0.5703826070349267,1.8221898977228808
TOOR  DAL FATKA POLISHED 1kg,160.8804347826087,2.0155570293487144,1.2528291784344419
TOOR DAL PRM UNPOLISHED FATKA 1KG,164.89361702127658,17.351191019271102,10.522657779428927
TOP MILLET ANDU KORRALU 500G,150.0,0.0,0.0
TOTAL CURD 120GMS HERITAGE,10.0,0.0,0.0
TRIANGLE PAPAD 200G EVR,48.0,0.0,0.0
TURNIPS KG ENGLISH ITEM SAMBERRY,0.0,,
TUTTI FRUITY KG FLYBERRY,330.0,0.0,0.0
Thotakura,63.87945355191257,7.1271449616343165,11.157178975932124
Tulsi Infused Honey 250g BT,288.0,0.0,0.0
Tulsi Infused Honey 500g BT,540.0,0.0,0.0
UHT BUTTER MILK 180ML MILKY MIST,20.0,0.0,0.0
ULAVACHARU 250g HASSTA,102.87919463087249,0.8455987138328928,0.8219336444719225
URAD BLACK SPLIT 500g,85.0,0.0,0.0
URAD BLACK WHOLE 500G,85.0,0.0,0.0
URAD DAL UNPOLISHED 500g,90.0,0.0,0.0
URAD ROUND UN POLISHED 1kg,163.20192307692307,14.96310710299917,9.168462491674505
USA FUJI APPLE,419.00348066298346,36.200708257895144,8.639715402987884
VAAKKAI,95.93319444444444,18.500295378410026,19.284560975527267
VAMPOOSA 250g VELLANKI FOODS,141.89788732394365,3.9399475877613352,2.776607645162955
VANILLA FLAVOURED MIILK 180ML HERITAGE,30.0,0.0,0.0
VARI NUKA AISHWARYA 500G,30.0,,
VELLANIKI BITTER GOURD PAKODA 150G,102.0,0.0,0.0
VELLANKI  PESARA MURKULU 250G,152.5,4.3801879539156765,2.8722543960102795
VELLANKI AVISELA  CHIKKI 250G,148.1578947368421,4.710691208760755,3.1795073877958915
VELLANKI HEALTHY LADDU 250G,177.12765957446808,4.1368808943170015,2.3355363607555444
VELLANKI JONNA MURKULU 250G,154.66666666666666,6.88074362030452,4.448756651058957
VELLANKI JOWARI FLAKES 250G,154.30522388059703,6.792443073273677,4.401952767671521
VELLANKI KAKARAKAYA CHIPS 150G,96.0,0.0,0.0
VELLANKI MILLET BOONDI ACTHU 250g,152.1875,4.200134406451553,2.7598419097833613
VELLANKI MILLET MIXTURE 250g,139.92605633802816,6.94074336876579,4.960293708270174
VELLANKI MILLET MURKULU 250g,129.19354838709677,6.726114289249517,5.206230785686268
VELLANKI MULTI SEEDS CHIKI 250g,238.94736842105263,4.953553834402861,2.0730731906091266
VELLANKI VAM MURKULU 250g,152.79333333333335,4.574648885912293,2.994010789680369
VELLANLI RAGI RIBBON PAKODI 150G,90.0,0.0,0.0
VENNA VUNDALU 250GMS VELLANKI FOODS,146.34259259259258,2.226274861220336,1.5212760835925108
VINAYAKA VIGRAHAM 12 INCH,118.0,0.0,0.0
VINAYAKA VIGRAHAM 8 INCH,89.0,0.0,0.0
VIRGIN COCONUT OIL 200ml AKSHAYA KALPA,289.0,0.0,0.0
VITAMIN D3  WITH IMMUNITY BOOSTERS - 6 EGGS PACK  ABHI EGGS,94.0,0.0,0.0
VITAMIN D3 IMMUNITY BOOSTER 30PC PACK ABHI EGGS,450.0,0.0,0.0
Vakai Box,50.0,0.0,0.0
WALNUT PREMIUM KGS FLYBERRY,2399.9998765432097,0.0011111111111429075,4.6296298679118e-05
WALNUT REGULAR  KGS FLYBERRY,1797.01,25.89415957315471,1.4409580120953533
WASHINGTON APPLE,342.6552258064516,15.094068772998396,4.405030957130145
WATER APPLE BOX,93.0,0.0,0.0
WATER MELON PLATE,30.0,,
WATERMELON JUICE,50.0,0.0,0.0
WHEAT CHAPATI 390G 10PC ID FRESH,78.99130434782609,0.09325048082403128,0.11805157744125493
WHEAT GRASS,39.0,,
WHEAT PAROTA 5PC 400G ID FRESH,109.87974683544304,0.689737918795591,0.6277207025499877
WHEAT RAWA MEDIUM 500g,45.0,0.0,0.0
WHEELS PAPAD 200g EVR,48.0,0.0,0.0
WHITE JOWAR 500g,48.4375,8.838834764831843,18.247916933846383
WHITE JOWAR RAWA 500g,50.0,0.0,0.0
WHITE JOWAR SORGHUM RAWA 500GMS SRI AHARYA,69.0,0.0,0.0
WHITE LOBIYA 500g,88.04347826086956,2.4671758189758473,2.802224386984913
WHITE PAV 200g SPENCERS AKSHAYA FOODS,30.0,0.0,0.0
WHITE RADISH,61.390109289617484,14.953472895496281,24.358114146614277
WHITE RAJMA 500g,100.0,22.9128784747792,22.9128784747792
WHITE ROUND BRINJAL,66.18340659340659,15.840352360873833,23.934023913558875
WHITE SEEDLESS GRAPES,192.21333333333334,123.34318573874205,64.16994263599926
WHOLE MEAL BROWN BREAD 400g SPENCERS AKSHAYA FOODS,55.0,0.0,0.0
WHOLE WHEAT BREAD 400g  SPENCERS AKSHAYA FOODS,55.0,0.0,0.0
WHOLE WHEAT BREAD 400g MR BREADY NANDAS,55.0,0.0,0.0
WOOD APPLE,99.0,0.0,0.0
WORKOUT TRAIL MIX KG FLYBERRY,1600.0,0.0,0.0
XTRA 200g JAR CONTINENTAL,550.0,57.735026918962575,10.497277621629559
XTRA 50gm POUCH  CONTINENTAL,174.04285714285714,31.562799775532103,18.135073334049473
XTRA SACHET 2.3G CONTINENTAL,2.0,0.0,0.0
YELLOW BANTHI POOLU KGS LOOSE,144.0,60.6217782649107,42.09845712841021
YELLOW CAULIFLOWER PC,45.0,,
YELLOW DRAGON KG LOOSE,264.0,0.0,0.0
YELLOW JOWAR 500g,60.0,0.0,0.0
YELLOW JOWAR SORGHUM RAWA 500G SRI AHARYA,95.0,0.0,0.0
YELLOW MELON,39.0,0.0,0.0
YOGHURT  MANGO MILKYMIST,30.0,0.0,0.0
YOGHURT PEACH 100GM MILKYMIST,35.357142857142854,11.593773519246628,32.79047055948542
YOGHURT STRAWBERRY MILKYMIST,29.571428571428573,3.585685828003181,12.125507630928631
YOGURT MANGO 90g AKSHAYA KALPA,60.0,0.0,0.0
ZUCCHIINI GREEN ENGLISH ITEM SAMBERRY,214.17845360824742,38.02434040465083,17.75357873962473
ZUCCHINI YELLOW ENGLISH ITEM SAMBERRY,243.2155670103093,41.55235196835714,17.08457747139016
chinna menthi,88.53488372093024,2.1120521569993187,2.385559305252711
chintakayalu,87.3754054054054,25.006708721482735,28.619848578048163
chukkakura,88.11357142857143,5.153749790025189,5.848985243099623
gangavyalukura,69.0,0.0,0.0
koyakura,59.0,0.0,0.0
mulagaku,129.0,,
pink Dragon Fruit,187.46694915254236,58.744271886726686,31.335801938573347
red thotakura,73.28571428571429,5.34522483824849,7.293679116518407
simla mirchi bajji,93.66227272727274,5.753400594280602,6.142708720119832
